index,Year_of_Release,NA_Sales,EU_Sales,JP_Sales,Other_Sales,Critic_Score,Critic_Count,User_Count,Global_Sales
15914,2006.0,0.0,0.01,0.0,0.0,57.0,19.0,44.0,0.02
10532,2004.0,0.08,0.02,0.0,0.0,63.0,11.0,5.0,0.1
10824,2006.0,0.09,0.0,0.0,0.01,66.0,13.0,6.0,0.1
366,2001.0,1.9,1.13,0.1,0.41,72.0,27.0,48.0,3.53
12247,2009.0,0.0,0.05,0.0,0.01,89.0,15.0,115.0,0.07
9215,1996.0,0.08,0.05,0.0,0.01,83.0,9.0,5.0,0.14
8549,2007.0,0.15,0.0,0.0,0.01,77.0,19.0,12.0,0.16
3284,2014.0,0.21,0.29,0.01,0.1,75.0,23.0,259.0,0.61
3396,2004.0,0.44,0.13,0.0,0.02,90.0,31.0,19.0,0.59
585,2009.0,0.59,1.79,0.01,0.23,90.0,63.0,133.0,2.62
10422,2002.0,0.05,0.04,0.0,0.01,24.0,12.0,27.0,0.1
10992,2009.0,0.08,0.0,0.0,0.01,45.0,10.0,31.0,0.09
4710,2007.0,0.01,0.39,0.0,0.02,96.0,44.0,3606.0,0.41
4655,2003.0,0.15,0.12,0.11,0.04,82.0,33.0,65.0,0.41
6255,2004.0,0.21,0.06,0.0,0.01,66.0,9.0,12.0,0.27
2173,2011.0,0.24,0.52,0.01,0.18,79.0,53.0,114.0,0.95
1735,2003.0,0.76,0.36,0.0,0.05,65.0,23.0,28.0,1.17
10659,2004.0,0.07,0.02,0.0,0.0,69.0,25.0,5.0,0.1
3657,2010.0,0.01,0.45,0.0,0.09,86.0,22.0,1611.0,0.55
2856,2010.0,0.22,0.36,0.02,0.12,81.0,58.0,86.0,0.72
12634,2003.0,0.04,0.01,0.0,0.0,69.0,20.0,10.0,0.06
2753,2009.0,0.41,0.21,0.01,0.1,67.0,53.0,50.0,0.74
8086,2003.0,0.09,0.07,0.0,0.02,59.0,13.0,15.0,0.18
7440,2002.0,0.13,0.04,0.03,0.01,88.0,36.0,102.0,0.21
14533,2005.0,0.01,0.01,0.0,0.0,66.0,16.0,10.0,0.03
10371,2004.0,0.08,0.02,0.0,0.0,37.0,29.0,13.0,0.11
15073,2006.0,0.01,0.01,0.0,0.0,30.0,4.0,5.0,0.02
3437,2010.0,0.36,0.17,0.0,0.05,33.0,6.0,9.0,0.58
3600,2003.0,0.27,0.21,0.0,0.07,91.0,20.0,25.0,0.56
6596,2007.0,0.03,0.15,0.0,0.07,74.0,14.0,9.0,0.25
5827,2007.0,0.28,0.0,0.01,0.02,83.0,38.0,45.0,0.3
7956,2013.0,0.11,0.06,0.0,0.02,86.0,45.0,1543.0,0.19
1693,2008.0,0.09,0.84,0.11,0.15,83.0,19.0,43.0,1.19
2100,2008.0,0.02,0.88,0.0,0.08,91.0,48.0,3450.0,0.98
2214,2014.0,0.56,0.28,0.0,0.09,85.0,28.0,703.0,0.93
8997,2005.0,0.11,0.03,0.0,0.01,59.0,36.0,4.0,0.14
8097,2002.0,0.14,0.04,0.0,0.0,60.0,20.0,16.0,0.18
947,2005.0,1.53,0.05,0.0,0.25,87.0,25.0,36.0,1.84
10693,2008.0,0.09,0.0,0.0,0.01,62.0,19.0,8.0,0.1
2534,2005.0,0.19,0.41,0.0,0.22,66.0,43.0,52.0,0.81
1133,2004.0,1.32,0.09,0.0,0.22,88.0,29.0,35.0,1.62
2002,2005.0,0.86,0.03,0.0,0.14,79.0,30.0,17.0,1.03
2721,2006.0,0.28,0.38,0.0,0.08,81.0,75.0,69.0,0.75
11630,2016.0,0.03,0.04,0.0,0.01,74.0,13.0,24.0,0.08
8641,2006.0,0.14,0.0,0.0,0.01,77.0,53.0,31.0,0.16
7792,2003.0,0.09,0.07,0.0,0.02,66.0,17.0,30.0,0.19
3610,2001.0,0.27,0.21,0.0,0.07,59.0,14.0,17.0,0.56
4688,2007.0,0.27,0.08,0.0,0.07,55.0,31.0,14.0,0.41
6533,2005.0,0.19,0.06,0.0,0.01,88.0,65.0,58.0,0.26
2563,2009.0,0.32,0.39,0.0,0.09,87.0,65.0,110.0,0.8
4372,2010.0,0.42,0.0,0.0,0.03,78.0,13.0,4.0,0.45
10528,2016.0,0.02,0.08,0.0,0.01,77.0,10.0,30.0,0.1
3232,2003.0,0.47,0.13,0.0,0.02,89.0,18.0,14.0,0.62
12253,2008.0,0.06,0.0,0.0,0.0,54.0,37.0,15.0,0.07
6546,2010.0,0.17,0.06,0.0,0.02,53.0,10.0,10.0,0.26
3867,2008.0,0.32,0.03,0.15,0.03,77.0,14.0,30.0,0.52
7394,2003.0,0.16,0.05,0.0,0.01,65.0,5.0,16.0,0.21
1031,2010.0,0.2,0.14,1.35,0.03,78.0,41.0,31.0,1.73
15649,2003.0,0.01,0.0,0.0,0.0,77.0,24.0,12.0,0.02
15160,2010.0,0.0,0.02,0.0,0.0,70.0,17.0,39.0,0.02
11024,2014.0,0.02,0.06,0.0,0.01,70.0,22.0,239.0,0.09
8027,2003.0,0.09,0.07,0.0,0.02,86.0,35.0,26.0,0.18
9500,2015.0,0.0,0.06,0.06,0.01,86.0,20.0,225.0,0.13
12176,2006.0,0.0,0.0,0.07,0.0,73.0,48.0,165.0,0.07
1240,2002.0,1.26,0.05,0.0,0.21,73.0,19.0,26.0,1.51
10656,2009.0,0.09,0.0,0.0,0.01,32.0,4.0,4.0,0.1
3726,2009.0,0.29,0.16,0.04,0.05,71.0,56.0,64.0,0.54
2317,2004.0,0.81,0.05,0.0,0.04,85.0,28.0,14.0,0.9
5728,2011.0,0.08,0.15,0.06,0.03,49.0,30.0,13.0,0.31
127,2012.0,2.64,2.52,0.16,1.12,85.0,41.0,1307.0,6.45
12163,2007.0,0.06,0.0,0.0,0.0,82.0,20.0,20.0,0.07
13110,2000.0,0.0,0.0,0.05,0.0,83.0,12.0,12.0,0.05
1060,2013.0,0.72,0.65,0.04,0.28,94.0,27.0,1863.0,1.69
7183,2004.0,0.16,0.06,0.0,0.0,77.0,21.0,22.0,0.22
3207,2008.0,0.38,0.19,0.0,0.06,80.0,76.0,178.0,0.63
1775,2014.0,0.39,0.57,0.0,0.19,62.0,44.0,164.0,1.15
2419,2002.0,0.42,0.33,0.0,0.11,74.0,14.0,11.0,0.86
7791,2013.0,0.11,0.07,0.0,0.02,23.0,39.0,211.0,0.19
5517,2003.0,0.24,0.09,0.0,0.01,55.0,4.0,6.0,0.33
2668,2004.0,0.21,0.14,0.38,0.04,46.0,28.0,34.0,0.77
14904,2016.0,0.02,0.0,0.0,0.0,57.0,11.0,9.0,0.03
6778,2014.0,0.14,0.03,0.04,0.04,57.0,40.0,72.0,0.24
12227,2004.0,0.03,0.03,0.0,0.01,57.0,25.0,5.0,0.07
7026,2004.0,0.17,0.05,0.0,0.01,66.0,33.0,22.0,0.23
12258,2011.0,0.01,0.05,0.0,0.01,61.0,18.0,95.0,0.07
8666,2006.0,0.08,0.03,0.03,0.02,67.0,22.0,23.0,0.16
5393,2006.0,0.27,0.02,0.02,0.03,56.0,51.0,58.0,0.34
10100,2002.0,0.08,0.02,0.0,0.0,81.0,19.0,13.0,0.11
3143,2003.0,0.31,0.24,0.0,0.08,58.0,24.0,13.0,0.64
3397,2002.0,0.46,0.12,0.0,0.02,62.0,11.0,22.0,0.59
16631,2003.0,0.01,0.0,0.0,0.0,81.0,9.0,4.0,0.01
3094,2003.0,0.41,0.11,0.12,0.02,89.0,50.0,161.0,0.65
5331,1999.0,0.19,0.13,0.0,0.02,86.0,12.0,37.0,0.35
586,2010.0,1.56,0.8,0.04,0.21,74.0,71.0,288.0,2.61
6977,2002.0,0.11,0.09,0.0,0.03,47.0,12.0,6.0,0.23
7191,2012.0,0.04,0.13,0.01,0.04,47.0,13.0,37.0,0.22
8946,2008.0,0.13,0.0,0.0,0.01,68.0,18.0,4.0,0.15
16193,2002.0,0.0,0.01,0.0,0.0,93.0,20.0,805.0,0.01
14919,2006.0,0.0,0.02,0.0,0.0,80.0,48.0,326.0,0.03
11897,2005.0,0.06,0.01,0.0,0.0,44.0,16.0,4.0,0.07
14,2010.0,15.0,4.89,0.24,1.69,61.0,45.0,106.0,21.81
6353,2011.0,0.11,0.09,0.04,0.03,77.0,56.0,124.0,0.27
580,2010.0,1.47,0.93,0.0,0.24,80.0,65.0,127.0,2.63
1569,2013.0,0.43,0.36,0.32,0.16,85.0,50.0,332.0,1.27
6514,2001.0,0.2,0.05,0.0,0.01,70.0,17.0,16.0,0.26
10255,2016.0,0.05,0.05,0.0,0.01,77.0,6.0,43.0,0.11
13762,2006.0,0.0,0.03,0.0,0.01,77.0,41.0,349.0,0.04
3741,2010.0,0.18,0.2,0.07,0.08,58.0,49.0,15.0,0.54
8362,2000.0,0.09,0.06,0.0,0.01,35.0,4.0,6.0,0.17
10409,2003.0,0.08,0.03,0.0,0.0,62.0,9.0,11.0,0.11
5832,2009.0,0.21,0.05,0.0,0.04,66.0,18.0,4.0,0.3
11863,2009.0,0.01,0.05,0.0,0.01,72.0,43.0,125.0,0.07
1664,2010.0,0.42,0.46,0.15,0.18,76.0,34.0,130.0,1.21
8154,2005.0,0.05,0.04,0.08,0.01,59.0,16.0,14.0,0.18
5119,2006.0,0.27,0.07,0.01,0.03,80.0,54.0,84.0,0.37
12362,2002.0,0.05,0.01,0.0,0.0,67.0,12.0,11.0,0.06
13599,2006.0,0.04,0.0,0.0,0.0,43.0,5.0,4.0,0.04
6813,2010.0,0.22,0.01,0.0,0.02,56.0,6.0,12.0,0.24
5822,2005.0,0.25,0.03,0.0,0.02,73.0,22.0,19.0,0.3
11614,2007.0,0.06,0.01,0.0,0.01,74.0,10.0,6.0,0.08
7619,2009.0,0.16,0.03,0.0,0.02,65.0,7.0,9.0,0.2
1274,2015.0,0.88,0.47,0.0,0.14,85.0,16.0,694.0,1.49
4183,2010.0,0.37,0.01,0.07,0.02,48.0,26.0,13.0,0.47
534,2003.0,1.68,0.74,0.0,0.36,87.0,47.0,241.0,2.78
11335,2014.0,0.03,0.05,0.0,0.01,47.0,4.0,7.0,0.08
9208,2015.0,0.09,0.04,0.0,0.01,75.0,25.0,55.0,0.14
11000,2002.0,0.07,0.02,0.0,0.0,85.0,8.0,7.0,0.09
2282,2012.0,0.35,0.41,0.02,0.14,81.0,38.0,110.0,0.91
2880,2007.0,0.6,0.04,0.0,0.07,75.0,10.0,8.0,0.71
10540,2003.0,0.08,0.02,0.0,0.0,80.0,26.0,13.0,0.1
6639,2016.0,0.06,0.14,0.02,0.04,59.0,48.0,73.0,0.25
2813,2014.0,0.38,0.29,0.0,0.06,75.0,6.0,26.0,0.73
9057,2001.0,0.07,0.05,0.0,0.02,44.0,14.0,6.0,0.14
1124,2004.0,0.54,0.88,0.0,0.22,83.0,51.0,120.0,1.64
10169,2002.0,0.08,0.03,0.0,0.0,50.0,13.0,4.0,0.11
3985,2004.0,0.24,0.19,0.0,0.06,65.0,8.0,8.0,0.5
11740,2008.0,0.07,0.0,0.0,0.01,75.0,15.0,4.0,0.08
590,2004.0,2.03,0.21,0.0,0.35,84.0,21.0,44.0,2.59
8398,2009.0,0.11,0.03,0.0,0.02,53.0,34.0,22.0,0.17
7809,2010.0,0.05,0.09,0.02,0.03,43.0,34.0,21.0,0.19
3887,2002.0,0.25,0.2,0.0,0.07,53.0,17.0,8.0,0.51
5646,2007.0,0.2,0.04,0.05,0.03,75.0,55.0,145.0,0.32
2609,2011.0,0.27,0.34,0.04,0.13,53.0,17.0,34.0,0.79
7590,2010.0,0.1,0.08,0.0,0.02,57.0,33.0,4.0,0.2
3679,2013.0,0.35,0.12,0.0,0.08,75.0,69.0,343.0,0.54
9827,2009.0,0.08,0.0,0.03,0.01,70.0,11.0,15.0,0.12
1005,2004.0,1.24,0.45,0.0,0.07,80.0,55.0,57.0,1.75
3071,2008.0,0.33,0.22,0.01,0.1,76.0,33.0,42.0,0.66
13576,2008.0,0.04,0.0,0.0,0.0,37.0,4.0,5.0,0.04
4226,2007.0,0.25,0.12,0.0,0.09,85.0,41.0,47.0,0.46
8675,2003.0,0.08,0.06,0.0,0.02,66.0,22.0,6.0,0.16
6083,2001.0,0.2,0.08,0.0,0.01,72.0,10.0,6.0,0.29
679,2001.0,1.08,0.7,0.34,0.21,84.0,21.0,189.0,2.34
16530,2016.0,0.01,0.0,0.0,0.0,61.0,9.0,14.0,0.01
8920,2014.0,0.02,0.02,0.11,0.01,90.0,4.0,71.0,0.15
3965,2012.0,0.25,0.13,0.04,0.07,71.0,60.0,169.0,0.5
8552,2007.0,0.14,0.0,0.0,0.01,52.0,11.0,21.0,0.16
3752,2010.0,0.3,0.15,0.03,0.05,85.0,62.0,85.0,0.53
2748,2009.0,0.41,0.23,0.0,0.11,76.0,45.0,9.0,0.74
2699,2004.0,0.54,0.2,0.0,0.01,39.0,6.0,5.0,0.76
3155,2007.0,0.25,0.31,0.0,0.07,75.0,38.0,31.0,0.64
2931,2004.0,0.37,0.14,0.17,0.01,73.0,8.0,39.0,0.7
6943,2004.0,0.11,0.09,0.0,0.03,76.0,26.0,4.0,0.23
7521,2000.0,0.0,0.0,0.2,0.0,89.0,21.0,33.0,0.2
7825,2004.0,0.14,0.04,0.0,0.01,72.0,75.0,49.0,0.19
12058,2008.0,0.0,0.0,0.07,0.0,49.0,6.0,13.0,0.07
1251,2007.0,0.56,0.77,0.0,0.17,69.0,17.0,18.0,1.51
8075,2008.0,0.17,0.0,0.0,0.01,34.0,4.0,4.0,0.18
5215,2015.0,0.17,0.13,0.0,0.06,73.0,10.0,20.0,0.36
6915,2012.0,0.1,0.1,0.0,0.03,53.0,14.0,81.0,0.24
503,2006.0,0.86,1.04,0.73,0.26,83.0,61.0,179.0,2.89
3618,2007.0,0.29,0.17,0.04,0.05,83.0,64.0,259.0,0.55
3608,2007.0,0.48,0.03,0.0,0.05,58.0,31.0,32.0,0.56
14084,2003.0,0.03,0.01,0.0,0.0,55.0,22.0,5.0,0.04
2034,2013.0,0.43,0.42,0.0,0.17,83.0,31.0,33.0,1.02
1457,2005.0,0.24,0.03,1.03,0.04,71.0,34.0,78.0,1.34
491,2009.0,1.76,0.68,0.12,0.37,85.0,98.0,1172.0,2.93
6606,2012.0,0.15,0.08,0.0,0.02,52.0,35.0,126.0,0.25
2485,2003.0,0.62,0.18,0.01,0.03,77.0,45.0,49.0,0.83
8064,2010.0,0.13,0.04,0.0,0.01,69.0,6.0,4.0,0.18
10725,2015.0,0.0,0.08,0.0,0.01,71.0,28.0,94.0,0.1
790,2015.0,0.71,0.94,0.14,0.32,73.0,46.0,845.0,2.1
12198,2014.0,0.01,0.05,0.0,0.0,53.0,17.0,44.0,0.07
9332,2006.0,0.07,0.05,0.0,0.02,58.0,6.0,17.0,0.13
2353,2008.0,0.41,0.37,0.01,0.09,68.0,43.0,40.0,0.88
4767,2009.0,0.26,0.03,0.1,0.02,77.0,10.0,46.0,0.4
6470,2013.0,0.1,0.01,0.14,0.01,80.0,41.0,89.0,0.26
8957,2009.0,0.11,0.02,0.0,0.01,69.0,31.0,15.0,0.15
13823,2002.0,0.02,0.02,0.0,0.01,31.0,5.0,8.0,0.04
665,2004.0,2.28,0.02,0.08,0.0,96.0,81.0,8665.0,2.37
5530,2006.0,0.25,0.07,0.0,0.01,63.0,11.0,11.0,0.33
1406,2001.0,0.67,0.53,0.0,0.18,81.0,21.0,18.0,1.38
11927,2009.0,0.05,0.0,0.02,0.0,70.0,5.0,5.0,0.07
4038,2006.0,0.37,0.11,0.0,0.02,76.0,41.0,46.0,0.49
2293,2004.0,0.44,0.35,0.0,0.12,78.0,36.0,9.0,0.9
1714,2012.0,0.9,0.19,0.0,0.09,77.0,23.0,36.0,1.18
13227,2007.0,0.05,0.0,0.0,0.0,43.0,16.0,5.0,0.05
737,2007.0,2.01,0.02,0.0,0.17,92.0,55.0,220.0,2.2
13267,2016.0,0.04,0.0,0.0,0.01,66.0,8.0,18.0,0.05
11549,2001.0,0.04,0.03,0.0,0.01,39.0,4.0,4.0,0.08
8763,2007.0,0.12,0.01,0.0,0.02,81.0,31.0,16.0,0.15
2307,2013.0,0.63,0.13,0.0,0.15,74.0,13.0,118.0,0.9
8092,2015.0,0.04,0.02,0.09,0.02,71.0,4.0,34.0,0.18
1978,2014.0,0.46,0.41,0.01,0.17,70.0,57.0,279.0,1.05
2724,2010.0,0.47,0.19,0.0,0.1,86.0,46.0,22.0,0.75
13561,2008.0,0.04,0.0,0.0,0.0,69.0,23.0,21.0,0.04
487,2003.0,2.22,0.51,0.06,0.15,87.0,42.0,93.0,2.94
4861,2005.0,0.26,0.11,0.0,0.02,77.0,53.0,20.0,0.39
11547,2011.0,0.05,0.03,0.0,0.01,49.0,41.0,16.0,0.08
8225,2009.0,0.16,0.0,0.0,0.01,61.0,19.0,6.0,0.17
346,2002.0,2.53,0.81,0.06,0.24,82.0,42.0,82.0,3.65
2722,2009.0,0.28,0.39,0.0,0.08,58.0,22.0,8.0,0.75
11014,2006.0,0.07,0.0,0.02,0.01,68.0,11.0,17.0,0.09
903,1996.0,0.26,0.16,1.46,0.03,92.0,15.0,48.0,1.92
4988,2015.0,0.26,0.05,0.0,0.07,78.0,51.0,87.0,0.38
9776,2008.0,0.11,0.0,0.0,0.01,49.0,26.0,11.0,0.12
8755,2002.0,0.11,0.03,0.0,0.01,53.0,19.0,5.0,0.15
1014,2007.0,1.0,0.53,0.03,0.18,83.0,75.0,340.0,1.75
3,2009.0,15.61,10.93,3.28,2.95,80.0,73.0,192.0,32.77
12200,2009.0,0.01,0.04,0.0,0.01,86.0,30.0,597.0,0.07
8439,2007.0,0.11,0.01,0.03,0.01,57.0,23.0,10.0,0.17
97,2010.0,3.56,2.35,0.98,0.62,97.0,87.0,1854.0,7.51
1602,2005.0,0.85,0.03,0.22,0.14,81.0,51.0,155.0,1.24
7513,2006.0,0.06,0.0,0.14,0.01,33.0,31.0,47.0,0.2
3758,2010.0,0.15,0.07,0.27,0.05,87.0,49.0,102.0,0.53
6098,2014.0,0.0,0.27,0.0,0.02,82.0,9.0,383.0,0.28
2966,2004.0,0.34,0.26,0.0,0.09,78.0,44.0,54.0,0.68
7430,2004.0,0.17,0.04,0.0,0.01,64.0,27.0,20.0,0.21
11965,2008.0,0.07,0.0,0.0,0.01,78.0,15.0,18.0,0.07
10983,2005.0,0.04,0.03,0.0,0.01,71.0,13.0,10.0,0.09
12292,2005.0,0.05,0.01,0.0,0.0,63.0,17.0,4.0,0.06
4511,2003.0,0.21,0.16,0.0,0.06,68.0,27.0,16.0,0.43
9742,2003.0,0.09,0.03,0.0,0.0,74.0,20.0,11.0,0.12
13,2007.0,8.92,8.03,3.6,2.15,80.0,63.0,146.0,22.7
7327,2004.0,0.1,0.08,0.0,0.03,76.0,44.0,14.0,0.21
2695,2004.0,0.37,0.29,0.0,0.1,65.0,47.0,30.0,0.76
2181,2010.0,0.29,0.33,0.2,0.13,68.0,56.0,62.0,0.95
1054,2006.0,1.41,0.05,0.0,0.23,87.0,18.0,23.0,1.7
16122,2016.0,0.0,0.01,0.0,0.0,90.0,6.0,52.0,0.01
9161,2002.0,0.07,0.05,0.0,0.02,67.0,23.0,16.0,0.14
14440,2002.0,0.02,0.01,0.0,0.0,72.0,7.0,4.0,0.03
5597,2005.0,0.28,0.01,0.0,0.03,75.0,43.0,21.0,0.32
5281,2009.0,0.32,0.01,0.0,0.03,79.0,8.0,16.0,0.35
5509,2006.0,0.25,0.07,0.0,0.01,74.0,5.0,12.0,0.33
1205,2001.0,0.57,0.87,0.02,0.09,74.0,15.0,35.0,1.55
12056,2013.0,0.0,0.01,0.06,0.0,55.0,32.0,45.0,0.07
493,2013.0,1.88,0.77,0.0,0.27,78.0,7.0,700.0,2.92
2388,2008.0,0.73,0.03,0.0,0.12,68.0,20.0,105.0,0.87
7089,2005.0,0.19,0.02,0.0,0.02,79.0,23.0,44.0,0.23
2894,2005.0,0.53,0.15,0.0,0.03,77.0,41.0,16.0,0.71
7707,2001.0,0.1,0.07,0.0,0.02,57.0,11.0,4.0,0.2
7373,2006.0,0.2,0.0,0.0,0.02,70.0,9.0,10.0,0.21
5350,1999.0,0.0,0.0,0.34,0.0,98.0,24.0,200.0,0.34
289,2016.0,1.1,2.15,0.21,0.61,88.0,31.0,809.0,4.08
6409,2008.0,0.24,0.0,0.0,0.02,59.0,4.0,6.0,0.27
241,2006.0,3.63,0.24,0.01,0.61,84.0,29.0,39.0,4.49
1468,2010.0,0.66,0.5,0.05,0.13,83.0,100.0,1156.0,1.33
8892,2002.0,0.11,0.04,0.0,0.0,83.0,17.0,10.0,0.15
4548,2002.0,0.33,0.09,0.0,0.01,88.0,15.0,7.0,0.42
11590,2008.0,0.0,0.06,0.0,0.01,80.0,20.0,272.0,0.08
7667,2009.0,0.12,0.05,0.0,0.03,65.0,52.0,27.0,0.2
2171,2012.0,0.41,0.32,0.09,0.12,79.0,18.0,156.0,0.95
10706,2001.0,0.08,0.02,0.0,0.0,39.0,11.0,11.0,0.1
1757,2007.0,0.53,0.48,0.01,0.12,78.0,32.0,66.0,1.15
6528,2009.0,0.24,0.0,0.0,0.02,77.0,29.0,26.0,0.26
10343,2009.0,0.07,0.03,0.0,0.01,82.0,11.0,7.0,0.11
14012,2015.0,0.0,0.0,0.04,0.0,72.0,14.0,25.0,0.04
11645,2007.0,0.07,0.0,0.0,0.01,51.0,20.0,9.0,0.08
1657,2002.0,1.03,0.14,0.0,0.04,86.0,41.0,184.0,1.21
2905,2009.0,0.23,0.14,0.3,0.04,78.0,51.0,79.0,0.7
7699,2005.0,0.1,0.07,0.0,0.03,47.0,14.0,76.0,0.2
3896,2006.0,0.47,0.0,0.0,0.04,64.0,9.0,4.0,0.51
13034,2003.0,0.04,0.01,0.0,0.0,71.0,8.0,5.0,0.05
3422,2009.0,0.17,0.18,0.2,0.04,82.0,53.0,39.0,0.59
1342,2004.0,0.0,0.0,1.39,0.03,84.0,14.0,44.0,1.43
12423,2007.0,0.06,0.0,0.0,0.0,55.0,14.0,4.0,0.06
8442,2004.0,0.12,0.04,0.0,0.01,62.0,49.0,13.0,0.17
1220,2011.0,0.42,0.65,0.33,0.14,64.0,28.0,13.0,1.53
9641,2003.0,0.09,0.03,0.0,0.0,79.0,41.0,15.0,0.13
8180,2006.0,0.14,0.02,0.0,0.02,67.0,43.0,25.0,0.18
14053,2005.0,0.02,0.01,0.0,0.0,45.0,25.0,8.0,0.04
2992,2007.0,0.63,0.0,0.0,0.05,69.0,7.0,5.0,0.68
2059,2009.0,0.93,0.0,0.0,0.07,67.0,12.0,6.0,1.0
1386,2014.0,0.5,0.78,0.01,0.11,86.0,85.0,977.0,1.4
13620,2006.0,0.0,0.04,0.0,0.01,86.0,9.0,115.0,0.04
8574,2006.0,0.12,0.0,0.03,0.01,75.0,33.0,49.0,0.16
4697,2010.0,0.19,0.15,0.0,0.06,76.0,41.0,24.0,0.41
5174,2016.0,0.17,0.1,0.07,0.03,69.0,82.0,662.0,0.36
10798,2007.0,0.08,0.0,0.0,0.01,62.0,25.0,32.0,0.1
6376,2006.0,0.21,0.05,0.0,0.01,66.0,15.0,8.0,0.27
445,2010.0,1.52,1.03,0.1,0.46,82.0,57.0,492.0,3.11
10077,2002.0,0.09,0.02,0.0,0.0,52.0,17.0,8.0,0.11
853,2008.0,1.05,0.66,0.0,0.29,88.0,67.0,545.0,2.0
10181,2007.0,0.09,0.01,0.0,0.01,55.0,23.0,7.0,0.11
4875,2011.0,0.14,0.0,0.25,0.01,69.0,9.0,8.0,0.39
4866,2012.0,0.2,0.16,0.0,0.03,61.0,4.0,10.0,0.39
14916,2005.0,0.01,0.01,0.0,0.0,62.0,26.0,9.0,0.03
1817,2015.0,0.53,0.33,0.17,0.08,73.0,73.0,179.0,1.12
9950,2012.0,0.05,0.05,0.0,0.02,54.0,39.0,30.0,0.12
7512,2012.0,0.1,0.03,0.06,0.02,71.0,35.0,106.0,0.2
6172,2006.0,0.14,0.11,0.0,0.04,71.0,26.0,22.0,0.28
7208,2004.0,0.17,0.04,0.0,0.01,86.0,39.0,19.0,0.22
12499,2007.0,0.0,0.02,0.03,0.0,72.0,15.0,14.0,0.06
4863,2007.0,0.19,0.15,0.01,0.05,66.0,4.0,10.0,0.39
14651,2007.0,0.03,0.0,0.0,0.0,75.0,18.0,8.0,0.03
2947,2010.0,0.38,0.25,0.0,0.06,40.0,30.0,9.0,0.69
11134,2005.0,0.07,0.02,0.0,0.0,77.0,25.0,11.0,0.09
3108,2011.0,0.3,0.13,0.18,0.04,80.0,61.0,179.0,0.65
2355,2007.0,0.38,0.36,0.0,0.15,71.0,30.0,49.0,0.88
3694,2003.0,0.14,0.11,0.25,0.04,75.0,39.0,22.0,0.54
8790,2007.0,0.13,0.01,0.0,0.01,77.0,9.0,9.0,0.15
2118,2009.0,0.62,0.26,0.0,0.09,82.0,88.0,268.0,0.97
2207,2006.0,0.78,0.03,0.0,0.13,83.0,30.0,31.0,0.94
2705,2010.0,0.52,0.18,0.0,0.06,71.0,10.0,31.0,0.76
14295,2005.0,0.01,0.0,0.02,0.0,71.0,49.0,37.0,0.03
2137,2015.0,0.36,0.41,0.05,0.15,76.0,46.0,894.0,0.96
1273,2010.0,0.5,0.69,0.04,0.26,75.0,61.0,297.0,1.49
8434,2010.0,0.08,0.07,0.0,0.02,40.0,11.0,5.0,0.17
13978,2007.0,0.01,0.02,0.0,0.0,74.0,36.0,5.0,0.04
11788,2008.0,0.06,0.01,0.0,0.01,50.0,23.0,12.0,0.07
3596,2002.0,0.4,0.15,0.0,0.01,47.0,5.0,4.0,0.56
6814,2009.0,0.08,0.11,0.0,0.04,67.0,44.0,36.0,0.24
909,2001.0,1.03,0.75,0.03,0.09,90.0,45.0,80.0,1.9
10141,2011.0,0.08,0.02,0.0,0.01,75.0,11.0,6.0,0.11
6875,2011.0,0.07,0.13,0.0,0.03,63.0,35.0,12.0,0.24
4013,2011.0,0.26,0.15,0.05,0.04,55.0,57.0,31.0,0.49
4392,2014.0,0.19,0.18,0.0,0.07,78.0,46.0,32.0,0.44
8274,2003.0,0.13,0.04,0.0,0.01,69.0,22.0,7.0,0.17
13140,2008.0,0.01,0.04,0.0,0.01,78.0,12.0,11.0,0.05
7081,2005.0,0.2,0.01,0.0,0.02,73.0,27.0,13.0,0.23
2182,2011.0,0.36,0.43,0.0,0.16,73.0,42.0,34.0,0.95
2972,2003.0,0.62,0.04,0.0,0.02,89.0,22.0,24.0,0.68
3828,2009.0,0.08,0.29,0.0,0.16,68.0,23.0,14.0,0.52
15203,2009.0,0.0,0.0,0.02,0.0,78.0,9.0,12.0,0.02
4314,2011.0,0.4,0.03,0.0,0.03,69.0,27.0,24.0,0.45
4246,2002.0,0.22,0.18,0.0,0.06,80.0,37.0,29.0,0.46
7285,2002.0,0.11,0.08,0.0,0.03,69.0,24.0,12.0,0.22
7306,2004.0,0.11,0.08,0.0,0.03,63.0,17.0,7.0,0.21
12344,2006.0,0.04,0.0,0.02,0.0,76.0,44.0,4.0,0.06
2326,2012.0,0.17,0.62,0.0,0.1,77.0,47.0,58.0,0.89
4917,2013.0,0.2,0.12,0.0,0.06,79.0,7.0,45.0,0.39
3499,2012.0,0.24,0.23,0.0,0.1,89.0,20.0,296.0,0.57
3303,2009.0,0.22,0.22,0.08,0.09,70.0,45.0,51.0,0.61
11951,2007.0,0.07,0.0,0.0,0.01,46.0,22.0,21.0,0.07
4575,2001.0,0.23,0.16,0.0,0.03,69.0,8.0,10.0,0.42
1721,2012.0,0.48,0.24,0.36,0.1,52.0,36.0,222.0,1.17
10190,2008.0,0.1,0.0,0.0,0.01,70.0,7.0,6.0,0.11
3942,2008.0,0.45,0.01,0.0,0.04,88.0,41.0,61.0,0.5
6436,2010.0,0.25,0.0,0.0,0.02,87.0,4.0,9.0,0.26
14140,2007.0,0.0,0.03,0.0,0.01,89.0,44.0,301.0,0.04
993,2009.0,1.07,0.44,0.01,0.24,84.0,58.0,47.0,1.76
9752,2010.0,0.1,0.01,0.0,0.01,46.0,21.0,8.0,0.12
5896,2007.0,0.15,0.06,0.06,0.02,60.0,42.0,22.0,0.3
5120,2016.0,0.03,0.28,0.0,0.05,85.0,50.0,1290.0,0.37
159,2009.0,2.54,1.93,0.21,0.86,91.0,70.0,1202.0,5.55
1078,2010.0,0.98,0.52,0.0,0.17,90.0,70.0,2280.0,1.68
6057,2015.0,0.11,0.08,0.06,0.04,80.0,43.0,173.0,0.29
842,2005.0,1.82,0.04,0.01,0.16,89.0,65.0,307.0,2.03
644,2008.0,1.56,0.6,0.02,0.23,82.0,66.0,176.0,2.42
3797,2001.0,0.26,0.2,0.0,0.07,69.0,24.0,22.0,0.53
3865,2008.0,0.18,0.08,0.22,0.04,58.0,18.0,22.0,0.52
238,2004.0,4.18,0.26,0.01,0.08,91.0,30.0,78.0,4.53
4025,2013.0,0.24,0.14,0.07,0.03,59.0,34.0,144.0,0.49
4438,2012.0,0.0,0.28,0.05,0.11,57.0,9.0,89.0,0.44
6893,2003.0,0.12,0.09,0.0,0.03,46.0,21.0,14.0,0.24
12348,2004.0,0.03,0.02,0.0,0.01,70.0,15.0,12.0,0.06
2420,2001.0,0.48,0.33,0.0,0.06,53.0,4.0,4.0,0.86
6942,2006.0,0.22,0.0,0.0,0.02,62.0,18.0,6.0,0.23
3967,2012.0,0.22,0.07,0.18,0.02,78.0,60.0,113.0,0.5
1990,2003.0,0.44,0.12,0.45,0.03,74.0,22.0,39.0,1.04
5459,2006.0,0.14,0.12,0.0,0.08,65.0,46.0,28.0,0.33
13690,2013.0,0.02,0.01,0.0,0.01,13.0,4.0,218.0,0.04
2378,2001.0,0.49,0.33,0.0,0.06,48.0,4.0,16.0,0.87
15905,2010.0,0.0,0.01,0.0,0.0,57.0,22.0,67.0,0.02
81,2012.0,1.06,5.01,0.13,1.97,88.0,37.0,348.0,8.16
1615,2016.0,1.08,0.02,0.0,0.13,83.0,30.0,39.0,1.23
11420,2016.0,0.07,0.0,0.0,0.02,77.0,22.0,55.0,0.08
4034,2005.0,0.12,0.1,0.24,0.03,77.0,38.0,53.0,0.49
3343,2001.0,0.29,0.23,0.0,0.08,63.0,10.0,8.0,0.6
7529,2011.0,0.09,0.09,0.0,0.03,74.0,34.0,596.0,0.2
8241,2011.0,0.08,0.08,0.0,0.02,72.0,37.0,399.0,0.17
8602,2012.0,0.0,0.13,0.0,0.02,73.0,12.0,48.0,0.16
9749,2011.0,0.11,0.0,0.0,0.01,66.0,5.0,8.0,0.12
6869,2006.0,0.15,0.0,0.07,0.01,53.0,29.0,15.0,0.24
8231,2002.0,0.08,0.07,0.0,0.02,73.0,15.0,10.0,0.17
1694,2015.0,0.85,0.23,0.0,0.12,89.0,11.0,393.0,1.19
3901,2010.0,0.25,0.21,0.0,0.05,69.0,18.0,13.0,0.51
5749,2013.0,0.18,0.1,0.0,0.03,65.0,5.0,7.0,0.31
3641,2011.0,0.15,0.11,0.25,0.05,76.0,55.0,77.0,0.55
14270,2008.0,0.0,0.03,0.0,0.01,77.0,12.0,97.0,0.03
8984,2002.0,0.11,0.03,0.0,0.0,80.0,10.0,4.0,0.15
6082,2013.0,0.17,0.09,0.0,0.03,86.0,5.0,207.0,0.29
9887,2005.0,0.09,0.03,0.0,0.0,88.0,54.0,71.0,0.12
6691,2013.0,0.08,0.13,0.0,0.04,69.0,22.0,79.0,0.25
6957,2003.0,0.18,0.05,0.0,0.01,85.0,14.0,15.0,0.23
11905,2006.0,0.04,0.03,0.0,0.01,63.0,23.0,7.0,0.07
14709,2016.0,0.0,0.02,0.0,0.01,73.0,16.0,12.0,0.03
6991,2005.0,0.17,0.05,0.0,0.01,84.0,47.0,22.0,0.23
13550,2016.0,0.02,0.02,0.0,0.01,66.0,39.0,31.0,0.04
13386,2009.0,0.0,0.04,0.0,0.01,72.0,14.0,59.0,0.05
6861,2005.0,0.17,0.06,0.0,0.0,64.0,7.0,5.0,0.24
9785,2005.0,0.11,0.0,0.0,0.01,59.0,30.0,17.0,0.12
9158,2008.0,0.1,0.02,0.0,0.01,54.0,8.0,7.0,0.14
2957,2008.0,0.31,0.3,0.0,0.07,50.0,12.0,4.0,0.69
2073,2002.0,0.13,0.1,0.74,0.03,72.0,16.0,54.0,1.0
10910,2007.0,0.07,0.01,0.0,0.01,58.0,15.0,8.0,0.09
846,2011.0,1.47,0.39,0.0,0.16,70.0,34.0,17.0,2.02
8127,2004.0,0.14,0.04,0.0,0.01,76.0,43.0,26.0,0.18
14989,2009.0,0.0,0.02,0.0,0.0,74.0,31.0,46.0,0.03
10241,2011.0,0.07,0.03,0.0,0.01,53.0,61.0,73.0,0.11
13761,2012.0,0.04,0.0,0.0,0.01,62.0,19.0,22.0,0.04
2812,2004.0,0.47,0.02,0.17,0.08,86.0,55.0,86.0,0.73
10970,2005.0,0.07,0.02,0.0,0.0,71.0,20.0,4.0,0.09
12931,2001.0,0.03,0.02,0.0,0.01,78.0,34.0,28.0,0.05
7032,2012.0,0.13,0.07,0.01,0.02,57.0,14.0,46.0,0.23
8991,2007.0,0.13,0.01,0.0,0.01,56.0,13.0,8.0,0.14
13222,2013.0,0.04,0.0,0.0,0.01,79.0,51.0,3558.0,0.05
7186,2008.0,0.2,0.0,0.0,0.02,73.0,19.0,14.0,0.22
10832,2005.0,0.07,0.02,0.0,0.0,61.0,43.0,9.0,0.09
927,2013.0,1.6,0.03,0.0,0.24,76.0,19.0,91.0,1.87
1455,2015.0,0.77,0.45,0.0,0.12,74.0,24.0,252.0,1.34
9017,2009.0,0.11,0.0,0.0,0.03,50.0,4.0,6.0,0.14
3543,2003.0,0.28,0.22,0.0,0.07,73.0,37.0,35.0,0.57
13468,2009.0,0.04,0.0,0.0,0.0,62.0,5.0,4.0,0.05
462,2012.0,1.94,0.84,0.03,0.24,93.0,74.0,3725.0,3.04
13658,2006.0,0.03,0.01,0.0,0.0,72.0,26.0,4.0,0.04
2334,2003.0,0.69,0.18,0.0,0.02,62.0,11.0,8.0,0.89
3616,1998.0,0.27,0.18,0.06,0.04,78.0,15.0,35.0,0.55
10158,2007.0,0.1,0.0,0.0,0.01,39.0,6.0,7.0,0.11
3264,2011.0,0.4,0.16,0.0,0.05,80.0,50.0,25.0,0.62
1503,2009.0,0.84,0.35,0.0,0.12,78.0,83.0,356.0,1.31
131,2004.0,2.57,1.58,2.06,0.21,76.0,28.0,222.0,6.41
10074,2004.0,0.1,0.0,0.0,0.01,28.0,17.0,26.0,0.11
15891,2008.0,0.0,0.01,0.0,0.0,52.0,22.0,38.0,0.02
202,2010.0,0.61,3.28,0.06,1.12,89.0,51.0,233.0,5.07
4969,2007.0,0.19,0.15,0.0,0.05,38.0,10.0,7.0,0.38
6622,2003.0,0.2,0.04,0.0,0.01,80.0,34.0,20.0,0.25
6099,2005.0,0.21,0.06,0.0,0.01,85.0,55.0,21.0,0.28
8939,2006.0,0.11,0.03,0.0,0.01,65.0,17.0,10.0,0.15
583,2011.0,2.31,0.14,0.01,0.16,90.0,42.0,134.0,2.62
14164,2014.0,0.0,0.03,0.0,0.0,53.0,9.0,22.0,0.03
15409,2016.0,0.0,0.02,0.0,0.0,69.0,9.0,137.0,0.02
9015,2005.0,0.07,0.06,0.0,0.02,69.0,38.0,17.0,0.14
1297,1998.0,0.29,0.19,0.89,0.1,84.0,15.0,204.0,1.46
3319,2003.0,0.5,0.02,0.0,0.08,75.0,34.0,35.0,0.61
15208,2005.0,0.0,0.02,0.0,0.0,90.0,7.0,37.0,0.02
3301,2014.0,0.26,0.21,0.05,0.1,77.0,24.0,130.0,0.61
16210,2002.0,0.0,0.01,0.0,0.0,72.0,30.0,39.0,0.01
1649,2002.0,0.59,0.46,0.01,0.15,89.0,19.0,16.0,1.22
6153,2007.0,0.26,0.0,0.0,0.02,56.0,5.0,4.0,0.28
2801,2011.0,0.36,0.29,0.02,0.06,79.0,50.0,268.0,0.73
10905,2010.0,0.04,0.04,0.01,0.01,64.0,21.0,52.0,0.09
10117,2002.0,0.08,0.03,0.0,0.0,63.0,5.0,6.0,0.11
5223,2007.0,0.3,0.03,0.0,0.03,60.0,17.0,11.0,0.36
2087,2005.0,0.76,0.2,0.0,0.03,51.0,22.0,120.0,0.99
3497,2007.0,0.29,0.22,0.0,0.06,62.0,48.0,65.0,0.57
14161,2014.0,0.0,0.03,0.0,0.0,73.0,70.0,580.0,0.03
2747,2009.0,0.38,0.25,0.0,0.11,54.0,45.0,57.0,0.74
3138,2004.0,0.54,0.02,0.0,0.09,60.0,38.0,32.0,0.64
3823,2006.0,0.17,0.0,0.33,0.02,69.0,27.0,21.0,0.52
13469,2009.0,0.01,0.03,0.0,0.01,74.0,41.0,261.0,0.05
3269,2009.0,0.2,0.34,0.0,0.07,48.0,9.0,7.0,0.61
13748,2008.0,0.01,0.02,0.0,0.01,78.0,21.0,353.0,0.04
5679,2002.0,0.15,0.12,0.0,0.04,52.0,15.0,10.0,0.32
6010,2003.0,0.21,0.08,0.0,0.01,69.0,19.0,5.0,0.29
14002,2015.0,0.0,0.03,0.0,0.01,69.0,44.0,83.0,0.04
3856,2006.0,0.46,0.01,0.0,0.04,74.0,22.0,22.0,0.52
2887,2008.0,0.5,0.14,0.0,0.07,77.0,32.0,14.0,0.71
9225,2016.0,0.03,0.07,0.01,0.02,63.0,32.0,45.0,0.14
5337,2005.0,0.17,0.13,0.0,0.04,35.0,21.0,28.0,0.35
177,2003.0,1.92,1.08,2.11,0.17,85.0,45.0,400.0,5.29
2893,2008.0,0.65,0.0,0.0,0.05,83.0,24.0,26.0,0.71
13886,2008.0,0.04,0.0,0.0,0.0,50.0,7.0,6.0,0.04
9029,2011.0,0.09,0.03,0.01,0.01,82.0,29.0,72.0,0.14
845,2011.0,0.75,0.51,0.54,0.22,89.0,54.0,1397.0,2.02
80,2007.0,3.74,2.24,1.58,0.7,62.0,41.0,190.0,8.27
13304,2006.0,0.0,0.04,0.0,0.0,79.0,50.0,83.0,0.05
14496,2004.0,0.02,0.01,0.0,0.0,67.0,40.0,10.0,0.03
2818,2002.0,0.56,0.15,0.0,0.02,74.0,16.0,25.0,0.72
7462,2007.0,0.19,0.0,0.0,0.02,67.0,33.0,15.0,0.21
5205,2008.0,0.31,0.02,0.0,0.03,63.0,5.0,12.0,0.36
12033,2008.0,0.06,0.0,0.0,0.0,73.0,18.0,4.0,0.07
8415,2011.0,0.07,0.06,0.01,0.03,45.0,17.0,26.0,0.17
9668,2007.0,0.11,0.01,0.0,0.01,74.0,8.0,10.0,0.12
10461,2003.0,0.08,0.02,0.0,0.0,83.0,30.0,19.0,0.1
4636,2016.0,0.2,0.14,0.05,0.03,75.0,72.0,208.0,0.42
4219,2002.0,0.33,0.12,0.0,0.01,62.0,4.0,4.0,0.46
11530,2002.0,0.06,0.02,0.0,0.0,80.0,10.0,10.0,0.08
5865,2011.0,0.14,0.07,0.07,0.02,53.0,32.0,26.0,0.3
2985,1998.0,0.15,0.1,0.38,0.04,82.0,8.0,162.0,0.68
1552,2012.0,0.44,0.29,0.47,0.07,59.0,46.0,134.0,1.27
4687,2010.0,0.0,0.27,0.0,0.14,77.0,5.0,6.0,0.41
2662,2007.0,0.42,0.21,0.08,0.07,69.0,42.0,31.0,0.77
5067,2006.0,0.09,0.07,0.19,0.02,72.0,31.0,21.0,0.37
8744,2007.0,0.14,0.0,0.0,0.01,77.0,38.0,48.0,0.15
3756,2004.0,0.44,0.02,0.0,0.07,78.0,19.0,13.0,0.53
1563,2008.0,0.71,0.19,0.24,0.13,86.0,60.0,433.0,1.27
9911,2008.0,0.1,0.0,0.01,0.01,63.0,4.0,10.0,0.12
12233,2010.0,0.06,0.0,0.0,0.0,57.0,11.0,25.0,0.07
541,2011.0,1.45,0.86,0.09,0.38,84.0,85.0,942.0,2.77
11712,2007.0,0.07,0.0,0.0,0.01,73.0,17.0,5.0,0.08
569,2004.0,1.99,0.58,0.0,0.09,85.0,87.0,268.0,2.66
4381,2005.0,0.06,0.33,0.02,0.03,89.0,19.0,9.0,0.44
10126,2007.0,0.0,0.0,0.11,0.0,80.0,10.0,11.0,0.11
9102,2006.0,0.07,0.05,0.0,0.02,54.0,43.0,24.0,0.14
6073,2009.0,0.15,0.07,0.05,0.02,61.0,30.0,35.0,0.29
501,2007.0,1.41,1.12,0.05,0.3,61.0,37.0,23.0,2.89
1387,2001.0,0.78,0.53,0.0,0.09,88.0,9.0,7.0,1.39
7128,2005.0,0.11,0.09,0.0,0.03,74.0,33.0,65.0,0.22
248,2012.0,2.52,1.11,0.46,0.33,77.0,61.0,471.0,4.42
12119,2007.0,0.06,0.0,0.0,0.0,65.0,16.0,4.0,0.07
414,2003.0,1.89,1.05,0.02,0.31,77.0,39.0,94.0,3.27
6935,2010.0,0.08,0.01,0.13,0.01,61.0,27.0,101.0,0.24
8477,2000.0,0.09,0.06,0.0,0.01,61.0,12.0,15.0,0.16
3305,2009.0,0.56,0.0,0.0,0.05,64.0,29.0,26.0,0.61
7482,2002.0,0.04,0.03,0.12,0.01,68.0,16.0,15.0,0.21
1190,2012.0,0.62,0.78,0.01,0.15,83.0,54.0,134.0,1.56
3286,2002.0,0.3,0.23,0.0,0.08,72.0,20.0,8.0,0.61
9790,2010.0,0.07,0.03,0.0,0.01,47.0,14.0,6.0,0.12
2571,2002.0,0.68,0.09,0.0,0.02,68.0,16.0,15.0,0.8
5135,2009.0,0.12,0.21,0.0,0.04,73.0,33.0,21.0,0.37
3266,2008.0,0.29,0.26,0.0,0.07,50.0,32.0,6.0,0.62
622,2007.0,1.47,0.77,0.0,0.24,25.0,8.0,26.0,2.48
6902,2005.0,0.21,0.0,0.0,0.02,63.0,24.0,8.0,0.24
2397,2007.0,0.38,0.4,0.0,0.09,83.0,59.0,94.0,0.87
7717,2003.0,0.14,0.05,0.0,0.0,67.0,6.0,17.0,0.19
516,2007.0,1.65,0.85,0.05,0.28,96.0,88.0,2249.0,2.83
4643,2000.0,0.17,0.12,0.1,0.03,76.0,10.0,29.0,0.42
13343,2002.0,0.04,0.01,0.0,0.0,46.0,26.0,17.0,0.05
15883,2011.0,0.02,0.0,0.0,0.0,51.0,8.0,47.0,0.02
1433,2008.0,0.63,0.57,0.01,0.14,88.0,68.0,279.0,1.35
1434,2014.0,0.73,0.5,0.01,0.12,87.0,12.0,585.0,1.35
864,2002.0,0.74,0.95,0.0,0.28,56.0,20.0,95.0,1.97
10366,2003.0,0.08,0.02,0.0,0.0,64.0,27.0,11.0,0.11
10156,2016.0,0.0,0.1,0.0,0.02,75.0,45.0,289.0,0.11
3800,2009.0,0.13,0.28,0.01,0.1,43.0,41.0,70.0,0.53
1999,2007.0,0.54,0.39,0.0,0.11,71.0,52.0,71.0,1.03
5940,2007.0,0.26,0.01,0.0,0.02,60.0,51.0,26.0,0.29
8123,2010.0,0.0,0.14,0.0,0.04,83.0,16.0,102.0,0.18
14404,2009.0,0.0,0.03,0.0,0.01,65.0,23.0,11.0,0.03
6240,2013.0,0.11,0.11,0.01,0.05,58.0,27.0,100.0,0.28
4579,2010.0,0.23,0.15,0.01,0.04,70.0,19.0,11.0,0.42
5923,2003.0,0.22,0.06,0.0,0.01,56.0,22.0,9.0,0.3
598,2007.0,0.37,0.27,1.75,0.18,72.0,38.0,83.0,2.57
2444,2002.0,0.42,0.32,0.0,0.11,86.0,31.0,48.0,0.85
4169,2008.0,0.22,0.2,0.0,0.05,60.0,42.0,23.0,0.47
14710,2015.0,0.0,0.02,0.0,0.0,88.0,31.0,124.0,0.03
10031,2014.0,0.03,0.01,0.06,0.01,71.0,20.0,44.0,0.11
11182,2005.0,0.07,0.02,0.0,0.0,68.0,11.0,9.0,0.09
2,2008.0,15.68,12.76,3.79,3.29,82.0,73.0,709.0,35.52
13072,2010.0,0.05,0.0,0.0,0.0,33.0,4.0,15.0,0.05
9081,2006.0,0.11,0.03,0.0,0.01,81.0,27.0,32.0,0.14
594,2006.0,1.4,0.88,0.03,0.26,80.0,27.0,57.0,2.58
843,2008.0,0.72,1.08,0.0,0.23,73.0,24.0,29.0,2.03
3891,2000.0,0.25,0.2,0.0,0.07,74.0,16.0,12.0,0.51
1610,2005.0,0.82,0.38,0.0,0.04,61.0,44.0,54.0,1.24
7592,2009.0,0.12,0.03,0.03,0.02,65.0,25.0,15.0,0.2
4833,2010.0,0.17,0.17,0.0,0.05,77.0,46.0,1238.0,0.4
7806,2011.0,0.09,0.09,0.0,0.02,65.0,9.0,26.0,0.19
5732,2011.0,0.16,0.01,0.12,0.01,79.0,21.0,45.0,0.31
9293,2016.0,0.04,0.08,0.0,0.01,73.0,16.0,440.0,0.14
12410,2001.0,0.04,0.02,0.0,0.0,65.0,5.0,5.0,0.06
8131,2001.0,0.14,0.04,0.0,0.0,81.0,13.0,9.0,0.18
4156,2006.0,0.04,0.03,0.39,0.01,84.0,45.0,59.0,0.47
4525,2005.0,0.34,0.03,0.03,0.03,89.0,52.0,171.0,0.43
955,2010.0,0.92,0.73,0.0,0.17,70.0,24.0,28.0,1.83
3185,2009.0,0.37,0.2,0.0,0.06,55.0,58.0,110.0,0.63
4975,2011.0,0.28,0.01,0.06,0.03,78.0,27.0,97.0,0.38
13779,2011.0,0.0,0.03,0.0,0.01,66.0,5.0,43.0,0.04
205,1999.0,3.42,1.38,0.02,0.2,92.0,18.0,69.0,5.02
1571,2010.0,0.76,0.39,0.0,0.11,79.0,8.0,22.0,1.26
2366,2006.0,0.8,0.0,0.01,0.07,51.0,11.0,17.0,0.88
3588,2003.0,0.15,0.12,0.26,0.04,56.0,35.0,38.0,0.56
7790,2005.0,0.16,0.01,0.0,0.02,56.0,10.0,22.0,0.19
1093,2003.0,1.35,0.09,0.0,0.23,94.0,15.0,81.0,1.67
9075,2001.0,0.07,0.05,0.0,0.02,67.0,26.0,26.0,0.14
11796,2003.0,0.06,0.02,0.0,0.0,75.0,13.0,8.0,0.07
14901,2015.0,0.0,0.02,0.0,0.0,59.0,4.0,19.0,0.03
11841,2002.0,0.04,0.03,0.0,0.01,27.0,10.0,19.0,0.07
7161,2004.0,0.17,0.04,0.0,0.01,88.0,18.0,5.0,0.22
14986,2005.0,0.0,0.02,0.0,0.0,80.0,51.0,159.0,0.03
4976,2001.0,0.19,0.15,0.0,0.05,51.0,18.0,5.0,0.38
6230,2005.0,0.21,0.06,0.0,0.01,60.0,43.0,17.0,0.28
4618,2014.0,0.0,0.14,0.27,0.01,76.0,39.0,54.0,0.42
13118,2007.0,0.05,0.0,0.0,0.0,26.0,14.0,11.0,0.05
4937,2005.0,0.3,0.02,0.04,0.03,90.0,49.0,163.0,0.39
2476,2008.0,0.76,0.01,0.0,0.06,82.0,19.0,22.0,0.83
1794,2007.0,0.31,0.03,0.76,0.04,81.0,66.0,32.0,1.14
11470,2002.0,0.06,0.02,0.0,0.0,79.0,23.0,11.0,0.08
14830,2003.0,0.01,0.0,0.01,0.0,56.0,24.0,17.0,0.03
6279,2011.0,0.17,0.08,0.0,0.02,72.0,48.0,60.0,0.27
3202,2007.0,0.07,0.42,0.0,0.14,75.0,40.0,20.0,0.63
11141,2008.0,0.08,0.0,0.0,0.01,48.0,15.0,8.0,0.09
3570,2004.0,0.28,0.21,0.0,0.07,55.0,4.0,16.0,0.56
1116,2007.0,0.9,0.54,0.04,0.17,68.0,38.0,56.0,1.65
12963,2009.0,0.05,0.0,0.0,0.0,58.0,24.0,20.0,0.05
4214,2014.0,0.0,0.44,0.0,0.03,80.0,36.0,151.0,0.46
4739,2005.0,0.34,0.01,0.0,0.06,50.0,5.0,16.0,0.41
10625,2004.0,0.08,0.02,0.0,0.0,75.0,50.0,4.0,0.1
5466,2004.0,0.26,0.07,0.0,0.01,75.0,22.0,8.0,0.33
12201,2006.0,0.05,0.02,0.0,0.0,55.0,9.0,6.0,0.07
3736,2003.0,0.26,0.2,0.0,0.07,59.0,17.0,14.0,0.54
10522,2004.0,0.08,0.02,0.0,0.0,84.0,33.0,19.0,0.1
6941,2009.0,0.19,0.03,0.0,0.02,63.0,10.0,5.0,0.23
11076,2016.0,0.03,0.05,0.0,0.01,67.0,34.0,110.0,0.09
6553,2007.0,0.2,0.03,0.0,0.03,78.0,17.0,41.0,0.26
10488,2008.0,0.09,0.0,0.01,0.01,64.0,25.0,6.0,0.1
7565,2012.0,0.16,0.0,0.03,0.01,67.0,38.0,73.0,0.2
10960,2015.0,0.0,0.03,0.05,0.01,86.0,7.0,20.0,0.09
2025,2007.0,0.87,0.05,0.02,0.08,86.0,58.0,89.0,1.02
4441,2009.0,0.09,0.02,0.32,0.01,55.0,26.0,22.0,0.44
6035,2008.0,0.23,0.04,0.0,0.02,43.0,44.0,87.0,0.29
16117,2007.0,0.0,0.01,0.0,0.0,62.0,9.0,8.0,0.01
7105,2012.0,0.11,0.09,0.0,0.02,76.0,16.0,1237.0,0.23
2939,2009.0,0.41,0.22,0.0,0.06,70.0,15.0,6.0,0.69
1435,2008.0,0.43,0.65,0.02,0.25,82.0,63.0,318.0,1.35
7093,2009.0,0.14,0.0,0.08,0.02,79.0,27.0,65.0,0.23
5285,2016.0,0.06,0.21,0.03,0.05,48.0,43.0,212.0,0.35
14091,2016.0,0.03,0.0,0.0,0.0,75.0,5.0,6.0,0.04
3249,2004.0,0.3,0.24,0.0,0.08,68.0,23.0,8.0,0.62
1150,2006.0,0.98,0.04,0.49,0.09,69.0,40.0,37.0,1.6
439,2012.0,1.06,1.09,0.76,0.22,73.0,45.0,155.0,3.13
2504,2001.0,0.64,0.17,0.0,0.02,91.0,27.0,27.0,0.82
4399,2002.0,0.35,0.08,0.0,0.01,88.0,14.0,11.0,0.44
7484,2008.0,0.12,0.03,0.05,0.01,69.0,46.0,15.0,0.21
6413,2009.0,0.15,0.09,0.0,0.02,69.0,49.0,59.0,0.27
10325,2005.0,0.08,0.02,0.0,0.01,75.0,14.0,6.0,0.11
12372,2004.0,0.03,0.02,0.0,0.01,59.0,24.0,10.0,0.06
7650,2005.0,0.1,0.08,0.0,0.03,53.0,20.0,10.0,0.2
13266,2010.0,0.0,0.04,0.0,0.01,76.0,36.0,326.0,0.05
1985,2009.0,0.56,0.37,0.01,0.1,80.0,59.0,36.0,1.04
681,2011.0,1.38,0.72,0.02,0.22,66.0,46.0,39.0,2.34
5892,2000.0,0.1,0.07,0.1,0.03,62.0,13.0,9.0,0.3
9433,2006.0,0.07,0.01,0.04,0.01,62.0,54.0,28.0,0.13
5578,2013.0,0.1,0.17,0.0,0.06,72.0,37.0,424.0,0.32
9746,2003.0,0.09,0.03,0.0,0.0,73.0,38.0,22.0,0.12
60,2013.0,6.73,2.56,0.04,0.91,73.0,29.0,2117.0,10.25
2831,2010.0,0.28,0.15,0.22,0.07,74.0,45.0,155.0,0.72
7580,2013.0,0.16,0.02,0.0,0.02,36.0,14.0,88.0,0.2
15453,2005.0,0.02,0.0,0.0,0.0,33.0,9.0,4.0,0.02
3692,2003.0,0.42,0.11,0.0,0.02,82.0,24.0,10.0,0.54
5177,2010.0,0.24,0.09,0.01,0.03,68.0,57.0,29.0,0.36
10990,2005.0,0.08,0.0,0.0,0.01,70.0,37.0,22.0,0.09
1325,2013.0,0.89,0.31,0.01,0.23,85.0,20.0,368.0,1.45
4887,2016.0,0.26,0.09,0.0,0.04,87.0,14.0,514.0,0.39
1945,2005.0,0.52,0.41,0.0,0.14,89.0,36.0,37.0,1.06
3166,2012.0,0.33,0.21,0.0,0.09,84.0,22.0,60.0,0.64
2819,2007.0,0.43,0.01,0.25,0.04,65.0,15.0,22.0,0.72
3595,2003.0,0.27,0.21,0.0,0.07,56.0,6.0,8.0,0.56
5650,2002.0,0.24,0.07,0.0,0.01,87.0,15.0,9.0,0.32
1635,2011.0,0.29,0.18,0.67,0.09,78.0,65.0,468.0,1.22
6028,2003.0,0.22,0.06,0.0,0.01,65.0,30.0,27.0,0.29
9520,2012.0,0.09,0.03,0.0,0.01,24.0,8.0,21.0,0.13
7386,2002.0,0.1,0.08,0.0,0.03,76.0,20.0,22.0,0.21
2371,2008.0,0.01,0.79,0.0,0.07,90.0,40.0,2299.0,0.88
1082,2008.0,0.97,0.4,0.14,0.15,67.0,32.0,12.0,1.67
6038,2014.0,0.17,0.09,0.0,0.03,47.0,21.0,160.0,0.29
6048,2013.0,0.1,0.14,0.0,0.05,49.0,6.0,23.0,0.29
1412,2010.0,0.8,0.45,0.0,0.12,80.0,25.0,87.0,1.37
1458,2004.0,0.84,0.22,0.24,0.04,80.0,49.0,30.0,1.34
1570,2013.0,0.33,0.69,0.05,0.19,80.0,6.0,123.0,1.27
4203,2005.0,0.36,0.09,0.0,0.01,69.0,28.0,19.0,0.47
12725,2001.0,0.04,0.02,0.0,0.0,71.0,12.0,9.0,0.06
1537,2004.0,0.63,0.49,0.0,0.16,85.0,51.0,57.0,1.28
1452,2011.0,0.81,0.28,0.11,0.14,84.0,56.0,147.0,1.34
6017,2004.0,0.22,0.06,0.0,0.01,74.0,25.0,19.0,0.29
8900,2016.0,0.01,0.11,0.0,0.02,73.0,16.0,7.0,0.15
6324,2008.0,0.15,0.1,0.0,0.02,76.0,63.0,43.0,0.27
7433,2007.0,0.18,0.0,0.01,0.01,38.0,45.0,44.0,0.21
2807,2010.0,0.61,0.07,0.0,0.05,88.0,49.0,71.0,0.73
7256,2005.0,0.2,0.0,0.0,0.02,72.0,19.0,8.0,0.22
8903,2005.0,0.14,0.0,0.0,0.01,39.0,12.0,4.0,0.15
11029,2009.0,0.07,0.0,0.01,0.01,45.0,6.0,8.0,0.09
9418,2002.0,0.03,0.09,0.0,0.02,92.0,40.0,1023.0,0.13
4030,2004.0,0.34,0.13,0.0,0.02,61.0,55.0,20.0,0.49
1243,2011.0,0.94,0.44,0.0,0.13,90.0,83.0,679.0,1.51
5700,2007.0,0.29,0.0,0.0,0.02,77.0,30.0,17.0,0.31
13428,2008.0,0.04,0.0,0.0,0.0,41.0,5.0,6.0,0.05
5681,2010.0,0.07,0.04,0.17,0.03,53.0,45.0,21.0,0.32
13438,2016.0,0.0,0.04,0.0,0.01,71.0,19.0,12.0,0.05
11511,2003.0,0.06,0.02,0.0,0.0,83.0,14.0,8.0,0.08
10272,2008.0,0.1,0.0,0.0,0.01,45.0,16.0,4.0,0.11
9231,2002.0,0.11,0.03,0.0,0.0,60.0,10.0,6.0,0.14
4779,2005.0,0.2,0.15,0.0,0.05,59.0,38.0,20.0,0.4
1238,2009.0,0.92,0.4,0.0,0.2,88.0,46.0,95.0,1.52
2740,2006.0,0.62,0.02,0.0,0.1,76.0,27.0,18.0,0.75
2197,2008.0,0.19,0.06,0.63,0.05,64.0,38.0,19.0,0.94
13360,2005.0,0.04,0.01,0.0,0.0,71.0,37.0,8.0,0.05
7244,2009.0,0.08,0.0,0.13,0.01,78.0,30.0,47.0,0.22
3605,2012.0,0.21,0.17,0.09,0.08,83.0,73.0,625.0,0.56
13513,2007.0,0.0,0.0,0.04,0.0,77.0,9.0,16.0,0.04
6572,2008.0,0.24,0.0,0.0,0.02,46.0,5.0,5.0,0.26
6582,2001.0,0.18,0.07,0.0,0.0,84.0,17.0,10.0,0.25
7532,2006.0,0.1,0.08,0.0,0.03,67.0,14.0,4.0,0.2
1180,2014.0,0.9,0.53,0.0,0.14,78.0,15.0,712.0,1.57
9992,2003.0,0.09,0.02,0.0,0.0,79.0,21.0,11.0,0.12
10799,2006.0,0.0,0.0,0.1,0.0,71.0,30.0,43.0,0.1
7726,2005.0,0.1,0.07,0.0,0.02,76.0,21.0,36.0,0.19
1754,2007.0,0.45,0.24,0.3,0.16,88.0,41.0,238.0,1.16
8819,2001.0,0.08,0.06,0.0,0.01,81.0,8.0,5.0,0.15
5778,2009.0,0.14,0.13,0.0,0.03,58.0,13.0,35.0,0.31
2095,2008.0,0.02,0.53,0.19,0.25,80.0,17.0,11.0,0.98
5995,2009.0,0.16,0.1,0.0,0.03,82.0,67.0,73.0,0.29
8941,2003.0,0.11,0.04,0.0,0.0,80.0,19.0,12.0,0.15
153,1996.0,2.26,1.89,1.36,0.23,89.0,8.0,102.0,5.74
457,2015.0,0.51,1.02,1.4,0.12,66.0,60.0,106.0,3.05
4128,2000.0,0.14,0.11,0.19,0.04,72.0,18.0,9.0,0.47
7486,2002.0,0.16,0.04,0.0,0.01,33.0,6.0,18.0,0.21
8772,2004.0,0.12,0.03,0.0,0.0,56.0,11.0,7.0,0.15
12553,2007.0,0.0,0.05,0.0,0.01,81.0,50.0,1116.0,0.06
15807,2006.0,0.01,0.01,0.0,0.0,42.0,4.0,5.0,0.02
2580,2008.0,0.61,0.0,0.0,0.18,71.0,11.0,15.0,0.79
8309,2014.0,0.08,0.05,0.0,0.04,81.0,50.0,140.0,0.17
557,2006.0,1.49,0.92,0.02,0.27,82.0,71.0,233.0,2.7
9288,2011.0,0.09,0.04,0.0,0.01,75.0,21.0,24.0,0.14
3740,2005.0,0.26,0.2,0.0,0.07,83.0,41.0,38.0,0.54
4621,2007.0,0.2,0.16,0.0,0.05,70.0,11.0,30.0,0.42
478,2002.0,0.12,1.26,1.16,0.45,93.0,24.0,65.0,2.99
2151,2011.0,0.25,0.56,0.0,0.14,88.0,76.0,4378.0,0.96
12398,2007.0,0.05,0.01,0.0,0.01,57.0,21.0,16.0,0.06
2803,2001.0,0.54,0.16,0.0,0.03,80.0,30.0,32.0,0.73
5278,2009.0,0.2,0.11,0.0,0.05,73.0,34.0,9.0,0.35
11169,2016.0,0.0,0.04,0.05,0.0,71.0,6.0,21.0,0.09
2288,2002.0,0.44,0.35,0.0,0.12,80.0,23.0,5.0,0.9
383,2008.0,2.1,1.01,0.01,0.35,71.0,70.0,29.0,3.46
1037,2014.0,1.37,0.18,0.0,0.18,82.0,9.0,101.0,1.72
8792,2009.0,0.14,0.0,0.0,0.01,75.0,33.0,6.0,0.15
5455,2004.0,0.13,0.15,0.0,0.05,51.0,48.0,4.0,0.33
7178,2002.0,0.07,0.06,0.08,0.02,50.0,18.0,8.0,0.22
8056,2009.0,0.05,0.11,0.0,0.02,44.0,10.0,11.0,0.18
7431,2001.0,0.1,0.08,0.0,0.03,85.0,17.0,9.0,0.21
1954,2007.0,0.43,0.46,0.09,0.09,72.0,42.0,61.0,1.06
8060,2012.0,0.07,0.07,0.0,0.03,64.0,19.0,21.0,0.18
4274,2013.0,0.3,0.11,0.0,0.04,71.0,6.0,58.0,0.45
12892,2016.0,0.0,0.05,0.0,0.0,83.0,36.0,306.0,0.05
7655,2001.0,0.15,0.04,0.0,0.01,76.0,18.0,6.0,0.2
2119,2013.0,0.49,0.32,0.0,0.16,75.0,21.0,47.0,0.97
14657,2012.0,0.0,0.02,0.0,0.0,90.0,5.0,130.0,0.03
6198,2009.0,0.12,0.12,0.01,0.03,70.0,65.0,87.0,0.28
14398,2010.0,0.03,0.0,0.0,0.0,60.0,5.0,5.0,0.03
6199,2010.0,0.16,0.09,0.0,0.02,66.0,18.0,16.0,0.28
9768,2010.0,0.07,0.04,0.0,0.01,33.0,7.0,6.0,0.12
10509,2004.0,0.0,0.09,0.0,0.02,92.0,58.0,1050.0,0.1
7715,2011.0,0.0,0.03,0.16,0.01,58.0,25.0,15.0,0.19
12157,2016.0,0.01,0.04,0.01,0.01,70.0,6.0,24.0,0.07
3106,2007.0,0.28,0.02,0.33,0.03,60.0,35.0,19.0,0.65
5505,2005.0,0.16,0.13,0.0,0.04,66.0,21.0,6.0,0.33
2744,2007.0,0.38,0.03,0.3,0.04,80.0,47.0,106.0,0.75
10862,2011.0,0.05,0.03,0.0,0.01,46.0,9.0,4.0,0.09
8613,2011.0,0.09,0.05,0.0,0.02,86.0,5.0,66.0,0.16
2853,2003.0,0.05,0.04,0.61,0.01,66.0,10.0,37.0,0.72
4196,2009.0,0.12,0.06,0.27,0.02,75.0,37.0,21.0,0.47
10298,2015.0,0.09,0.01,0.0,0.01,60.0,17.0,62.0,0.11
840,2008.0,1.21,0.63,0.0,0.19,48.0,11.0,4.0,2.03
14093,2015.0,0.02,0.0,0.0,0.01,71.0,24.0,30.0,0.04
10565,2002.0,0.05,0.04,0.0,0.01,58.0,27.0,9.0,0.1
13095,2008.0,0.03,0.01,0.0,0.0,75.0,23.0,8.0,0.05
393,2002.0,0.46,2.28,0.05,0.61,88.0,15.0,35.0,3.4
837,2011.0,1.45,0.41,0.01,0.16,86.0,56.0,63.0,2.04
14406,2016.0,0.01,0.01,0.0,0.01,80.0,18.0,19.0,0.03
7426,2010.0,0.11,0.06,0.0,0.04,74.0,27.0,13.0,0.21
8731,2006.0,0.14,0.0,0.0,0.01,73.0,30.0,7.0,0.15
1691,2014.0,0.53,0.38,0.19,0.09,81.0,78.0,377.0,1.19
14130,2003.0,0.02,0.01,0.0,0.0,71.0,6.0,10.0,0.04
7144,2002.0,0.11,0.09,0.0,0.03,58.0,9.0,5.0,0.22
5947,2010.0,0.25,0.02,0.0,0.02,74.0,36.0,9.0,0.29
931,2005.0,1.75,0.03,0.0,0.08,86.0,39.0,41.0,1.86
1689,2003.0,0.86,0.32,0.0,0.02,55.0,14.0,9.0,1.19
14242,2006.0,0.03,0.0,0.0,0.0,41.0,4.0,6.0,0.03
170,2008.0,2.73,1.83,0.0,0.83,85.0,45.0,409.0,5.39
4938,2002.0,0.19,0.15,0.0,0.05,66.0,20.0,13.0,0.39
10615,2008.0,0.09,0.0,0.0,0.01,49.0,35.0,45.0,0.1
3653,2011.0,0.37,0.13,0.0,0.04,63.0,43.0,24.0,0.55
6636,2006.0,0.15,0.02,0.06,0.02,53.0,46.0,42.0,0.25
10554,2002.0,0.04,0.03,0.02,0.01,57.0,28.0,6.0,0.1
8676,2008.0,0.03,0.01,0.11,0.0,64.0,24.0,21.0,0.16
10350,2013.0,0.0,0.1,0.0,0.01,74.0,38.0,866.0,0.11
2755,2009.0,0.16,0.37,0.01,0.21,69.0,11.0,31.0,0.74
4290,2002.0,0.22,0.17,0.0,0.06,46.0,5.0,5.0,0.45
10270,2011.0,0.03,0.05,0.02,0.02,83.0,28.0,97.0,0.11
9717,2008.0,0.11,0.0,0.0,0.01,64.0,4.0,18.0,0.12
11191,2008.0,0.07,0.0,0.01,0.01,71.0,22.0,8.0,0.09
6909,2009.0,0.16,0.01,0.04,0.02,59.0,24.0,28.0,0.24
213,2005.0,3.98,0.26,0.01,0.66,88.0,29.0,121.0,4.91
3558,2006.0,0.28,0.22,0.0,0.07,66.0,18.0,14.0,0.56
1109,2011.0,0.58,0.21,0.79,0.07,77.0,49.0,156.0,1.65
2684,1998.0,0.0,0.0,0.71,0.05,94.0,4.0,40.0,0.76
7470,2005.0,0.19,0.0,0.0,0.02,78.0,25.0,14.0,0.21
1219,2011.0,0.53,0.66,0.13,0.22,80.0,80.0,770.0,1.53
619,2006.0,2.29,0.02,0.0,0.19,82.0,68.0,120.0,2.5
5560,2009.0,0.17,0.11,0.01,0.03,76.0,48.0,41.0,0.32
12761,2005.0,0.04,0.01,0.0,0.0,62.0,27.0,8.0,0.06
9424,2008.0,0.09,0.03,0.0,0.02,69.0,25.0,50.0,0.13
15884,2010.0,0.0,0.01,0.0,0.0,56.0,36.0,105.0,0.02
12419,2007.0,0.06,0.0,0.0,0.0,35.0,7.0,10.0,0.06
15419,2007.0,0.02,0.0,0.0,0.0,62.0,16.0,29.0,0.02
2080,2012.0,0.72,0.2,0.0,0.08,85.0,60.0,88.0,0.99
1033,2012.0,0.68,0.88,0.01,0.17,79.0,51.0,453.0,1.73
15357,2003.0,0.02,0.0,0.0,0.0,69.0,13.0,5.0,0.02
8617,2006.0,0.08,0.06,0.0,0.02,73.0,44.0,27.0,0.16
7454,2010.0,0.07,0.11,0.0,0.02,40.0,37.0,19.0,0.21
7597,2007.0,0.18,0.0,0.0,0.02,43.0,9.0,5.0,0.2
3546,2012.0,0.32,0.0,0.21,0.03,78.0,33.0,122.0,0.57
2128,2009.0,0.59,0.29,0.0,0.09,79.0,20.0,15.0,0.97
4627,2005.0,0.18,0.14,0.05,0.05,70.0,30.0,46.0,0.42
3197,2013.0,0.46,0.11,0.0,0.05,32.0,30.0,410.0,0.63
4020,2006.0,0.44,0.02,0.0,0.04,81.0,65.0,38.0,0.49
3213,2000.0,0.35,0.24,0.0,0.04,54.0,10.0,4.0,0.63
3454,2006.0,0.53,0.0,0.0,0.04,84.0,46.0,67.0,0.58
605,2009.0,1.76,0.55,0.03,0.22,86.0,68.0,725.0,2.56
3613,2008.0,0.34,0.15,0.01,0.05,75.0,55.0,77.0,0.56
8728,2014.0,0.11,0.03,0.0,0.01,77.0,48.0,67.0,0.15
6016,2007.0,0.24,0.02,0.0,0.02,70.0,30.0,21.0,0.29
4051,2014.0,0.18,0.12,0.16,0.03,76.0,22.0,19.0,0.49
4571,2003.0,0.21,0.16,0.0,0.05,78.0,19.0,11.0,0.42
492,2008.0,1.55,0.04,1.19,0.15,76.0,40.0,76.0,2.92
485,2010.0,1.33,1.1,0.08,0.44,88.0,59.0,572.0,2.95
2210,2016.0,0.29,0.49,0.0,0.15,79.0,38.0,157.0,0.93
6679,2014.0,0.09,0.03,0.1,0.03,78.0,15.0,49.0,0.25
8803,2009.0,0.14,0.0,0.0,0.01,60.0,15.0,10.0,0.15
11658,2003.0,0.06,0.02,0.0,0.0,55.0,14.0,5.0,0.08
10516,2015.0,0.04,0.05,0.0,0.01,54.0,9.0,17.0,0.1
15569,2011.0,0.02,0.0,0.0,0.0,67.0,21.0,29.0,0.02
8409,2012.0,0.06,0.03,0.06,0.02,42.0,40.0,78.0,0.17
15270,2009.0,0.0,0.02,0.0,0.0,36.0,4.0,20.0,0.02
6624,2009.0,0.13,0.06,0.05,0.02,64.0,29.0,11.0,0.25
8383,2003.0,0.13,0.04,0.0,0.01,67.0,21.0,11.0,0.17
3304,2010.0,0.09,0.44,0.0,0.07,79.0,43.0,33.0,0.61
15210,2004.0,0.02,0.0,0.0,0.0,62.0,11.0,9.0,0.02
7545,2004.0,0.1,0.08,0.0,0.03,70.0,34.0,12.0,0.2
8292,2003.0,0.08,0.07,0.0,0.02,71.0,27.0,11.0,0.17
633,1997.0,0.93,0.12,1.34,0.06,83.0,12.0,190.0,2.45
8412,2007.0,0.07,0.06,0.0,0.03,73.0,44.0,11.0,0.17
13224,2001.0,0.02,0.02,0.0,0.01,64.0,5.0,5.0,0.05
2384,2012.0,0.55,0.24,0.01,0.07,80.0,71.0,446.0,0.87
13904,2011.0,0.02,0.01,0.0,0.0,48.0,4.0,14.0,0.04
17,2004.0,9.43,0.4,0.41,10.57,95.0,80.0,1588.0,20.81
11442,2009.0,0.07,0.0,0.0,0.01,62.0,12.0,6.0,0.08
455,2002.0,1.72,1.21,0.0,0.14,75.0,18.0,22.0,3.07
12038,2004.0,0.05,0.02,0.0,0.0,47.0,20.0,7.0,0.07
381,2010.0,2.1,1.01,0.04,0.32,88.0,75.0,869.0,3.47
1964,2007.0,0.95,0.01,0.01,0.08,75.0,22.0,36.0,1.05
1605,1997.0,0.75,0.44,0.0,0.06,85.0,10.0,96.0,1.24
4978,2002.0,0.3,0.08,0.0,0.01,70.0,19.0,21.0,0.38
12944,2003.0,0.04,0.01,0.0,0.0,51.0,6.0,7.0,0.05
5834,2011.0,0.29,0.0,0.0,0.02,62.0,24.0,14.0,0.3
16243,2001.0,0.0,0.01,0.0,0.0,91.0,12.0,130.0,0.01
11380,2015.0,0.03,0.03,0.0,0.01,90.0,18.0,312.0,0.08
11682,2014.0,0.0,0.0,0.08,0.0,63.0,13.0,10.0,0.08
4291,2006.0,0.29,0.01,0.12,0.03,83.0,32.0,23.0,0.45
709,2016.0,1.28,0.77,0.0,0.2,87.0,37.0,440.0,2.25
2588,2001.0,0.44,0.3,0.0,0.05,34.0,6.0,6.0,0.79
5481,2006.0,0.27,0.01,0.02,0.03,80.0,35.0,27.0,0.33
11957,2007.0,0.05,0.0,0.01,0.01,69.0,29.0,6.0,0.07
5048,2005.0,0.0,0.33,0.0,0.05,81.0,52.0,519.0,0.38
378,2013.0,1.3,1.42,0.27,0.5,80.0,14.0,579.0,3.49
6971,2004.0,0.11,0.09,0.0,0.03,73.0,34.0,23.0,0.23
8895,2012.0,0.0,0.13,0.0,0.02,74.0,33.0,307.0,0.15
6727,2007.0,0.19,0.01,0.03,0.02,65.0,31.0,31.0,0.25
10387,1999.0,0.06,0.04,0.0,0.01,51.0,5.0,44.0,0.11
325,2016.0,1.35,1.7,0.15,0.6,80.0,64.0,2219.0,3.8
907,2013.0,0.72,0.75,0.15,0.29,86.0,43.0,557.0,1.91
3043,2001.0,0.37,0.25,0.0,0.04,58.0,10.0,12.0,0.66
3528,2011.0,0.27,0.11,0.14,0.05,80.0,39.0,126.0,0.57
5453,2011.0,0.19,0.11,0.0,0.03,44.0,31.0,24.0,0.33
12538,2016.0,0.05,0.0,0.0,0.01,66.0,12.0,20.0,0.06
6913,2009.0,0.17,0.05,0.0,0.02,42.0,59.0,22.0,0.24
1249,2007.0,0.35,0.03,0.0,1.13,68.0,10.0,27.0,1.51
6268,2013.0,0.08,0.16,0.0,0.03,78.0,51.0,156.0,0.27
5784,2004.0,0.24,0.05,0.0,0.01,74.0,38.0,7.0,0.31
2274,2003.0,0.35,0.27,0.21,0.09,63.0,15.0,23.0,0.91
9036,2014.0,0.0,0.14,0.0,0.01,81.0,41.0,1588.0,0.14
15522,2005.0,0.01,0.0,0.0,0.0,74.0,9.0,4.0,0.02
7871,2002.0,0.09,0.07,0.0,0.02,76.0,15.0,6.0,0.19
4032,2003.0,0.35,0.13,0.0,0.01,85.0,16.0,22.0,0.49
12783,2001.0,0.01,0.04,0.0,0.01,65.0,11.0,76.0,0.06
6408,2011.0,0.14,0.1,0.0,0.03,47.0,62.0,109.0,0.27
1655,2005.0,1.05,0.05,0.01,0.1,69.0,22.0,111.0,1.21
13284,2005.0,0.04,0.01,0.0,0.0,30.0,19.0,9.0,0.05
3577,2001.0,0.27,0.21,0.0,0.07,77.0,16.0,8.0,0.56
4310,2009.0,0.03,0.02,0.38,0.02,65.0,28.0,10.0,0.45
16300,2009.0,0.0,0.01,0.0,0.0,75.0,37.0,112.0,0.01
10849,2012.0,0.09,0.0,0.0,0.01,71.0,11.0,17.0,0.09
958,2011.0,1.05,0.47,0.08,0.22,83.0,90.0,932.0,1.82
2754,2006.0,0.67,0.01,0.0,0.06,70.0,19.0,31.0,0.74
13535,2004.0,0.03,0.01,0.0,0.0,78.0,20.0,11.0,0.04
13371,2002.0,0.03,0.01,0.0,0.0,46.0,12.0,4.0,0.05
11865,2002.0,0.05,0.02,0.0,0.0,67.0,12.0,5.0,0.07
8441,2003.0,0.13,0.03,0.0,0.0,72.0,11.0,5.0,0.17
15769,2008.0,0.0,0.01,0.0,0.0,76.0,15.0,24.0,0.02
11080,2010.0,0.06,0.02,0.0,0.01,37.0,39.0,31.0,0.09
12689,2009.0,0.05,0.01,0.0,0.0,42.0,17.0,4.0,0.06
14739,2015.0,0.0,0.03,0.0,0.0,68.0,8.0,30.0,0.03
2249,2014.0,0.58,0.26,0.0,0.09,82.0,33.0,363.0,0.92
11586,2015.0,0.05,0.02,0.0,0.01,74.0,25.0,362.0,0.08
5341,2011.0,0.2,0.11,0.0,0.03,85.0,14.0,7.0,0.34
7232,2009.0,0.2,0.0,0.0,0.02,82.0,16.0,8.0,0.22
5187,2005.0,0.18,0.14,0.0,0.05,60.0,12.0,8.0,0.36
1358,2013.0,0.45,0.37,0.44,0.16,80.0,61.0,746.0,1.42
1782,2007.0,0.57,0.32,0.09,0.16,88.0,46.0,155.0,1.14
5175,2009.0,0.13,0.17,0.0,0.06,59.0,41.0,28.0,0.36
2980,2014.0,0.24,0.34,0.0,0.11,67.0,41.0,178.0,0.68
8861,2010.0,0.07,0.05,0.0,0.02,43.0,5.0,6.0,0.15
269,2011.0,1.41,2.01,0.1,0.7,80.0,39.0,613.0,4.22
8718,2003.0,0.12,0.03,0.0,0.0,89.0,24.0,18.0,0.15
2078,2011.0,0.94,0.0,0.0,0.06,82.0,25.0,49.0,0.99
6667,2010.0,0.21,0.02,0.0,0.02,64.0,5.0,5.0,0.25
4589,2009.0,0.23,0.15,0.0,0.04,71.0,56.0,18.0,0.42
11854,2004.0,0.04,0.03,0.0,0.01,73.0,26.0,20.0,0.07
11131,2002.0,0.07,0.02,0.0,0.0,74.0,14.0,14.0,0.09
6322,2004.0,0.13,0.1,0.0,0.03,70.0,26.0,21.0,0.27
11369,2006.0,0.06,0.02,0.0,0.0,69.0,19.0,4.0,0.08
5737,2010.0,0.0,0.27,0.0,0.05,79.0,33.0,213.0,0.31
5098,2007.0,0.31,0.01,0.0,0.05,62.0,15.0,19.0,0.37
1179,2013.0,0.92,0.5,0.03,0.12,79.0,81.0,779.0,1.57
13093,2013.0,0.0,0.05,0.0,0.0,66.0,45.0,621.0,0.05
10453,2015.0,0.03,0.06,0.0,0.01,81.0,65.0,1170.0,0.1
4984,2002.0,0.19,0.15,0.0,0.05,74.0,24.0,19.0,0.38
11597,2008.0,0.07,0.0,0.0,0.01,51.0,11.0,4.0,0.08
5286,2012.0,0.19,0.13,0.0,0.03,85.0,26.0,216.0,0.35
1202,2003.0,0.91,0.57,0.0,0.07,86.0,39.0,31.0,1.55
4407,2006.0,0.33,0.1,0.0,0.02,85.0,27.0,15.0,0.44
943,2012.0,0.59,0.89,0.06,0.3,87.0,31.0,790.0,1.85
15387,2007.0,0.02,0.0,0.0,0.0,58.0,7.0,6.0,0.02
2596,2000.0,0.28,0.22,0.23,0.07,78.0,23.0,19.0,0.79
16527,2002.0,0.0,0.01,0.0,0.0,83.0,22.0,147.0,0.01
1578,2005.0,0.1,0.02,1.12,0.01,59.0,20.0,6.0,1.26
4493,2013.0,0.26,0.13,0.0,0.04,62.0,49.0,368.0,0.43
13014,2009.0,0.05,0.0,0.0,0.0,58.0,7.0,5.0,0.05
6170,1998.0,0.09,0.06,0.1,0.02,84.0,10.0,18.0,0.28
6075,2004.0,0.22,0.06,0.0,0.01,62.0,13.0,10.0,0.29
8542,2011.0,0.09,0.03,0.03,0.01,71.0,9.0,19.0,0.16
5141,2009.0,0.17,0.15,0.0,0.04,62.0,61.0,26.0,0.37
11884,2009.0,0.02,0.04,0.0,0.01,77.0,23.0,233.0,0.07
3917,2006.0,0.42,0.02,0.0,0.07,76.0,11.0,51.0,0.51
13562,2016.0,0.03,0.01,0.0,0.0,55.0,14.0,38.0,0.04
11258,2011.0,0.07,0.01,0.0,0.01,70.0,4.0,4.0,0.09
7890,2004.0,0.14,0.04,0.0,0.01,67.0,23.0,10.0,0.19
7219,2002.0,0.16,0.05,0.0,0.01,19.0,4.0,7.0,0.22
16424,2015.0,0.0,0.0,0.01,0.0,70.0,26.0,72.0,0.01
2938,2007.0,0.26,0.0,0.26,0.17,65.0,19.0,27.0,0.69
5707,2007.0,0.29,0.0,0.0,0.02,58.0,9.0,9.0,0.31
1877,2000.0,1.02,0.05,0.0,0.02,97.0,22.0,47.0,1.09
11729,2003.0,0.06,0.02,0.0,0.0,62.0,19.0,13.0,0.08
1579,2008.0,0.45,0.55,0.05,0.22,75.0,42.0,166.0,1.26
7458,2016.0,0.14,0.0,0.05,0.02,77.0,27.0,26.0,0.21
13389,2005.0,0.04,0.01,0.0,0.0,72.0,8.0,5.0,0.05
1344,2011.0,0.0,1.13,0.0,0.29,83.0,33.0,493.0,1.43
11508,2008.0,0.07,0.0,0.0,0.01,59.0,23.0,5.0,0.08
5470,2012.0,0.16,0.11,0.0,0.06,62.0,9.0,46.0,0.33
2450,2010.0,0.44,0.27,0.01,0.12,74.0,56.0,88.0,0.85
1914,2006.0,0.96,0.03,0.0,0.08,47.0,9.0,38.0,1.07
1382,2004.0,0.74,0.52,0.08,0.06,79.0,30.0,34.0,1.4
11714,2008.0,0.0,0.07,0.0,0.01,65.0,18.0,231.0,0.08
16696,2014.0,0.0,0.01,0.0,0.0,80.0,20.0,412.0,0.01
4551,2007.0,0.21,0.16,0.0,0.05,54.0,18.0,28.0,0.42
203,1996.0,2.05,1.16,1.11,0.73,91.0,8.0,266.0,5.05
11221,2011.0,0.06,0.02,0.0,0.01,84.0,19.0,18.0,0.09
4582,2003.0,0.21,0.16,0.0,0.05,55.0,5.0,9.0,0.42
344,2005.0,1.65,1.21,0.0,0.79,74.0,34.0,31.0,3.65
3838,2006.0,0.47,0.0,0.01,0.04,76.0,25.0,22.0,0.52
13834,2009.0,0.03,0.0,0.0,0.0,67.0,22.0,9.0,0.04
13817,2011.0,0.0,0.03,0.0,0.01,68.0,19.0,35.0,0.04
9199,2014.0,0.01,0.1,0.0,0.03,87.0,8.0,159.0,0.14
2368,2012.0,0.3,0.22,0.3,0.05,82.0,78.0,397.0,0.88
15830,2006.0,0.01,0.0,0.0,0.0,42.0,29.0,4.0,0.02
16553,2007.0,0.0,0.01,0.0,0.0,74.0,9.0,18.0,0.01
7494,2003.0,0.15,0.04,0.0,0.01,58.0,27.0,9.0,0.21
6621,2010.0,0.0,0.21,0.0,0.05,62.0,26.0,104.0,0.25
10457,2005.0,0.05,0.04,0.0,0.01,54.0,17.0,5.0,0.1
6896,2007.0,0.22,0.0,0.0,0.02,49.0,17.0,13.0,0.24
5705,2009.0,0.17,0.11,0.0,0.03,64.0,38.0,11.0,0.31
308,2007.0,0.9,1.76,0.92,0.37,84.0,65.0,72.0,3.94
9149,2004.0,0.08,0.0,0.05,0.01,70.0,35.0,9.0,0.14
13269,2005.0,0.02,0.02,0.0,0.01,65.0,27.0,15.0,0.05
3273,2008.0,0.56,0.0,0.0,0.05,82.0,30.0,37.0,0.61
9213,2006.0,0.12,0.01,0.0,0.01,48.0,32.0,24.0,0.14
16205,2005.0,0.01,0.0,0.0,0.0,69.0,27.0,4.0,0.01
10041,2007.0,0.1,0.01,0.0,0.01,45.0,30.0,16.0,0.11
15019,2009.0,0.0,0.02,0.0,0.0,57.0,24.0,42.0,0.02
8417,2002.0,0.12,0.04,0.0,0.0,57.0,9.0,7.0,0.17
9337,2009.0,0.11,0.01,0.0,0.01,27.0,24.0,66.0,0.13
9194,2002.0,0.11,0.03,0.0,0.01,66.0,28.0,13.0,0.14
2567,2009.0,0.09,0.33,0.2,0.18,72.0,9.0,5.0,0.8
2045,2007.0,0.45,0.46,0.0,0.11,64.0,19.0,38.0,1.01
10247,2008.0,0.1,0.0,0.0,0.01,71.0,14.0,14.0,0.11
1432,2009.0,0.79,0.42,0.01,0.13,60.0,17.0,4.0,1.35
5422,2007.0,0.28,0.0,0.03,0.02,82.0,41.0,32.0,0.34
1827,2011.0,0.84,0.19,0.01,0.08,77.0,30.0,62.0,1.12
9316,2012.0,0.06,0.07,0.0,0.01,76.0,8.0,16.0,0.13
3766,2007.0,0.25,0.23,0.0,0.06,62.0,38.0,46.0,0.53
13528,2007.0,0.03,0.01,0.0,0.0,80.0,34.0,26.0,0.04
10857,2009.0,0.08,0.0,0.0,0.01,79.0,4.0,30.0,0.09
3669,2005.0,0.45,0.02,0.0,0.07,76.0,46.0,63.0,0.55
5688,2007.0,0.27,0.02,0.0,0.02,65.0,25.0,39.0,0.32
1411,2007.0,0.33,0.41,0.54,0.1,81.0,44.0,60.0,1.37
11045,2005.0,0.05,0.0,0.04,0.0,58.0,15.0,12.0,0.09
2520,2012.0,0.42,0.19,0.11,0.09,74.0,27.0,158.0,0.82
9144,2015.0,0.08,0.04,0.02,0.01,90.0,9.0,225.0,0.14
695,2007.0,1.02,0.9,0.0,0.36,80.0,18.0,87.0,2.29
9358,2005.0,0.11,0.02,0.0,0.01,65.0,13.0,25.0,0.13
11336,2007.0,0.07,0.01,0.0,0.01,56.0,23.0,18.0,0.08
11211,2010.0,0.07,0.01,0.0,0.01,79.0,8.0,6.0,0.09
3451,2009.0,0.31,0.19,0.02,0.06,73.0,64.0,51.0,0.58
5125,2006.0,0.33,0.01,0.0,0.03,68.0,10.0,8.0,0.37
4977,2008.0,0.34,0.02,0.0,0.03,72.0,20.0,16.0,0.38
6493,2015.0,0.11,0.13,0.0,0.02,81.0,16.0,135.0,0.26
2494,2012.0,0.42,0.21,0.1,0.09,84.0,51.0,191.0,0.83
11628,2000.0,0.04,0.03,0.0,0.01,67.0,10.0,7.0,0.08
8673,2007.0,0.06,0.05,0.04,0.02,77.0,12.0,8.0,0.16
2418,2006.0,0.01,0.72,0.12,0.01,81.0,10.0,14.0,0.86
1408,2008.0,0.6,0.01,0.0,0.76,77.0,12.0,16.0,1.37
844,2005.0,1.15,0.04,0.83,0.0,62.0,34.0,97.0,2.02
4375,2011.0,0.13,0.23,0.0,0.08,70.0,46.0,162.0,0.44
3703,2010.0,0.11,0.04,0.36,0.02,58.0,18.0,20.0,0.54
6065,2004.0,0.14,0.11,0.0,0.04,84.0,46.0,27.0,0.29
2000,2012.0,0.12,0.63,0.05,0.23,81.0,23.0,54.0,1.03
9573,2008.0,0.06,0.05,0.0,0.02,52.0,9.0,13.0,0.13
932,2004.0,1.12,0.69,0.03,0.02,71.0,32.0,24.0,1.86
15117,2016.0,0.0,0.02,0.0,0.0,62.0,31.0,36.0,0.02
2050,2014.0,0.58,0.34,0.0,0.09,72.0,32.0,318.0,1.01
14716,2009.0,0.0,0.02,0.0,0.0,90.0,11.0,819.0,0.03
7170,2011.0,0.13,0.07,0.0,0.03,58.0,43.0,29.0,0.22
13393,2000.0,0.01,0.03,0.0,0.01,92.0,38.0,451.0,0.05
13691,2007.0,0.0,0.04,0.0,0.01,70.0,18.0,163.0,0.04
9055,2009.0,0.07,0.0,0.06,0.01,68.0,13.0,21.0,0.14
7574,2005.0,0.1,0.08,0.0,0.03,51.0,32.0,7.0,0.2
16416,2015.0,0.0,0.01,0.0,0.0,67.0,9.0,35.0,0.01
13276,2007.0,0.01,0.01,0.03,0.0,79.0,39.0,17.0,0.05
7907,2014.0,0.0,0.16,0.0,0.03,47.0,19.0,18.0,0.19
11,2005.0,9.71,7.47,4.13,1.9,91.0,64.0,464.0,23.21
767,2016.0,0.81,0.85,0.15,0.33,90.0,31.0,1358.0,2.14
1587,2008.0,0.94,0.16,0.02,0.13,63.0,64.0,223.0,1.25
2666,2002.0,0.38,0.29,0.0,0.1,81.0,15.0,17.0,0.77
11887,2006.0,0.06,0.01,0.0,0.01,38.0,18.0,14.0,0.07
0,2006.0,41.36,28.96,3.77,8.45,76.0,51.0,322.0,82.53
173,2009.0,1.74,1.21,1.87,0.51,83.0,83.0,2483.0,5.33
8306,2011.0,0.11,0.05,0.0,0.01,60.0,48.0,37.0,0.17
5604,2000.0,0.16,0.12,0.0,0.04,79.0,18.0,9.0,0.32
15651,2010.0,0.01,0.0,0.0,0.0,82.0,73.0,319.0,0.02
7493,2005.0,0.16,0.04,0.0,0.01,48.0,11.0,11.0,0.21
13361,2004.0,0.0,0.04,0.0,0.01,89.0,72.0,724.0,0.05
3825,2010.0,0.28,0.19,0.0,0.05,79.0,51.0,19.0,0.52
1214,2008.0,0.78,0.43,0.19,0.14,69.0,6.0,14.0,1.54
4516,2003.0,0.21,0.16,0.0,0.05,74.0,22.0,33.0,0.43
8543,2003.0,0.08,0.06,0.0,0.02,83.0,23.0,12.0,0.16
23,2013.0,9.66,5.14,0.06,1.41,97.0,58.0,3711.0,16.27
1348,2012.0,0.63,0.56,0.03,0.2,93.0,30.0,1849.0,1.42
5817,2002.0,0.15,0.12,0.0,0.04,59.0,17.0,4.0,0.31
15346,2005.0,0.0,0.02,0.0,0.0,85.0,41.0,375.0,0.02
6257,2006.0,0.24,0.01,0.0,0.02,71.0,17.0,9.0,0.27
561,2010.0,2.38,0.12,0.0,0.18,84.0,47.0,120.0,2.69
4070,2008.0,0.14,0.3,0.0,0.05,58.0,53.0,162.0,0.48
9644,2009.0,0.12,0.0,0.0,0.01,36.0,8.0,4.0,0.13
14158,2007.0,0.0,0.03,0.0,0.01,83.0,26.0,242.0,0.03
15732,2005.0,0.01,0.0,0.0,0.0,43.0,13.0,5.0,0.02
12777,2014.0,0.03,0.0,0.02,0.01,64.0,11.0,17.0,0.06
6886,2004.0,0.17,0.06,0.0,0.0,68.0,33.0,23.0,0.24
15379,2013.0,0.0,0.02,0.0,0.0,58.0,5.0,30.0,0.02
10977,2005.0,0.04,0.04,0.0,0.01,71.0,36.0,25.0,0.09
3441,2008.0,0.54,0.0,0.0,0.04,81.0,20.0,25.0,0.58
2851,2015.0,0.21,0.46,0.0,0.05,93.0,32.0,10665.0,0.72
8108,2012.0,0.1,0.06,0.0,0.02,71.0,45.0,14.0,0.18
5748,2005.0,0.23,0.07,0.0,0.01,85.0,41.0,25.0,0.31
8106,2010.0,0.17,0.0,0.0,0.01,57.0,4.0,10.0,0.18
12337,2006.0,0.04,0.01,0.01,0.0,37.0,13.0,25.0,0.06
8988,2003.0,0.11,0.03,0.0,0.01,66.0,42.0,28.0,0.14
5418,2010.0,0.13,0.15,0.01,0.05,60.0,39.0,11.0,0.34
4350,2004.0,0.35,0.09,0.0,0.01,83.0,17.0,7.0,0.45
12295,2009.0,0.06,0.0,0.0,0.0,41.0,4.0,5.0,0.06
14832,2004.0,0.0,0.02,0.0,0.0,84.0,48.0,133.0,0.03
2919,2001.0,0.5,0.19,0.0,0.01,92.0,28.0,95.0,0.7
12601,2007.0,0.05,0.0,0.0,0.0,52.0,6.0,12.0,0.06
12083,2004.0,0.05,0.01,0.0,0.0,73.0,35.0,4.0,0.07
369,2010.0,0.71,2.39,0.02,0.4,88.0,66.0,155.0,3.52
2429,2010.0,0.32,0.42,0.02,0.09,83.0,61.0,58.0,0.85
463,2010.0,1.29,1.21,0.06,0.47,87.0,107.0,2759.0,3.03
6818,2003.0,0.18,0.05,0.0,0.01,75.0,26.0,7.0,0.24
1620,2009.0,0.43,0.47,0.05,0.28,63.0,38.0,69.0,1.23
14245,2009.0,0.0,0.02,0.0,0.01,66.0,29.0,9.0,0.03
8285,2000.0,0.08,0.07,0.0,0.02,65.0,16.0,7.0,0.17
4918,2010.0,0.14,0.18,0.0,0.07,41.0,28.0,36.0,0.39
9643,2015.0,0.0,0.12,0.0,0.01,83.0,48.0,418.0,0.13
10500,2008.0,0.09,0.01,0.0,0.01,66.0,44.0,57.0,0.1
3302,2008.0,0.56,0.0,0.0,0.05,70.0,28.0,34.0,0.61
14472,1985.0,0.0,0.03,0.0,0.01,59.0,9.0,19.0,0.03
8818,2006.0,0.12,0.03,0.0,0.0,51.0,24.0,9.0,0.15
1134,2012.0,0.86,0.62,0.01,0.13,86.0,80.0,869.0,1.62
5621,2003.0,0.16,0.12,0.0,0.04,59.0,12.0,6.0,0.32
3615,2006.0,0.42,0.12,0.0,0.01,88.0,20.0,10.0,0.56
13120,2006.0,0.03,0.0,0.01,0.0,37.0,10.0,7.0,0.05
8421,2007.0,0.15,0.01,0.0,0.01,72.0,48.0,37.0,0.17
12011,2003.0,0.05,0.02,0.0,0.0,59.0,11.0,5.0,0.07
2370,2008.0,0.5,0.28,0.0,0.09,61.0,8.0,18.0,0.88
9429,2008.0,0.11,0.0,0.01,0.01,79.0,16.0,21.0,0.13
1545,2001.0,0.62,0.49,0.0,0.16,89.0,34.0,557.0,1.28
9011,2003.0,0.1,0.04,0.0,0.0,83.0,21.0,8.0,0.14
13994,2015.0,0.01,0.0,0.03,0.0,69.0,13.0,16.0,0.04
810,2005.0,1.77,0.12,0.02,0.17,72.0,21.0,54.0,2.07
1357,2008.0,0.8,0.47,0.0,0.14,81.0,18.0,34.0,1.42
5507,2011.0,0.17,0.13,0.0,0.03,47.0,6.0,5.0,0.33
1941,2007.0,0.28,0.58,0.0,0.21,89.0,21.0,188.0,1.06
2833,2009.0,0.36,0.29,0.0,0.07,55.0,32.0,28.0,0.72
14192,2011.0,0.0,0.03,0.0,0.01,55.0,7.0,33.0,0.03
1356,2011.0,0.73,0.48,0.0,0.21,89.0,78.0,535.0,1.42
2986,2008.0,0.32,0.25,0.0,0.11,42.0,27.0,45.0,0.68
1780,2005.0,0.78,0.03,0.2,0.13,91.0,77.0,933.0,1.14
8199,2015.0,0.1,0.04,0.0,0.03,59.0,27.0,70.0,0.18
3948,2007.0,0.43,0.03,0.0,0.04,62.0,16.0,12.0,0.5
6396,2004.0,0.13,0.1,0.0,0.03,66.0,20.0,6.0,0.27
1107,2016.0,0.65,0.45,0.34,0.22,89.0,69.0,1940.0,1.65
6193,2014.0,0.17,0.0,0.08,0.02,71.0,34.0,133.0,0.28
5525,2013.0,0.09,0.05,0.15,0.04,80.0,55.0,235.0,0.33
6167,2004.0,0.14,0.11,0.0,0.04,46.0,23.0,10.0,0.28
3983,2006.0,0.42,0.04,0.0,0.04,89.0,61.0,140.0,0.5
3073,2004.0,0.17,0.13,0.3,0.05,63.0,44.0,47.0,0.66
5295,2015.0,0.0,0.33,0.0,0.02,81.0,34.0,97.0,0.35
2978,2010.0,0.52,0.08,0.01,0.08,85.0,46.0,172.0,0.68
10083,2010.0,0.08,0.02,0.0,0.02,63.0,16.0,15.0,0.11
742,2010.0,1.03,0.96,0.0,0.21,88.0,73.0,206.0,2.2
1505,2009.0,0.97,0.23,0.0,0.11,89.0,76.0,127.0,1.3
10338,2009.0,0.09,0.0,0.0,0.01,77.0,5.0,13.0,0.11
302,2009.0,2.67,0.87,0.05,0.38,89.0,76.0,681.0,3.97
7947,2002.0,0.12,0.03,0.03,0.01,82.0,24.0,24.0,0.19
249,2001.0,2.66,1.29,0.01,0.46,97.0,34.0,298.0,4.41
442,2005.0,1.21,1.56,0.06,0.29,82.0,43.0,101.0,3.12
3417,2003.0,0.34,0.13,0.11,0.01,81.0,25.0,116.0,0.59
6538,2016.0,0.12,0.08,0.02,0.04,68.0,55.0,402.0,0.26
6827,2011.0,0.16,0.06,0.0,0.02,58.0,22.0,46.0,0.24
2907,2011.0,0.3,0.14,0.2,0.06,79.0,61.0,372.0,0.7
784,2003.0,0.63,0.21,1.13,0.13,78.0,24.0,201.0,2.11
5379,2013.0,0.06,0.25,0.0,0.04,80.0,82.0,6157.0,0.34
5388,2014.0,0.13,0.18,0.0,0.03,91.0,6.0,218.0,0.34
11300,2006.0,0.01,0.06,0.0,0.01,79.0,45.0,240.0,0.08
10316,2012.0,0.07,0.03,0.0,0.01,76.0,12.0,389.0,0.11
7481,2010.0,0.19,0.0,0.0,0.02,79.0,11.0,8.0,0.21
10234,2009.0,0.07,0.03,0.0,0.01,50.0,15.0,8.0,0.11
3285,2009.0,0.42,0.05,0.0,0.14,91.0,48.0,316.0,0.61
5349,2011.0,0.11,0.18,0.0,0.06,57.0,41.0,27.0,0.34
9356,2005.0,0.12,0.0,0.0,0.01,51.0,17.0,7.0,0.13
713,2011.0,1.93,0.15,0.0,0.17,79.0,31.0,56.0,2.25
12147,2012.0,0.03,0.03,0.0,0.01,56.0,23.0,43.0,0.07
10165,2003.0,0.08,0.02,0.0,0.0,88.0,25.0,24.0,0.11
2822,2010.0,0.23,0.42,0.0,0.08,65.0,9.0,5.0,0.72
1562,2008.0,0.96,0.2,0.0,0.11,30.0,4.0,23.0,1.27
460,2008.0,1.75,1.01,0.0,0.29,72.0,16.0,16.0,3.05
4711,2002.0,0.2,0.16,0.0,0.05,58.0,17.0,18.0,0.41
5199,2005.0,0.27,0.08,0.0,0.01,84.0,27.0,15.0,0.36
376,2010.0,2.85,0.38,0.03,0.24,89.0,81.0,693.0,3.49
14631,2012.0,0.0,0.02,0.0,0.0,59.0,12.0,210.0,0.03
8036,2014.0,0.06,0.02,0.08,0.02,76.0,26.0,44.0,0.18
371,2008.0,2.66,0.49,0.05,0.3,89.0,67.0,1309.0,3.51
7828,2009.0,0.12,0.0,0.06,0.01,64.0,26.0,43.0,0.19
3428,2007.0,0.39,0.02,0.13,0.04,67.0,34.0,47.0,0.58
417,2015.0,0.89,2.12,0.0,0.24,84.0,45.0,459.0,3.25
1264,2010.0,0.8,0.49,0.0,0.21,63.0,41.0,121.0,1.5
4893,2011.0,0.36,0.01,0.0,0.03,49.0,18.0,16.0,0.39
3495,2013.0,0.33,0.19,0.0,0.05,75.0,18.0,203.0,0.57
3685,2013.0,0.01,0.42,0.03,0.09,77.0,22.0,40.0,0.54
11677,2008.0,0.07,0.0,0.0,0.01,83.0,38.0,27.0,0.08
6769,2012.0,0.03,0.17,0.0,0.04,79.0,26.0,1327.0,0.24
12823,2013.0,0.04,0.01,0.0,0.01,19.0,14.0,433.0,0.06
6109,2007.0,0.14,0.1,0.0,0.05,40.0,17.0,16.0,0.28
2035,2006.0,0.97,0.03,0.0,0.03,83.0,27.0,6.0,1.02
7405,2007.0,0.18,0.02,0.0,0.02,60.0,8.0,15.0,0.21
7857,2005.0,0.09,0.07,0.0,0.02,62.0,15.0,10.0,0.19
1330,2013.0,0.97,0.34,0.0,0.13,74.0,38.0,79.0,1.44
6040,2007.0,0.23,0.0,0.04,0.02,83.0,12.0,45.0,0.29
2519,2008.0,0.34,0.04,0.36,0.08,90.0,47.0,634.0,0.82
2962,2011.0,0.28,0.32,0.0,0.09,77.0,56.0,173.0,0.69
15973,2006.0,0.0,0.01,0.0,0.0,56.0,25.0,35.0,0.02
12079,2000.0,0.03,0.03,0.0,0.01,72.0,12.0,4.0,0.07
11200,2007.0,0.04,0.03,0.0,0.01,50.0,11.0,9.0,0.09
6894,2010.0,0.12,0.09,0.0,0.02,75.0,13.0,15.0,0.24
7217,2007.0,0.2,0.0,0.0,0.02,56.0,31.0,5.0,0.22
9855,2015.0,0.08,0.02,0.01,0.01,45.0,31.0,81.0,0.12
5794,2002.0,0.15,0.12,0.0,0.04,73.0,34.0,11.0,0.31
14689,2006.0,0.03,0.0,0.0,0.0,81.0,16.0,6.0,0.03
9485,2012.0,0.08,0.01,0.03,0.01,83.0,21.0,60.0,0.13
2295,2005.0,0.75,0.03,0.0,0.12,90.0,52.0,114.0,0.9
1958,2008.0,0.65,0.3,0.01,0.1,72.0,69.0,152.0,1.06
11261,2009.0,0.07,0.0,0.0,0.01,62.0,12.0,11.0,0.09
12089,2004.0,0.05,0.02,0.0,0.0,75.0,21.0,7.0,0.07
10245,2009.0,0.0,0.09,0.0,0.02,85.0,47.0,526.0,0.11
7367,2010.0,0.05,0.12,0.0,0.04,73.0,4.0,4.0,0.21
498,2003.0,0.08,1.24,1.13,0.45,93.0,28.0,45.0,2.9
10955,2003.0,0.07,0.02,0.0,0.0,77.0,18.0,8.0,0.09
1833,2010.0,0.63,0.36,0.02,0.1,70.0,91.0,202.0,1.12
14110,2003.0,0.0,0.03,0.0,0.0,80.0,19.0,57.0,0.04
14668,2002.0,0.02,0.01,0.0,0.0,44.0,14.0,5.0,0.03
13339,2004.0,0.02,0.02,0.0,0.01,60.0,4.0,6.0,0.05
3131,2008.0,0.27,0.31,0.0,0.07,54.0,12.0,29.0,0.64
5609,2016.0,0.13,0.16,0.0,0.03,88.0,62.0,535.0,0.32
13899,2006.0,0.03,0.01,0.0,0.0,73.0,42.0,24.0,0.04
7643,2000.0,0.0,0.0,0.2,0.0,90.0,17.0,57.0,0.2
3684,2013.0,0.28,0.17,0.0,0.09,80.0,22.0,79.0,0.54
13813,2003.0,0.01,0.02,0.0,0.01,89.0,30.0,274.0,0.04
10335,2014.0,0.09,0.0,0.0,0.02,67.0,7.0,20.0,0.11
3476,2000.0,0.32,0.22,0.0,0.04,77.0,14.0,32.0,0.58
11629,2003.0,0.06,0.02,0.0,0.0,71.0,24.0,13.0,0.08
10945,2004.0,0.07,0.02,0.0,0.0,58.0,10.0,4.0,0.09
11556,2013.0,0.04,0.03,0.0,0.01,49.0,7.0,13.0,0.08
14828,2006.0,0.01,0.01,0.0,0.0,62.0,13.0,11.0,0.03
141,2010.0,3.92,1.73,0.03,0.51,73.0,51.0,95.0,6.19
3015,2006.0,0.54,0.03,0.04,0.05,63.0,54.0,121.0,0.67
13591,2003.0,0.03,0.01,0.0,0.0,74.0,11.0,6.0,0.04
759,2010.0,1.28,0.67,0.01,0.21,82.0,54.0,539.0,2.16
13173,2012.0,0.0,0.05,0.0,0.0,77.0,6.0,6.0,0.05
3168,2015.0,0.37,0.2,0.0,0.06,74.0,31.0,336.0,0.64
4526,2012.0,0.16,0.22,0.0,0.05,87.0,30.0,2202.0,0.43
16338,2006.0,0.01,0.0,0.0,0.0,82.0,22.0,52.0,0.01
4397,2008.0,0.37,0.03,0.02,0.03,80.0,26.0,21.0,0.44
10401,2008.0,0.1,0.0,0.0,0.01,79.0,29.0,11.0,0.11
12319,2002.0,0.05,0.01,0.0,0.0,85.0,20.0,7.0,0.06
706,2001.0,0.9,0.73,0.54,0.09,88.0,17.0,42.0,2.26
3777,2005.0,0.32,0.19,0.0,0.02,72.0,42.0,15.0,0.53
733,2015.0,0.55,1.19,0.14,0.33,73.0,40.0,480.0,2.21
1113,2006.0,0.76,0.69,0.02,0.18,77.0,52.0,82.0,1.65
4356,2010.0,0.21,0.2,0.0,0.04,38.0,42.0,46.0,0.45
4170,2008.0,0.16,0.25,0.01,0.05,82.0,64.0,61.0,0.47
4228,2001.0,0.13,0.1,0.2,0.03,71.0,15.0,22.0,0.46
915,2013.0,1.15,0.56,0.0,0.17,74.0,46.0,685.0,1.88
902,2004.0,0.94,0.73,0.0,0.25,80.0,18.0,46.0,1.92
1705,2006.0,0.38,0.35,0.38,0.08,87.0,54.0,147.0,1.18
6815,2009.0,0.21,0.0,0.01,0.02,64.0,4.0,10.0,0.24
11638,2008.0,0.06,0.01,0.0,0.01,75.0,38.0,12.0,0.08
7785,2003.0,0.14,0.04,0.0,0.01,74.0,30.0,21.0,0.19
13597,2007.0,0.04,0.0,0.0,0.0,67.0,9.0,9.0,0.04
12530,2005.0,0.0,0.05,0.0,0.01,86.0,64.0,626.0,0.06
2720,2015.0,0.41,0.26,0.01,0.07,95.0,10.0,900.0,0.75
1897,2009.0,0.01,0.97,0.0,0.1,90.0,62.0,2981.0,1.08
5454,2006.0,0.3,0.01,0.0,0.03,64.0,9.0,7.0,0.33
3039,2003.0,0.32,0.25,0.0,0.08,61.0,21.0,9.0,0.66
7746,2010.0,0.1,0.04,0.04,0.02,72.0,38.0,38.0,0.19
4197,2011.0,0.28,0.13,0.01,0.04,54.0,56.0,44.0,0.47
5241,2012.0,0.2,0.12,0.0,0.03,31.0,13.0,18.0,0.36
13704,2008.0,0.04,0.0,0.0,0.0,42.0,14.0,13.0,0.04
6633,2011.0,0.1,0.13,0.0,0.03,76.0,14.0,44.0,0.25
3066,2003.0,0.43,0.2,0.0,0.03,81.0,30.0,15.0,0.66
589,2009.0,1.7,0.44,0.06,0.4,91.0,50.0,529.0,2.6
15044,2002.0,0.02,0.01,0.0,0.0,48.0,4.0,4.0,0.02
3813,2003.0,0.26,0.2,0.0,0.07,66.0,21.0,23.0,0.53
13805,2003.0,0.03,0.01,0.0,0.0,47.0,5.0,6.0,0.04
11060,2015.0,0.0,0.01,0.08,0.0,58.0,16.0,69.0,0.09
2961,2003.0,0.53,0.14,0.0,0.02,84.0,23.0,21.0,0.69
9669,2016.0,0.04,0.08,0.0,0.01,86.0,17.0,60.0,0.12
2024,2016.0,0.86,0.06,0.0,0.11,90.0,17.0,91.0,1.02
222,2007.0,2.83,1.48,0.0,0.45,80.0,9.0,46.0,4.76
4838,2001.0,0.35,0.03,0.0,0.02,76.0,15.0,6.0,0.4
1556,2008.0,1.0,0.16,0.0,0.11,84.0,32.0,44.0,1.27
2391,2011.0,0.62,0.18,0.0,0.07,63.0,31.0,29.0,0.87
7262,2009.0,0.08,0.12,0.0,0.02,72.0,45.0,36.0,0.22
11137,2011.0,0.0,0.0,0.09,0.0,73.0,6.0,27.0,0.09
5883,2000.0,0.15,0.11,0.0,0.04,90.0,16.0,42.0,0.3
14858,2011.0,0.0,0.02,0.0,0.01,74.0,44.0,602.0,0.03
11228,2010.0,0.08,0.0,0.0,0.01,56.0,7.0,5.0,0.09
13043,2002.0,0.03,0.02,0.0,0.01,70.0,14.0,5.0,0.05
12283,2004.0,0.05,0.01,0.0,0.0,62.0,29.0,5.0,0.06
7963,2010.0,0.09,0.08,0.0,0.02,63.0,25.0,307.0,0.19
914,2008.0,1.56,0.14,0.0,0.18,85.0,38.0,132.0,1.88
16008,2007.0,0.01,0.0,0.0,0.0,84.0,55.0,231.0,0.02
5622,2012.0,0.15,0.1,0.03,0.04,70.0,33.0,136.0,0.32
9040,2004.0,0.07,0.05,0.0,0.02,81.0,40.0,22.0,0.14
1316,2003.0,0.54,0.35,0.46,0.1,71.0,40.0,94.0,1.45
12621,2002.0,0.04,0.02,0.0,0.0,80.0,17.0,10.0,0.06
8130,2011.0,0.06,0.09,0.0,0.03,70.0,38.0,547.0,0.18
5348,2013.0,0.22,0.09,0.01,0.03,69.0,6.0,256.0,0.34
5598,2007.0,0.14,0.02,0.15,0.02,73.0,52.0,40.0,0.32
3245,2004.0,0.3,0.24,0.0,0.08,48.0,14.0,4.0,0.62
4109,2013.0,0.3,0.14,0.0,0.04,82.0,46.0,358.0,0.48
1394,2008.0,0.43,0.69,0.01,0.26,85.0,49.0,241.0,1.38
246,2005.0,2.71,1.29,0.02,0.43,94.0,75.0,997.0,4.45
6970,2002.0,0.17,0.05,0.0,0.01,85.0,20.0,6.0,0.23
13228,2016.0,0.02,0.0,0.02,0.0,78.0,22.0,41.0,0.05
16490,2016.0,0.01,0.0,0.0,0.0,42.0,9.0,7.0,0.01
2188,2011.0,0.48,0.27,0.13,0.06,81.0,65.0,231.0,0.94
1799,2001.0,0.12,0.1,0.88,0.03,73.0,15.0,32.0,1.14
3938,2006.0,0.42,0.02,0.0,0.07,55.0,41.0,25.0,0.5
16169,2006.0,0.0,0.01,0.0,0.0,58.0,6.0,31.0,0.01
2845,2009.0,0.62,0.04,0.0,0.06,77.0,23.0,24.0,0.72
14436,2006.0,0.03,0.0,0.0,0.0,58.0,17.0,7.0,0.03
1838,2007.0,0.92,0.04,0.0,0.15,69.0,50.0,31.0,1.11
10538,2009.0,0.09,0.0,0.0,0.01,56.0,14.0,4.0,0.1
6830,2001.0,0.18,0.05,0.0,0.01,52.0,26.0,14.0,0.24
14385,2005.0,0.02,0.01,0.0,0.0,62.0,21.0,6.0,0.03
3365,2016.0,0.17,0.34,0.0,0.09,69.0,50.0,88.0,0.6
15156,2008.0,0.0,0.02,0.0,0.0,45.0,11.0,45.0,0.02
5753,2015.0,0.17,0.08,0.0,0.05,81.0,51.0,29.0,0.31
6566,2002.0,0.19,0.06,0.0,0.01,79.0,15.0,7.0,0.26
8057,2008.0,0.16,0.01,0.0,0.01,72.0,37.0,33.0,0.18
5616,2011.0,0.06,0.14,0.07,0.05,67.0,36.0,18.0,0.32
9403,2009.0,0.12,0.0,0.01,0.01,76.0,12.0,15.0,0.13
3250,2016.0,0.28,0.29,0.0,0.05,67.0,20.0,274.0,0.62
5730,2013.0,0.19,0.09,0.0,0.03,68.0,5.0,127.0,0.31
2226,2007.0,0.77,0.03,0.0,0.13,83.0,25.0,19.0,0.93
4766,2010.0,0.36,0.02,0.0,0.02,79.0,43.0,20.0,0.4
2007,2005.0,0.7,0.05,0.21,0.07,75.0,48.0,33.0,1.03
16090,2013.0,0.0,0.01,0.0,0.0,62.0,24.0,169.0,0.01
1065,2001.0,0.87,0.66,0.08,0.08,64.0,8.0,7.0,1.69
88,1999.0,2.28,1.72,3.63,0.23,90.0,24.0,644.0,7.86
12275,2015.0,0.0,0.06,0.0,0.01,72.0,14.0,23.0,0.07
9394,2002.0,0.1,0.03,0.0,0.0,44.0,19.0,11.0,0.13
11254,2004.0,0.04,0.03,0.0,0.01,54.0,29.0,7.0,0.09
2190,2003.0,0.46,0.36,0.0,0.12,79.0,45.0,74.0,0.94
8218,2001.0,0.09,0.07,0.0,0.02,49.0,12.0,6.0,0.17
5438,2008.0,0.29,0.02,0.0,0.03,88.0,25.0,41.0,0.33
341,2002.0,2.13,1.18,0.01,0.35,94.0,27.0,128.0,3.67
11485,2003.0,0.04,0.03,0.0,0.01,79.0,16.0,10.0,0.08
10737,2014.0,0.05,0.02,0.02,0.01,53.0,31.0,79.0,0.1
3733,2013.0,0.4,0.09,0.0,0.05,81.0,30.0,92.0,0.54
7996,2003.0,0.14,0.04,0.0,0.01,73.0,43.0,17.0,0.18
9777,2001.0,0.09,0.03,0.0,0.0,65.0,24.0,7.0,0.12
1948,2016.0,0.63,0.33,0.0,0.1,91.0,18.0,668.0,1.06
6647,2007.0,0.22,0.01,0.0,0.02,85.0,44.0,44.0,0.25
3561,2008.0,0.34,0.17,0.0,0.05,64.0,11.0,19.0,0.56
16317,2016.0,0.01,0.0,0.0,0.0,56.0,4.0,14.0,0.01
407,2005.0,1.47,1.39,0.03,0.43,60.0,34.0,82.0,3.32
3693,2005.0,0.27,0.21,0.0,0.07,66.0,21.0,49.0,0.54
1085,2000.0,1.58,0.05,0.0,0.04,90.0,14.0,4.0,1.67
2670,2005.0,0.71,0.0,0.0,0.06,79.0,45.0,38.0,0.77
5519,2012.0,0.14,0.15,0.0,0.04,55.0,30.0,599.0,0.33
2697,2011.0,0.3,0.37,0.03,0.07,52.0,29.0,31.0,0.76
6536,2012.0,0.06,0.04,0.14,0.02,70.0,17.0,120.0,0.26
551,2007.0,1.21,1.19,0.04,0.29,69.0,44.0,174.0,2.73
1531,2010.0,0.69,0.47,0.01,0.12,79.0,26.0,66.0,1.29
4222,2010.0,0.0,0.29,0.0,0.17,74.0,25.0,51.0,0.46
3820,2007.0,0.17,0.26,0.0,0.1,76.0,18.0,12.0,0.52
14570,2013.0,0.0,0.03,0.0,0.0,72.0,18.0,48.0,0.03
2311,2002.0,0.65,0.22,0.0,0.03,71.0,16.0,15.0,0.9
2503,2002.0,0.58,0.22,0.0,0.03,78.0,30.0,25.0,0.82
5372,2010.0,0.23,0.09,0.0,0.03,75.0,28.0,23.0,0.34
12115,2006.0,0.04,0.02,0.0,0.01,58.0,15.0,7.0,0.07
101,2011.0,4.46,2.11,0.06,0.69,84.0,57.0,2142.0,7.32
465,2008.0,1.94,0.79,0.02,0.28,81.0,75.0,307.0,3.03
9287,2005.0,0.12,0.0,0.0,0.01,65.0,17.0,17.0,0.14
8711,2007.0,0.14,0.0,0.0,0.01,73.0,23.0,21.0,0.15
9727,1998.0,0.07,0.05,0.0,0.01,79.0,6.0,6.0,0.12
553,2002.0,1.75,0.52,0.33,0.1,95.0,30.0,314.0,2.7
7177,2008.0,0.19,0.01,0.0,0.02,61.0,15.0,7.0,0.22
5183,2009.0,0.12,0.02,0.21,0.01,73.0,21.0,24.0,0.36
16313,2007.0,0.0,0.01,0.0,0.0,72.0,13.0,24.0,0.01
1756,2010.0,0.54,0.5,0.0,0.12,45.0,39.0,89.0,1.16
3007,2002.0,0.22,0.17,0.23,0.06,74.0,23.0,33.0,0.67
8410,2002.0,0.1,0.02,0.04,0.0,72.0,22.0,15.0,0.17
2406,2000.0,0.3,0.2,0.3,0.06,92.0,19.0,129.0,0.87
1739,2004.0,0.68,0.25,0.21,0.02,81.0,43.0,31.0,1.17
461,2008.0,1.91,0.84,0.0,0.29,75.0,42.0,32.0,3.04
14272,2011.0,0.0,0.03,0.0,0.01,63.0,12.0,27.0,0.03
10543,2002.0,0.08,0.02,0.0,0.0,70.0,13.0,7.0,0.1
11053,2005.0,0.04,0.03,0.0,0.01,71.0,15.0,19.0,0.09
3759,2004.0,0.26,0.2,0.0,0.07,58.0,24.0,21.0,0.53
6378,2014.0,0.15,0.09,0.0,0.02,69.0,16.0,32.0,0.27
13939,2009.0,0.02,0.02,0.0,0.0,72.0,21.0,16.0,0.04
11777,2002.0,0.04,0.03,0.0,0.01,74.0,24.0,12.0,0.07
14316,2006.0,0.03,0.0,0.0,0.0,69.0,18.0,7.0,0.03
2868,2007.0,0.0,0.69,0.0,0.02,91.0,56.0,1970.0,0.71
13579,2009.0,0.0,0.03,0.0,0.01,70.0,23.0,125.0,0.04
11416,2004.0,0.06,0.02,0.0,0.0,75.0,4.0,5.0,0.08
11176,2005.0,0.07,0.02,0.0,0.0,55.0,4.0,19.0,0.09
2239,2003.0,0.45,0.35,0.0,0.12,59.0,29.0,31.0,0.92
3072,2002.0,0.47,0.17,0.0,0.01,71.0,7.0,5.0,0.66
5648,2014.0,0.09,0.16,0.02,0.05,59.0,60.0,310.0,0.32
12598,2002.0,0.04,0.02,0.0,0.0,67.0,14.0,10.0,0.06
8351,2008.0,0.13,0.02,0.0,0.02,47.0,23.0,10.0,0.17
3848,2014.0,0.18,0.24,0.02,0.08,68.0,45.0,425.0,0.52
5877,2003.0,0.21,0.08,0.0,0.01,48.0,14.0,8.0,0.3
11582,2014.0,0.03,0.01,0.02,0.02,72.0,28.0,35.0,0.08
3742,2008.0,0.48,0.01,0.0,0.04,46.0,7.0,7.0,0.53
9537,2014.0,0.02,0.02,0.07,0.01,67.0,19.0,61.0,0.13
10891,2007.0,0.01,0.06,0.0,0.02,72.0,32.0,216.0,0.09
2105,2007.0,0.38,0.5,0.0,0.11,59.0,13.0,18.0,0.98
11273,2000.0,0.04,0.03,0.0,0.01,48.0,16.0,39.0,0.08
10416,2013.0,0.05,0.0,0.04,0.02,59.0,13.0,72.0,0.1
9774,2011.0,0.07,0.04,0.0,0.02,50.0,4.0,4.0,0.12
1459,2006.0,1.22,0.05,0.05,0.01,74.0,26.0,60.0,1.34
4118,2001.0,0.34,0.13,0.0,0.01,50.0,5.0,6.0,0.48
6174,2002.0,0.14,0.11,0.0,0.04,76.0,22.0,15.0,0.28
7652,2008.0,0.18,0.0,0.01,0.01,71.0,7.0,35.0,0.2
4671,2005.0,0.26,0.13,0.0,0.02,74.0,39.0,28.0,0.41
6770,2015.0,0.16,0.01,0.05,0.02,79.0,32.0,82.0,0.24
11997,2014.0,0.0,0.04,0.02,0.01,83.0,14.0,108.0,0.07
5592,2007.0,0.3,0.0,0.0,0.02,74.0,26.0,5.0,0.32
6899,2007.0,0.03,0.14,0.0,0.07,57.0,28.0,18.0,0.24
9481,2010.0,0.09,0.03,0.0,0.01,42.0,14.0,18.0,0.13
9556,2006.0,0.11,0.01,0.0,0.01,61.0,31.0,7.0,0.13
14729,2009.0,0.01,0.01,0.0,0.0,63.0,8.0,5.0,0.03
9560,2012.0,0.08,0.02,0.02,0.01,38.0,58.0,92.0,0.13
9550,2004.0,0.1,0.03,0.0,0.0,48.0,20.0,8.0,0.13
3188,2005.0,0.53,0.02,0.0,0.09,78.0,18.0,18.0,0.63
10592,2013.0,0.09,0.0,0.0,0.01,68.0,7.0,20.0,0.1
4843,2003.0,0.19,0.15,0.0,0.05,73.0,39.0,22.0,0.4
1825,2005.0,0.66,0.4,0.0,0.05,78.0,46.0,27.0,1.12
2619,2006.0,0.67,0.04,0.01,0.06,85.0,59.0,148.0,0.78
11034,2008.0,0.08,0.01,0.0,0.01,69.0,11.0,4.0,0.09
1758,2008.0,0.0,1.14,0.0,0.01,83.0,29.0,30.0,1.15
10336,2009.0,0.09,0.01,0.0,0.01,53.0,8.0,4.0,0.11
12314,2014.0,0.0,0.0,0.06,0.0,70.0,9.0,14.0,0.06
7413,2008.0,0.06,0.14,0.0,0.01,63.0,17.0,6.0,0.21
15172,2010.0,0.0,0.02,0.0,0.0,66.0,34.0,694.0,0.02
2055,2012.0,0.52,0.36,0.05,0.08,77.0,70.0,758.0,1.01
452,2001.0,2.5,0.16,0.01,0.42,94.0,23.0,46.0,3.08
5059,2004.0,0.29,0.08,0.0,0.01,67.0,22.0,8.0,0.38
1026,2015.0,0.61,0.78,0.06,0.27,63.0,94.0,3172.0,1.74
8853,2002.0,0.12,0.03,0.0,0.0,83.0,16.0,6.0,0.15
1375,2002.0,1.07,0.28,0.0,0.05,79.0,29.0,11.0,1.4
13589,2015.0,0.01,0.0,0.03,0.0,82.0,18.0,86.0,0.04
13473,2001.0,0.0,0.04,0.0,0.01,84.0,16.0,21.0,0.05
10605,2007.0,0.05,0.04,0.0,0.01,65.0,11.0,4.0,0.1
13175,2006.0,0.05,0.0,0.0,0.0,60.0,25.0,9.0,0.05
14230,2007.0,0.0,0.0,0.03,0.0,32.0,7.0,4.0,0.03
1723,2008.0,0.4,0.48,0.0,0.29,76.0,8.0,11.0,1.17
4457,2010.0,0.26,0.12,0.0,0.05,74.0,57.0,96.0,0.44
8008,2005.0,0.14,0.04,0.0,0.01,51.0,27.0,6.0,0.18
10998,2007.0,0.08,0.0,0.0,0.01,44.0,4.0,7.0,0.09
9799,2016.0,0.0,0.11,0.0,0.01,86.0,45.0,915.0,0.12
1544,2006.0,0.45,0.66,0.02,0.15,67.0,21.0,26.0,1.28
4881,2010.0,0.13,0.2,0.0,0.07,38.0,27.0,23.0,0.39
230,2008.0,1.82,1.12,1.32,0.36,73.0,50.0,119.0,4.62
3599,2002.0,0.39,0.15,0.0,0.02,71.0,36.0,41.0,0.56
3180,2001.0,0.41,0.19,0.0,0.03,78.0,24.0,5.0,0.63
7266,2011.0,0.12,0.07,0.0,0.03,80.0,24.0,1428.0,0.22
3109,2003.0,0.19,0.15,0.26,0.05,63.0,55.0,88.0,0.65
9200,2003.0,0.08,0.03,0.03,0.0,51.0,28.0,22.0,0.14
7884,2008.0,0.06,0.02,0.1,0.01,62.0,22.0,31.0,0.19
5113,2010.0,0.09,0.18,0.01,0.1,65.0,10.0,14.0,0.37
14831,2007.0,0.01,0.01,0.0,0.0,59.0,9.0,20.0,0.03
4750,2011.0,0.3,0.08,0.0,0.03,66.0,11.0,4.0,0.41
6463,2011.0,0.06,0.15,0.0,0.05,59.0,27.0,13.0,0.26
8544,2005.0,0.12,0.03,0.0,0.0,67.0,7.0,7.0,0.16
6934,2009.0,0.16,0.05,0.0,0.02,65.0,70.0,57.0,0.24
12231,2003.0,0.05,0.01,0.0,0.0,69.0,23.0,19.0,0.07
3414,2004.0,0.31,0.22,0.0,0.06,60.0,38.0,13.0,0.59
9375,2016.0,0.09,0.03,0.0,0.01,85.0,4.0,123.0,0.13
2975,2008.0,0.25,0.2,0.18,0.06,66.0,49.0,122.0,0.68
165,2014.0,2.81,2.19,0.0,0.47,97.0,14.0,764.0,5.48
6029,2012.0,0.06,0.2,0.0,0.03,68.0,4.0,16.0,0.29
8545,2007.0,0.14,0.01,0.0,0.01,51.0,18.0,17.0,0.16
2230,2009.0,0.36,0.45,0.02,0.1,77.0,47.0,112.0,0.93
3888,2007.0,0.36,0.03,0.08,0.04,53.0,55.0,229.0,0.51
851,2014.0,0.73,0.88,0.08,0.32,89.0,43.0,1984.0,2.01
11888,2007.0,0.0,0.0,0.07,0.0,69.0,10.0,8.0,0.07
479,2001.0,1.36,0.86,0.64,0.13,94.0,37.0,466.0,2.99
11598,2008.0,0.06,0.02,0.0,0.01,64.0,26.0,13.0,0.08
8748,2012.0,0.08,0.02,0.04,0.01,71.0,13.0,19.0,0.15
15190,2008.0,0.0,0.02,0.0,0.0,79.0,22.0,130.0,0.02
1801,2016.0,0.41,0.45,0.11,0.17,79.0,60.0,201.0,1.14
2019,2007.0,0.32,0.59,0.01,0.11,65.0,13.0,26.0,1.02
192,2012.0,2.44,2.16,0.0,0.54,88.0,86.0,9629.0,5.14
3538,2011.0,0.37,0.14,0.0,0.05,66.0,31.0,13.0,0.57
3854,2005.0,0.38,0.12,0.0,0.02,79.0,55.0,29.0,0.52
1221,2012.0,0.18,0.63,0.49,0.24,82.0,37.0,146.0,1.53
8808,2003.0,0.11,0.04,0.0,0.0,75.0,25.0,5.0,0.15
1672,2002.0,0.59,0.46,0.0,0.15,59.0,19.0,20.0,1.2
5891,2003.0,0.15,0.11,0.0,0.04,73.0,19.0,7.0,0.3
10142,2011.0,0.05,0.05,0.0,0.01,51.0,12.0,126.0,0.11
11360,2003.0,0.06,0.02,0.0,0.0,74.0,18.0,9.0,0.08
3446,2012.0,0.38,0.15,0.0,0.05,68.0,31.0,15.0,0.58
2776,2008.0,0.32,0.17,0.19,0.05,79.0,67.0,264.0,0.74
2306,2009.0,0.52,0.25,0.0,0.12,74.0,44.0,10.0,0.9
3978,2004.0,0.3,0.1,0.08,0.02,83.0,64.0,25.0,0.5
12267,2014.0,0.02,0.01,0.03,0.01,60.0,7.0,29.0,0.07
10482,2003.0,0.08,0.02,0.0,0.0,72.0,17.0,5.0,0.1
1304,2008.0,0.72,0.4,0.14,0.2,85.0,65.0,129.0,1.46
13895,2012.0,0.0,0.03,0.0,0.01,48.0,8.0,188.0,0.04
2860,2011.0,0.23,0.4,0.01,0.08,87.0,81.0,166.0,0.72
9499,2003.0,0.06,0.05,0.0,0.02,48.0,26.0,6.0,0.13
1651,2006.0,1.01,0.04,0.0,0.16,71.0,30.0,12.0,1.21
8174,2008.0,0.09,0.07,0.0,0.02,56.0,16.0,27.0,0.18
2581,2009.0,0.43,0.29,0.0,0.07,48.0,10.0,5.0,0.79
154,2014.0,2.49,2.07,0.16,0.92,76.0,95.0,5380.0,5.64
5640,2006.0,0.27,0.03,0.0,0.03,79.0,80.0,117.0,0.32
9367,2007.0,0.11,0.01,0.0,0.01,71.0,43.0,16.0,0.13
9987,2006.0,0.1,0.0,0.0,0.01,74.0,45.0,9.0,0.12
4487,2003.0,0.21,0.17,0.0,0.06,51.0,7.0,16.0,0.43
4059,2008.0,0.24,0.18,0.03,0.05,72.0,50.0,41.0,0.49
11746,2012.0,0.0,0.06,0.0,0.01,86.0,11.0,337.0,0.08
7972,2011.0,0.07,0.09,0.0,0.03,65.0,23.0,7.0,0.19
8200,2008.0,0.14,0.02,0.0,0.01,58.0,15.0,6.0,0.18
1084,2003.0,0.93,0.52,0.0,0.22,93.0,41.0,125.0,1.67
1391,2005.0,0.24,0.18,0.91,0.06,69.0,29.0,68.0,1.39
3929,2004.0,0.25,0.19,0.0,0.06,76.0,54.0,191.0,0.51
3434,2005.0,0.06,0.04,0.47,0.01,58.0,23.0,35.0,0.58
11921,2005.0,0.06,0.01,0.0,0.0,54.0,10.0,11.0,0.07
9190,2011.0,0.05,0.08,0.0,0.01,65.0,15.0,4.0,0.14
9067,2002.0,0.11,0.03,0.0,0.01,84.0,12.0,5.0,0.14
3667,2002.0,0.39,0.14,0.0,0.02,68.0,25.0,9.0,0.55
5361,2002.0,0.25,0.09,0.0,0.01,73.0,9.0,14.0,0.34
1597,2002.0,1.19,0.05,0.0,0.0,74.0,22.0,135.0,1.25
1630,2008.0,1.0,0.13,0.0,0.1,70.0,59.0,48.0,1.23
3473,2013.0,0.14,0.34,0.0,0.1,91.0,23.0,310.0,0.58
11743,2006.0,0.06,0.02,0.0,0.0,78.0,15.0,32.0,0.08
14813,2013.0,0.01,0.0,0.01,0.0,43.0,5.0,24.0,0.03
1593,2006.0,1.01,0.04,0.03,0.16,79.0,62.0,194.0,1.25
9420,2002.0,0.1,0.03,0.0,0.0,60.0,6.0,5.0,0.13
11027,2009.0,0.08,0.0,0.0,0.01,54.0,6.0,5.0,0.09
9925,2005.0,0.09,0.03,0.0,0.0,74.0,26.0,13.0,0.12
1268,2002.0,1.0,0.43,0.0,0.06,81.0,18.0,23.0,1.49
1287,2004.0,1.08,0.2,0.0,0.2,85.0,43.0,25.0,1.48
6323,2015.0,0.16,0.09,0.0,0.02,60.0,26.0,77.0,0.27
10085,2003.0,0.08,0.02,0.0,0.0,67.0,17.0,6.0,0.11
3430,2012.0,0.39,0.13,0.02,0.04,77.0,56.0,124.0,0.58
5982,2009.0,0.11,0.07,0.07,0.03,64.0,27.0,15.0,0.29
7457,2000.0,0.12,0.08,0.0,0.01,28.0,7.0,17.0,0.21
4762,2003.0,0.31,0.08,0.0,0.01,71.0,16.0,9.0,0.4
11249,2008.0,0.0,0.07,0.0,0.01,75.0,10.0,19.0,0.09
13414,2016.0,0.02,0.02,0.0,0.0,87.0,17.0,40.0,0.05
9385,2009.0,0.07,0.03,0.02,0.01,50.0,31.0,15.0,0.13
5417,2009.0,0.14,0.03,0.15,0.02,62.0,22.0,26.0,0.34
9490,2003.0,0.1,0.03,0.0,0.0,62.0,8.0,12.0,0.13
2328,2004.0,0.42,0.16,0.3,0.02,85.0,38.0,132.0,0.89
10050,2008.0,0.11,0.0,0.0,0.01,67.0,14.0,28.0,0.11
1772,2007.0,0.0,1.12,0.0,0.03,92.0,40.0,2360.0,1.15
7263,2014.0,0.14,0.06,0.0,0.02,62.0,11.0,44.0,0.22
1724,2009.0,0.53,0.16,0.42,0.06,62.0,22.0,36.0,1.17
11806,2004.0,0.0,0.06,0.0,0.01,82.0,31.0,407.0,0.07
5191,2002.0,0.26,0.1,0.0,0.01,72.0,7.0,18.0,0.36
3834,2005.0,0.26,0.2,0.0,0.07,86.0,61.0,51.0,0.52
8848,2007.0,0.12,0.02,0.0,0.02,47.0,26.0,10.0,0.15
3845,2015.0,0.18,0.25,0.0,0.08,61.0,33.0,78.0,0.52
2890,2007.0,0.18,0.07,0.41,0.04,59.0,31.0,49.0,0.71
664,2011.0,1.48,0.69,0.0,0.2,71.0,75.0,627.0,2.37
9881,2003.0,0.06,0.05,0.0,0.02,65.0,33.0,7.0,0.12
3771,2016.0,0.25,0.24,0.0,0.04,91.0,62.0,4052.0,0.53
2401,2002.0,0.48,0.37,0.0,0.02,65.0,14.0,17.0,0.87
3469,2002.0,0.28,0.22,0.0,0.07,78.0,33.0,25.0,0.58
529,2014.0,1.28,0.98,0.07,0.46,80.0,90.0,2944.0,2.79
8194,2009.0,0.14,0.02,0.01,0.01,56.0,46.0,55.0,0.18
3969,2011.0,0.25,0.2,0.0,0.05,72.0,56.0,96.0,0.5
14669,2003.0,0.02,0.01,0.0,0.0,54.0,5.0,5.0,0.03
6588,2006.0,0.12,0.1,0.0,0.03,56.0,12.0,17.0,0.25
2327,2004.0,0.46,0.17,0.24,0.02,84.0,16.0,58.0,0.89
3139,2014.0,0.38,0.2,0.0,0.06,50.0,5.0,65.0,0.64
7468,2002.0,0.15,0.04,0.0,0.01,80.0,12.0,12.0,0.21
5820,2000.0,0.15,0.12,0.0,0.04,54.0,15.0,8.0,0.31
11166,2010.0,0.06,0.0,0.02,0.01,75.0,10.0,7.0,0.09
4490,2014.0,0.15,0.14,0.09,0.06,73.0,26.0,100.0,0.43
5150,2012.0,0.25,0.09,0.0,0.03,73.0,42.0,109.0,0.37
9782,2011.0,0.07,0.03,0.0,0.02,47.0,17.0,4.0,0.12
9903,2012.0,0.06,0.04,0.0,0.01,50.0,10.0,25.0,0.12
4202,2004.0,0.23,0.18,0.0,0.06,62.0,19.0,21.0,0.47
14403,2014.0,0.0,0.03,0.0,0.0,80.0,12.0,97.0,0.03
4497,2010.0,0.22,0.09,0.07,0.04,45.0,31.0,148.0,0.43
1885,2002.0,0.53,0.42,0.0,0.14,65.0,32.0,33.0,1.09
2313,2013.0,0.42,0.36,0.04,0.07,61.0,4.0,11.0,0.9
2480,2007.0,0.32,0.32,0.05,0.14,60.0,52.0,21.0,0.83
6973,2013.0,0.0,0.0,0.23,0.0,64.0,35.0,25.0,0.23
10700,2005.0,0.07,0.02,0.0,0.0,46.0,17.0,10.0,0.1
5268,2009.0,0.0,0.26,0.0,0.09,69.0,10.0,7.0,0.35
2772,2002.0,0.59,0.12,0.0,0.03,83.0,29.0,24.0,0.74
4896,2004.0,0.3,0.08,0.0,0.01,69.0,30.0,9.0,0.39
11246,2014.0,0.0,0.07,0.0,0.01,74.0,40.0,128.0,0.09
12628,2005.0,0.03,0.02,0.0,0.01,60.0,36.0,14.0,0.06
11223,2015.0,0.03,0.05,0.0,0.01,20.0,4.0,30.0,0.09
3575,2005.0,0.39,0.15,0.0,0.02,80.0,49.0,29.0,0.56
9176,2006.0,0.1,0.03,0.01,0.01,73.0,57.0,52.0,0.14
9447,2007.0,0.12,0.0,0.0,0.01,63.0,37.0,4.0,0.13
7724,2006.0,0.18,0.0,0.0,0.02,51.0,14.0,15.0,0.19
7319,2006.0,0.2,0.0,0.0,0.02,82.0,22.0,12.0,0.21
2669,2009.0,0.37,0.19,0.11,0.1,57.0,26.0,58.0,0.77
15727,2003.0,0.0,0.02,0.0,0.0,79.0,22.0,29.0,0.02
3541,2008.0,0.08,0.36,0.0,0.12,75.0,36.0,20.0,0.57
6307,2012.0,0.07,0.17,0.0,0.02,64.0,33.0,22.0,0.27
2846,2009.0,0.66,0.0,0.0,0.06,90.0,27.0,61.0,0.72
4358,2016.0,0.02,0.27,0.11,0.05,85.0,61.0,478.0,0.45
3423,2008.0,0.3,0.22,0.0,0.06,44.0,14.0,8.0,0.59
3565,2001.0,0.31,0.21,0.0,0.04,65.0,10.0,8.0,0.56
963,2009.0,0.97,0.33,0.35,0.17,89.0,81.0,1441.0,1.82
6304,2004.0,0.18,0.08,0.0,0.01,87.0,69.0,33.0,0.27
3105,2003.0,0.47,0.17,0.0,0.01,89.0,34.0,97.0,0.65
7021,2005.0,0.21,0.01,0.0,0.02,81.0,33.0,31.0,0.23
3858,2015.0,0.22,0.13,0.12,0.04,73.0,72.0,227.0,0.52
2687,2014.0,0.32,0.28,0.1,0.06,91.0,80.0,1217.0,0.76
6757,2015.0,0.1,0.11,0.0,0.04,63.0,32.0,60.0,0.25
70,2007.0,5.93,2.36,0.13,0.9,94.0,70.0,1320.0,9.31
391,2004.0,1.75,1.2,0.02,0.43,80.0,50.0,106.0,3.41
6963,2005.0,0.2,0.01,0.0,0.02,68.0,15.0,6.0,0.23
4008,2011.0,0.19,0.15,0.12,0.03,75.0,59.0,56.0,0.49
13292,2006.0,0.04,0.0,0.0,0.0,57.0,28.0,8.0,0.05
9775,2009.0,0.05,0.0,0.06,0.01,63.0,27.0,13.0,0.12
2337,2001.0,0.44,0.34,0.0,0.11,85.0,16.0,6.0,0.89
5687,2002.0,0.22,0.08,0.0,0.01,80.0,31.0,96.0,0.32
8910,2003.0,0.07,0.06,0.0,0.02,35.0,15.0,23.0,0.15
4705,2007.0,0.37,0.01,0.0,0.03,63.0,8.0,4.0,0.41
548,2009.0,1.2,0.97,0.17,0.42,79.0,63.0,211.0,2.75
1102,2004.0,0.81,0.63,0.0,0.21,83.0,44.0,19.0,1.66
14857,2003.0,0.0,0.02,0.0,0.0,86.0,46.0,802.0,0.03
3488,2011.0,0.35,0.18,0.0,0.05,76.0,4.0,6.0,0.57
834,2005.0,0.71,1.02,0.0,0.31,82.0,41.0,68.0,2.04
3636,2001.0,0.21,0.16,0.12,0.05,67.0,19.0,19.0,0.55
2541,2009.0,0.12,0.58,0.03,0.08,78.0,34.0,29.0,0.81
7694,2004.0,0.15,0.04,0.0,0.01,83.0,31.0,20.0,0.2
7231,2000.0,0.0,0.0,0.22,0.0,80.0,17.0,24.0,0.22
9810,2007.0,0.11,0.0,0.0,0.01,28.0,18.0,8.0,0.12
2952,2003.0,0.53,0.14,0.0,0.02,65.0,16.0,15.0,0.69
10721,2004.0,0.05,0.04,0.0,0.01,42.0,19.0,18.0,0.1
2865,2012.0,0.27,0.36,0.0,0.08,89.0,57.0,2235.0,0.71
5058,2014.0,0.17,0.14,0.04,0.03,68.0,21.0,106.0,0.38
12717,2007.0,0.03,0.02,0.0,0.01,69.0,20.0,41.0,0.06
10758,2009.0,0.06,0.0,0.03,0.0,63.0,27.0,10.0,0.1
5380,2006.0,0.28,0.01,0.03,0.03,80.0,49.0,47.0,0.34
4822,2006.0,0.31,0.08,0.0,0.01,57.0,24.0,6.0,0.4
7950,2005.0,0.09,0.07,0.0,0.02,68.0,13.0,15.0,0.19
14896,2007.0,0.01,0.01,0.0,0.0,74.0,9.0,24.0,0.03
9455,2003.0,0.1,0.03,0.0,0.0,67.0,27.0,4.0,0.13
8454,2015.0,0.04,0.0,0.12,0.0,77.0,26.0,38.0,0.17
5666,2005.0,0.29,0.0,0.0,0.02,58.0,15.0,30.0,0.32
11973,2005.0,0.06,0.0,0.0,0.01,50.0,22.0,25.0,0.07
1548,2014.0,0.69,0.47,0.0,0.11,69.0,8.0,26.0,1.27
5595,2007.0,0.11,0.13,0.0,0.08,67.0,25.0,26.0,0.32
10086,2009.0,0.09,0.0,0.01,0.01,63.0,57.0,33.0,0.11
2968,2009.0,0.34,0.25,0.0,0.1,81.0,28.0,20.0,0.68
4152,2008.0,0.25,0.17,0.01,0.05,82.0,47.0,95.0,0.47
10232,2009.0,0.06,0.04,0.0,0.01,49.0,28.0,16.0,0.11
10784,2014.0,0.02,0.0,0.06,0.01,66.0,25.0,24.0,0.1
2995,2012.0,0.33,0.0,0.33,0.02,82.0,6.0,37.0,0.67
14860,2004.0,0.02,0.01,0.0,0.0,76.0,17.0,11.0,0.03
8063,2014.0,0.08,0.01,0.06,0.03,60.0,19.0,58.0,0.18
9198,2016.0,0.04,0.08,0.0,0.02,45.0,16.0,140.0,0.14
8147,2010.0,0.14,0.03,0.0,0.01,62.0,51.0,60.0,0.18
1839,2011.0,0.45,0.49,0.0,0.18,84.0,52.0,95.0,1.11
1599,2003.0,0.61,0.48,0.0,0.16,52.0,37.0,106.0,1.25
15762,2004.0,0.01,0.01,0.0,0.0,67.0,4.0,8.0,0.02
623,2015.0,1.03,0.81,0.26,0.38,92.0,100.0,6383.0,2.48
7416,2012.0,0.13,0.07,0.0,0.02,69.0,53.0,50.0,0.21
5378,2010.0,0.11,0.17,0.0,0.06,45.0,17.0,8.0,0.34
2358,2010.0,0.18,0.59,0.01,0.1,84.0,43.0,65.0,0.88
5094,2009.0,0.12,0.21,0.0,0.04,66.0,19.0,9.0,0.37
4088,2008.0,0.27,0.17,0.0,0.05,55.0,21.0,20.0,0.48
3643,2002.0,0.22,0.08,0.24,0.01,82.0,17.0,31.0,0.55
6587,2005.0,0.21,0.0,0.02,0.02,79.0,51.0,32.0,0.25
6750,2010.0,0.07,0.12,0.0,0.05,56.0,17.0,8.0,0.25
16488,2007.0,0.0,0.01,0.0,0.0,61.0,6.0,42.0,0.01
2350,2008.0,0.83,0.0,0.0,0.06,70.0,17.0,15.0,0.89
3178,2010.0,0.53,0.06,0.0,0.04,91.0,10.0,36.0,0.63
5480,2009.0,0.12,0.18,0.0,0.03,70.0,43.0,15.0,0.33
13530,2007.0,0.01,0.0,0.03,0.0,72.0,19.0,9.0,0.04
1156,1999.0,0.71,0.48,0.3,0.1,86.0,17.0,326.0,1.6
4783,2007.0,0.34,0.03,0.01,0.03,76.0,47.0,70.0,0.4
4031,2007.0,0.27,0.03,0.17,0.03,78.0,36.0,180.0,0.49
2085,2009.0,0.27,0.52,0.0,0.19,87.0,63.0,94.0,0.99
4757,2001.0,0.23,0.15,0.0,0.03,62.0,10.0,4.0,0.4
7115,2003.0,0.11,0.09,0.0,0.03,61.0,26.0,6.0,0.23
16573,2010.0,0.0,0.0,0.01,0.0,69.0,17.0,16.0,0.01
2447,2008.0,0.6,0.0,0.2,0.05,75.0,25.0,26.0,0.85
11107,2003.0,0.04,0.03,0.0,0.01,67.0,25.0,17.0,0.09
9919,2009.0,0.11,0.0,0.0,0.01,84.0,17.0,21.0,0.12
2356,2009.0,0.01,0.79,0.0,0.09,86.0,40.0,6430.0,0.88
10778,2015.0,0.05,0.04,0.0,0.01,88.0,24.0,280.0,0.1
2200,2009.0,0.54,0.27,0.0,0.13,83.0,61.0,162.0,0.94
11685,2008.0,0.07,0.0,0.0,0.01,54.0,11.0,6.0,0.08
1979,2005.0,0.52,0.51,0.0,0.02,92.0,73.0,213.0,1.05
6325,2001.0,0.2,0.06,0.0,0.01,89.0,17.0,5.0,0.27
12869,2006.0,0.03,0.02,0.0,0.01,43.0,36.0,11.0,0.05
4269,2003.0,0.36,0.08,0.0,0.02,89.0,44.0,31.0,0.46
2712,2009.0,0.28,0.39,0.0,0.08,60.0,35.0,8.0,0.75
7645,2005.0,0.1,0.02,0.07,0.01,74.0,65.0,28.0,0.2
9889,2002.0,0.09,0.02,0.0,0.0,36.0,14.0,5.0,0.12
10452,2005.0,0.02,0.02,0.06,0.01,69.0,15.0,8.0,0.1
8832,2005.0,0.07,0.06,0.0,0.02,64.0,47.0,9.0,0.15
9771,2015.0,0.03,0.02,0.06,0.01,75.0,32.0,47.0,0.12
10929,2004.0,0.07,0.02,0.0,0.0,78.0,28.0,15.0,0.09
15498,2014.0,0.0,0.02,0.0,0.0,73.0,17.0,52.0,0.02
1715,2001.0,0.85,0.31,0.0,0.02,95.0,16.0,22.0,1.18
10019,2007.0,0.05,0.04,0.02,0.01,61.0,8.0,8.0,0.11
1104,2002.0,1.25,0.15,0.03,0.22,83.0,22.0,28.0,1.66
353,2004.0,1.93,1.22,0.03,0.44,82.0,36.0,142.0,3.61
10886,2008.0,0.08,0.01,0.0,0.01,42.0,10.0,7.0,0.09
9353,2011.0,0.1,0.02,0.0,0.01,26.0,4.0,20.0,0.13
1213,2003.0,0.58,0.87,0.0,0.09,88.0,23.0,713.0,1.54
8419,2006.0,0.13,0.02,0.0,0.02,76.0,7.0,23.0,0.17
7283,2006.0,0.19,0.01,0.0,0.02,70.0,63.0,36.0,0.22
6305,2005.0,0.16,0.0,0.1,0.01,71.0,41.0,7.0,0.27
9936,2007.0,0.11,0.0,0.0,0.01,61.0,17.0,7.0,0.12
1614,2001.0,0.6,0.47,0.0,0.16,32.0,6.0,29.0,1.23
12608,2006.0,0.05,0.01,0.0,0.0,63.0,15.0,10.0,0.06
5497,2006.0,0.09,0.07,0.15,0.02,84.0,54.0,42.0,0.33
7701,2011.0,0.04,0.04,0.1,0.02,73.0,10.0,27.0,0.2
10877,2001.0,0.02,0.02,0.04,0.01,64.0,13.0,6.0,0.09
52,1997.0,4.02,3.87,2.54,0.52,96.0,16.0,138.0,10.95
418,2008.0,1.35,1.11,0.46,0.32,63.0,43.0,116.0,3.25
5427,2001.0,0.16,0.13,0.0,0.04,69.0,16.0,6.0,0.34
4632,2006.0,0.31,0.09,0.0,0.01,77.0,65.0,51.0,0.42
6093,2005.0,0.2,0.08,0.0,0.01,69.0,12.0,26.0,0.28
4181,2008.0,0.14,0.27,0.0,0.05,41.0,12.0,15.0,0.47
975,2015.0,0.73,0.9,0.03,0.14,87.0,85.0,863.0,1.8
7693,2002.0,0.15,0.04,0.0,0.01,83.0,25.0,26.0,0.2
14567,2004.0,0.0,0.02,0.0,0.01,77.0,26.0,89.0,0.03
7775,2002.0,0.15,0.04,0.0,0.01,50.0,9.0,10.0,0.19
11650,2004.0,0.06,0.02,0.0,0.0,49.0,18.0,4.0,0.08
5064,2013.0,0.07,0.22,0.01,0.08,82.0,20.0,173.0,0.37
5787,2002.0,0.24,0.06,0.0,0.01,85.0,12.0,5.0,0.31
6940,2011.0,0.16,0.06,0.0,0.02,72.0,27.0,243.0,0.23
2094,2008.0,0.52,0.27,0.0,0.19,79.0,26.0,43.0,0.98
3945,2003.0,0.42,0.06,0.0,0.02,86.0,33.0,12.0,0.5
1479,2009.0,0.58,0.56,0.05,0.14,93.0,85.0,280.0,1.32
16028,2006.0,0.01,0.0,0.0,0.0,60.0,17.0,6.0,0.02
4650,2004.0,0.2,0.16,0.0,0.05,77.0,47.0,40.0,0.42
2749,2001.0,0.36,0.28,0.0,0.1,79.0,25.0,33.0,0.74
422,2014.0,1.91,1.0,0.03,0.29,85.0,69.0,1267.0,3.23
15067,2006.0,0.0,0.02,0.0,0.0,75.0,25.0,79.0,0.02
12519,2008.0,0.04,0.01,0.0,0.0,65.0,12.0,8.0,0.06
67,1999.0,3.88,3.42,1.69,0.5,93.0,23.0,135.0,9.49
169,2001.0,2.07,2.29,0.24,0.82,66.0,22.0,156.0,5.42
15508,2006.0,0.02,0.0,0.0,0.0,65.0,16.0,17.0,0.02
9693,2001.0,0.06,0.05,0.0,0.02,79.0,15.0,16.0,0.12
7627,2010.0,0.1,0.07,0.02,0.02,58.0,52.0,24.0,0.2
3826,2007.0,0.13,0.0,0.0,0.39,46.0,10.0,6.0,0.52
14917,2010.0,0.0,0.02,0.0,0.01,72.0,4.0,15.0,0.03
16145,2016.0,0.01,0.0,0.0,0.0,77.0,20.0,62.0,0.01
4090,2007.0,0.43,0.01,0.0,0.04,73.0,41.0,21.0,0.48
964,2007.0,1.09,0.53,0.02,0.17,96.0,54.0,797.0,1.82
3728,2006.0,0.45,0.02,0.0,0.07,58.0,29.0,10.0,0.54
2051,2014.0,0.22,0.64,0.0,0.16,90.0,16.0,525.0,1.01
233,2002.0,2.6,0.99,0.89,0.13,96.0,80.0,968.0,4.6
1478,2013.0,0.86,0.34,0.0,0.12,83.0,37.0,45.0,1.32
6717,2005.0,0.19,0.05,0.0,0.01,70.0,19.0,21.0,0.25
6131,2009.0,0.13,0.12,0.0,0.03,59.0,39.0,50.0,0.28
3649,2011.0,0.21,0.27,0.0,0.06,92.0,13.0,127.0,0.55
12813,2006.0,0.04,0.01,0.0,0.0,69.0,14.0,13.0,0.06
9574,2014.0,0.04,0.01,0.06,0.02,68.0,24.0,36.0,0.13
10108,2002.0,0.09,0.02,0.0,0.0,73.0,17.0,4.0,0.11
2466,2005.0,0.24,0.16,0.39,0.05,83.0,59.0,89.0,0.84
9136,2015.0,0.0,0.13,0.0,0.01,85.0,60.0,1404.0,0.14
3622,2001.0,0.27,0.21,0.0,0.07,80.0,22.0,35.0,0.55
3404,2011.0,0.15,0.34,0.0,0.1,88.0,24.0,1102.0,0.59
6171,2010.0,0.1,0.12,0.02,0.05,60.0,44.0,27.0,0.28
12166,2004.0,0.03,0.03,0.0,0.01,65.0,27.0,39.0,0.07
8109,2010.0,0.1,0.06,0.0,0.02,51.0,5.0,4.0,0.18
5694,2012.0,0.06,0.19,0.0,0.06,61.0,27.0,34.0,0.32
12457,2013.0,0.06,0.0,0.0,0.01,76.0,10.0,100.0,0.06
3829,2001.0,0.29,0.2,0.0,0.03,73.0,19.0,36.0,0.52
9694,2008.0,0.11,0.0,0.0,0.01,53.0,19.0,14.0,0.12
2799,2012.0,0.16,0.02,0.53,0.01,76.0,5.0,15.0,0.73
2229,2010.0,0.53,0.09,0.27,0.05,66.0,58.0,76.0,0.93
6964,2007.0,0.19,0.02,0.0,0.02,56.0,42.0,18.0,0.23
10039,2006.0,0.09,0.02,0.0,0.0,63.0,16.0,7.0,0.11
7776,2006.0,0.16,0.02,0.0,0.02,69.0,54.0,60.0,0.19
7704,2006.0,0.09,0.0,0.09,0.01,65.0,36.0,25.0,0.2
7739,2007.0,0.16,0.02,0.0,0.01,69.0,49.0,67.0,0.19
4611,2004.0,0.32,0.09,0.0,0.02,78.0,16.0,7.0,0.42
7206,2015.0,0.05,0.15,0.0,0.02,72.0,16.0,117.0,0.22
5695,2009.0,0.11,0.15,0.0,0.06,72.0,42.0,24.0,0.32
2727,2012.0,0.35,0.23,0.07,0.09,81.0,53.0,150.0,0.75
1276,2006.0,0.47,0.37,0.52,0.12,57.0,51.0,103.0,1.48
16433,2006.0,0.01,0.0,0.0,0.0,70.0,8.0,32.0,0.01
2442,2007.0,0.31,0.0,0.0,0.53,65.0,9.0,11.0,0.85
1366,2009.0,0.85,0.43,0.0,0.13,79.0,45.0,40.0,1.41
8990,2005.0,0.07,0.06,0.0,0.02,76.0,42.0,33.0,0.14
2407,2007.0,0.11,0.09,0.64,0.03,55.0,14.0,16.0,0.87
4033,2016.0,0.2,0.21,0.0,0.08,81.0,29.0,111.0,0.49
2112,2009.0,0.88,0.02,0.0,0.08,82.0,46.0,34.0,0.97
6316,2002.0,0.21,0.05,0.0,0.01,69.0,12.0,15.0,0.27
6100,2001.0,0.09,0.07,0.1,0.02,73.0,24.0,55.0,0.28
8905,2001.0,0.0,0.0,0.15,0.0,88.0,9.0,201.0,0.15
3527,2013.0,0.38,0.14,0.0,0.05,60.0,27.0,249.0,0.57
4987,2008.0,0.14,0.17,0.0,0.07,65.0,38.0,32.0,0.38
5838,2012.0,0.14,0.13,0.0,0.03,81.0,25.0,1097.0,0.3
1176,2013.0,1.06,0.35,0.01,0.15,78.0,69.0,908.0,1.57
5195,2009.0,0.21,0.08,0.04,0.03,86.0,51.0,70.0,0.36
13520,2002.0,0.03,0.01,0.0,0.0,61.0,7.0,4.0,0.04
11981,2003.0,0.03,0.03,0.0,0.01,74.0,17.0,10.0,0.07
6917,2016.0,0.12,0.1,0.0,0.02,69.0,4.0,15.0,0.24
15022,2003.0,0.02,0.01,0.0,0.0,26.0,8.0,6.0,0.02
4200,2007.0,0.41,0.02,0.0,0.04,79.0,21.0,17.0,0.47
11844,2005.0,0.05,0.02,0.0,0.0,50.0,31.0,5.0,0.07
5918,2012.0,0.0,0.0,0.3,0.0,49.0,19.0,19.0,0.3
7640,2015.0,0.12,0.06,0.0,0.02,75.0,40.0,1295.0,0.2
11794,2008.0,0.07,0.0,0.0,0.01,36.0,7.0,15.0,0.07
4282,2003.0,0.34,0.09,0.02,0.01,63.0,23.0,45.0,0.45
606,2003.0,1.21,0.57,0.7,0.07,73.0,37.0,89.0,2.54
595,2007.0,1.53,0.81,0.0,0.24,80.0,24.0,114.0,2.57
7150,2010.0,0.07,0.1,0.03,0.02,78.0,9.0,7.0,0.22
2667,2002.0,0.1,0.08,0.56,0.03,45.0,26.0,29.0,0.77
14214,1998.0,0.01,0.02,0.0,0.0,91.0,22.0,813.0,0.03
11605,2013.0,0.0,0.08,0.0,0.0,33.0,24.0,1340.0,0.08
8694,2010.0,0.0,0.13,0.0,0.03,55.0,23.0,267.0,0.16
5938,2002.0,0.14,0.11,0.0,0.04,71.0,19.0,31.0,0.29
8403,2009.0,0.11,0.05,0.0,0.01,68.0,33.0,9.0,0.17
13002,2013.0,0.03,0.01,0.0,0.0,58.0,9.0,16.0,0.05
5699,2010.0,0.23,0.04,0.02,0.02,85.0,32.0,26.0,0.31
10561,2007.0,0.09,0.0,0.0,0.01,61.0,15.0,9.0,0.1
1446,2002.0,0.95,0.21,0.01,0.18,73.0,19.0,23.0,1.34
3480,2005.0,0.48,0.02,0.0,0.08,78.0,27.0,29.0,0.58
2493,2009.0,0.45,0.3,0.0,0.08,69.0,41.0,38.0,0.83
16330,2002.0,0.0,0.01,0.0,0.0,77.0,8.0,93.0,0.01
9031,2006.0,0.12,0.01,0.0,0.02,82.0,28.0,36.0,0.14
10840,2006.0,0.05,0.04,0.0,0.01,62.0,13.0,10.0,0.09
15799,2009.0,0.02,0.0,0.0,0.0,39.0,11.0,61.0,0.02
937,2001.0,0.91,0.71,0.0,0.24,70.0,16.0,8.0,1.86
4570,1997.0,0.24,0.16,0.0,0.03,91.0,12.0,12.0,0.42
2083,1998.0,0.55,0.38,0.0,0.06,88.0,13.0,69.0,0.99
7557,2003.0,0.14,0.05,0.0,0.0,82.0,8.0,40.0,0.2
11706,2000.0,0.04,0.03,0.0,0.0,37.0,7.0,20.0,0.08
10152,2011.0,0.07,0.03,0.0,0.01,41.0,7.0,7.0,0.11
14401,2008.0,0.03,0.0,0.0,0.0,31.0,7.0,11.0,0.03
90,2008.0,2.76,1.72,2.69,0.54,83.0,46.0,203.0,7.72
11562,2007.0,0.07,0.0,0.0,0.01,83.0,41.0,21.0,0.08
2321,2005.0,0.74,0.03,0.0,0.12,76.0,25.0,20.0,0.89
8887,2016.0,0.07,0.02,0.04,0.02,79.0,54.0,208.0,0.15
786,1998.0,0.94,0.07,1.05,0.04,81.0,17.0,89.0,2.1
11158,2006.0,0.04,0.03,0.0,0.01,76.0,8.0,7.0,0.09
2452,2004.0,0.65,0.17,0.0,0.02,80.0,41.0,30.0,0.84
5565,2015.0,0.25,0.04,0.0,0.03,66.0,10.0,18.0,0.32
9387,2001.0,0.06,0.05,0.0,0.02,39.0,13.0,4.0,0.13
11147,2014.0,0.03,0.05,0.0,0.01,75.0,15.0,56.0,0.09
11968,2008.0,0.07,0.0,0.0,0.01,23.0,9.0,12.0,0.07
10525,2005.0,0.08,0.02,0.0,0.0,60.0,21.0,9.0,0.1
7076,2003.0,0.11,0.09,0.0,0.03,73.0,20.0,14.0,0.23
11771,2008.0,0.07,0.0,0.0,0.01,50.0,22.0,24.0,0.07
6197,2002.0,0.14,0.11,0.0,0.04,82.0,19.0,11.0,0.28
7975,2013.0,0.05,0.03,0.09,0.02,65.0,31.0,50.0,0.19
6027,2012.0,0.18,0.05,0.03,0.03,77.0,71.0,188.0,0.29
1336,2007.0,0.92,0.38,0.0,0.13,71.0,41.0,48.0,1.43
2895,2012.0,0.38,0.26,0.0,0.06,82.0,65.0,186.0,0.7
1729,2003.0,0.57,0.45,0.0,0.15,57.0,4.0,37.0,1.17
1770,2009.0,0.15,0.67,0.01,0.31,83.0,9.0,14.0,1.15
4678,2007.0,0.22,0.09,0.04,0.07,80.0,43.0,62.0,0.41
459,2012.0,1.89,0.88,0.04,0.25,89.0,59.0,892.0,3.05
16320,2007.0,0.01,0.0,0.0,0.0,57.0,9.0,11.0,0.01
4055,2010.0,0.2,0.23,0.0,0.06,72.0,26.0,516.0,0.49
9934,2002.0,0.08,0.03,0.0,0.0,72.0,8.0,5.0,0.12
1346,2006.0,0.73,0.42,0.0,0.27,64.0,25.0,38.0,1.42
4428,2004.0,0.34,0.08,0.0,0.02,81.0,18.0,12.0,0.44
11219,2003.0,0.06,0.02,0.0,0.0,78.0,12.0,5.0,0.09
764,2006.0,1.28,0.03,0.73,0.12,69.0,21.0,50.0,2.15
2037,2008.0,0.93,0.01,0.0,0.08,92.0,10.0,45.0,1.02
16087,2003.0,0.01,0.0,0.0,0.0,67.0,10.0,5.0,0.01
10391,2012.0,0.05,0.0,0.05,0.01,75.0,13.0,20.0,0.11
6506,2004.0,0.06,0.05,0.14,0.02,73.0,19.0,7.0,0.26
13481,2008.0,0.03,0.01,0.0,0.0,58.0,30.0,30.0,0.05
2637,2011.0,0.33,0.33,0.0,0.12,72.0,38.0,52.0,0.78
4884,2010.0,0.22,0.12,0.0,0.06,71.0,33.0,14.0,0.39
4060,2003.0,0.24,0.19,0.0,0.06,57.0,30.0,8.0,0.49
7797,2009.0,0.13,0.03,0.0,0.03,60.0,6.0,12.0,0.19
8315,2007.0,0.16,0.0,0.0,0.01,77.0,41.0,16.0,0.17
211,2008.0,3.4,0.99,0.09,0.45,93.0,84.0,1655.0,4.93
8823,2004.0,0.11,0.03,0.0,0.01,61.0,45.0,14.0,0.15
8688,2007.0,0.14,0.0,0.0,0.01,44.0,31.0,37.0,0.16
9456,2008.0,0.08,0.03,0.0,0.02,50.0,31.0,31.0,0.13
6177,2010.0,0.18,0.06,0.0,0.04,56.0,5.0,6.0,0.28
8363,2004.0,0.08,0.06,0.0,0.02,68.0,29.0,11.0,0.17
7966,2007.0,0.17,0.0,0.0,0.01,62.0,11.0,4.0,0.19
12122,2002.0,0.03,0.03,0.0,0.01,58.0,11.0,5.0,0.07
8554,2012.0,0.05,0.03,0.06,0.02,55.0,19.0,94.0,0.16
12956,2011.0,0.0,0.04,0.0,0.01,60.0,13.0,114.0,0.05
1101,2008.0,0.93,0.56,0.0,0.16,78.0,28.0,22.0,1.66
12199,2003.0,0.05,0.01,0.0,0.0,56.0,14.0,8.0,0.07
350,2005.0,2.08,0.83,0.46,0.25,96.0,38.0,1013.0,3.62
1489,2010.0,0.79,0.41,0.0,0.11,73.0,32.0,25.0,1.32
12853,2007.0,0.05,0.0,0.0,0.0,65.0,18.0,13.0,0.06
10821,2009.0,0.09,0.0,0.0,0.01,44.0,25.0,76.0,0.1
16634,2016.0,0.0,0.01,0.0,0.0,63.0,8.0,22.0,0.01
7240,2008.0,0.19,0.01,0.0,0.02,51.0,11.0,14.0,0.22
4685,2013.0,0.07,0.2,0.09,0.05,81.0,12.0,70.0,0.41
730,2013.0,1.24,0.79,0.0,0.19,80.0,37.0,127.0,2.22
5115,2014.0,0.13,0.08,0.15,0.02,83.0,52.0,66.0,0.37
360,2007.0,1.6,1.49,0.1,0.39,70.0,39.0,9.0,3.58
729,2009.0,0.65,0.4,1.05,0.11,84.0,70.0,219.0,2.22
10016,2015.0,0.04,0.06,0.0,0.02,19.0,5.0,65.0,0.11
6805,2002.0,0.14,0.04,0.05,0.01,83.0,27.0,10.0,0.24
6064,2004.0,0.17,0.0,0.1,0.02,75.0,55.0,18.0,0.29
12282,2008.0,0.05,0.0,0.01,0.01,54.0,14.0,8.0,0.06
14805,2006.0,0.02,0.01,0.0,0.0,83.0,8.0,5.0,0.03
1173,2002.0,0.85,0.65,0.0,0.08,76.0,18.0,13.0,1.58
16115,2016.0,0.0,0.01,0.01,0.0,72.0,35.0,29.0,0.01
10360,2009.0,0.09,0.01,0.0,0.01,28.0,33.0,64.0,0.11
313,2011.0,1.16,2.12,0.0,0.6,94.0,32.0,9073.0,3.88
13342,2006.0,0.04,0.0,0.0,0.0,50.0,11.0,6.0,0.05
1510,2012.0,0.75,0.44,0.0,0.11,80.0,35.0,38.0,1.3
1286,2005.0,0.72,0.56,0.0,0.19,82.0,19.0,20.0,1.48
6796,2014.0,0.08,0.07,0.06,0.03,76.0,31.0,74.0,0.24
13842,2013.0,0.0,0.04,0.0,0.0,77.0,12.0,342.0,0.04
6298,2007.0,0.23,0.01,0.0,0.02,81.0,36.0,21.0,0.27
9398,2002.0,0.1,0.03,0.0,0.0,79.0,13.0,4.0,0.13
7435,2014.0,0.17,0.02,0.0,0.02,53.0,9.0,53.0,0.21
7653,2003.0,0.1,0.08,0.0,0.03,78.0,27.0,22.0,0.2
995,2001.0,0.93,0.38,0.4,0.06,91.0,29.0,198.0,1.76
5147,2009.0,0.16,0.16,0.0,0.04,79.0,9.0,12.0,0.37
922,2009.0,1.04,0.66,0.0,0.18,49.0,15.0,13.0,1.88
8714,2012.0,0.04,0.02,0.08,0.01,55.0,24.0,35.0,0.15
3782,2006.0,0.39,0.03,0.08,0.04,72.0,57.0,83.0,0.53
11938,2002.0,0.05,0.02,0.0,0.0,47.0,17.0,6.0,0.07
5234,2002.0,0.27,0.08,0.0,0.01,77.0,13.0,12.0,0.36
7680,2005.0,0.18,0.0,0.0,0.01,80.0,15.0,8.0,0.2
3247,2010.0,0.35,0.2,0.01,0.06,80.0,73.0,178.0,0.62
8780,2006.0,0.12,0.01,0.02,0.01,64.0,45.0,24.0,0.15
3581,2005.0,0.43,0.11,0.0,0.02,80.0,18.0,22.0,0.56
14596,2016.0,0.01,0.02,0.0,0.0,74.0,5.0,7.0,0.03
3218,2006.0,0.3,0.22,0.01,0.1,76.0,43.0,14.0,0.63
8083,2004.0,0.14,0.04,0.0,0.01,35.0,20.0,9.0,0.18
13887,2010.0,0.0,0.03,0.0,0.01,47.0,5.0,6.0,0.04
7868,2006.0,0.0,0.0,0.19,0.0,68.0,18.0,23.0,0.19
6110,2003.0,0.22,0.06,0.0,0.01,70.0,18.0,4.0,0.28
13715,2008.0,0.02,0.02,0.0,0.0,78.0,14.0,35.0,0.04
9069,2013.0,0.0,0.09,0.02,0.02,40.0,17.0,9.0,0.14
7113,2008.0,0.18,0.03,0.0,0.02,59.0,7.0,6.0,0.23
4082,2009.0,0.24,0.14,0.0,0.1,79.0,50.0,31.0,0.48
1811,2009.0,0.65,0.37,0.0,0.11,85.0,69.0,108.0,1.13
6216,2007.0,0.2,0.02,0.03,0.02,89.0,36.0,62.0,0.28
14038,2006.0,0.01,0.02,0.0,0.0,73.0,18.0,57.0,0.04
6349,2000.0,0.06,0.05,0.14,0.02,77.0,16.0,5.0,0.27
9083,2009.0,0.09,0.0,0.04,0.01,77.0,16.0,13.0,0.14
7506,2016.0,0.04,0.13,0.0,0.03,72.0,32.0,49.0,0.2
7616,2013.0,0.05,0.02,0.12,0.01,86.0,12.0,128.0,0.2
3822,2009.0,0.32,0.15,0.0,0.05,77.0,68.0,114.0,0.52
11296,2008.0,0.06,0.02,0.0,0.01,73.0,11.0,12.0,0.08
5729,2005.0,0.23,0.07,0.0,0.01,78.0,37.0,19.0,0.31
11025,2003.0,0.04,0.03,0.0,0.01,69.0,44.0,22.0,0.09
13974,2013.0,0.0,0.04,0.0,0.0,61.0,17.0,210.0,0.04
1763,2012.0,0.0,0.95,0.0,0.21,86.0,37.0,228.0,1.15
5270,2003.0,0.17,0.13,0.0,0.05,63.0,21.0,14.0,0.35
7200,2002.0,0.17,0.04,0.0,0.01,47.0,10.0,8.0,0.22
8607,2006.0,0.15,0.0,0.0,0.01,58.0,12.0,15.0,0.16
3885,2008.0,0.36,0.11,0.0,0.04,70.0,26.0,14.0,0.51
2930,2011.0,0.25,0.37,0.0,0.07,80.0,63.0,130.0,0.7
4447,2009.0,0.41,0.0,0.0,0.03,53.0,8.0,5.0,0.44
4095,2016.0,0.29,0.15,0.0,0.04,80.0,64.0,79.0,0.48
12334,2015.0,0.0,0.0,0.06,0.0,70.0,15.0,48.0,0.06
8432,2006.0,0.12,0.04,0.0,0.01,41.0,20.0,13.0,0.17
2688,2009.0,0.38,0.23,0.0,0.15,63.0,25.0,41.0,0.76
14043,2004.0,0.0,0.03,0.0,0.0,67.0,19.0,50.0,0.04
8811,2010.0,0.14,0.01,0.0,0.01,57.0,7.0,6.0,0.15
3505,2009.0,0.02,0.18,0.0,0.38,81.0,31.0,72.0,0.57
1504,2004.0,0.84,0.43,0.0,0.04,94.0,76.0,139.0,1.31
10938,2006.0,0.06,0.02,0.0,0.01,60.0,25.0,6.0,0.09
4009,2009.0,0.28,0.03,0.16,0.02,83.0,35.0,33.0,0.49
5994,2004.0,0.14,0.11,0.0,0.04,68.0,23.0,63.0,0.29
14872,2016.0,0.01,0.01,0.0,0.0,68.0,12.0,55.0,0.03
114,2002.0,2.93,2.75,0.17,0.99,88.0,29.0,135.0,6.83
6217,2009.0,0.11,0.01,0.0,0.16,55.0,4.0,13.0,0.28
13936,2005.0,0.02,0.01,0.0,0.0,51.0,16.0,16.0,0.04
5988,2005.0,0.22,0.06,0.0,0.01,72.0,43.0,16.0,0.29
4640,2010.0,0.27,0.09,0.0,0.05,58.0,47.0,28.0,0.42
15980,2008.0,0.0,0.01,0.0,0.0,75.0,33.0,25.0,0.02
4723,2002.0,0.31,0.08,0.0,0.01,81.0,20.0,43.0,0.41
11423,2005.0,0.06,0.02,0.0,0.0,78.0,18.0,7.0,0.08
15071,2005.0,0.02,0.01,0.0,0.0,71.0,28.0,27.0,0.02
13598,2014.0,0.03,0.0,0.0,0.01,80.0,20.0,46.0,0.04
2006,2007.0,0.34,0.48,0.02,0.19,84.0,29.0,41.0,1.03
13029,2003.0,0.04,0.01,0.0,0.0,70.0,4.0,5.0,0.05
1114,2007.0,0.57,0.72,0.06,0.29,79.0,64.0,544.0,1.65
2457,2015.0,0.36,0.28,0.14,0.06,84.0,87.0,1548.0,0.84
10374,2010.0,0.0,0.08,0.0,0.02,83.0,20.0,672.0,0.11
268,2004.0,1.46,0.0,0.83,1.93,91.0,68.0,955.0,4.23
15304,2004.0,0.01,0.01,0.0,0.0,57.0,20.0,9.0,0.02
8485,2002.0,0.13,0.03,0.0,0.0,74.0,11.0,5.0,0.16
8006,2011.0,0.17,0.0,0.0,0.02,39.0,5.0,16.0,0.18
13030,2010.0,0.0,0.04,0.0,0.01,66.0,12.0,47.0,0.05
10385,2007.0,0.07,0.02,0.0,0.01,80.0,44.0,66.0,0.11
2719,2006.0,0.18,0.37,0.06,0.14,55.0,46.0,30.0,0.75
9507,2003.0,0.06,0.05,0.0,0.02,66.0,32.0,15.0,0.13
7967,2016.0,0.06,0.02,0.1,0.02,69.0,32.0,52.0,0.19
1898,2007.0,0.29,0.51,0.08,0.2,85.0,47.0,67.0,1.08
9399,2000.0,0.07,0.05,0.0,0.01,75.0,7.0,6.0,0.13
9238,2015.0,0.0,0.13,0.0,0.01,71.0,31.0,773.0,0.14
8517,2010.0,0.12,0.03,0.0,0.01,70.0,26.0,31.0,0.16
856,1997.0,0.95,0.64,0.27,0.13,87.0,14.0,45.0,1.99
9123,2000.0,0.08,0.05,0.0,0.01,69.0,9.0,14.0,0.14
175,2000.0,1.62,0.77,2.78,0.14,94.0,22.0,779.0,5.3
3562,2004.0,0.31,0.11,0.13,0.01,66.0,10.0,6.0,0.56
7821,2002.0,0.14,0.04,0.0,0.01,79.0,17.0,4.0,0.19
3832,2007.0,0.47,0.0,0.0,0.04,73.0,37.0,19.0,0.52
13988,2014.0,0.01,0.03,0.0,0.0,58.0,16.0,498.0,0.04
9261,2009.0,0.1,0.02,0.0,0.01,62.0,39.0,9.0,0.14
4859,2009.0,0.06,0.3,0.0,0.04,57.0,8.0,9.0,0.39
8956,2013.0,0.06,0.03,0.05,0.01,68.0,25.0,63.0,0.15
3326,2005.0,0.5,0.02,0.0,0.08,45.0,28.0,137.0,0.6
5566,2008.0,0.13,0.14,0.0,0.06,44.0,30.0,23.0,0.32
2160,2005.0,0.36,0.45,0.0,0.14,87.0,29.0,53.0,0.95
13566,2009.0,0.0,0.04,0.0,0.01,79.0,15.0,40.0,0.04
8804,2010.0,0.12,0.02,0.0,0.01,55.0,10.0,6.0,0.15
10151,2005.0,0.1,0.0,0.0,0.01,77.0,17.0,20.0,0.11
1976,2001.0,0.78,0.26,0.0,0.01,61.0,17.0,6.0,1.05
3699,2010.0,0.3,0.19,0.0,0.05,82.0,72.0,295.0,0.54
6372,2002.0,0.13,0.1,0.0,0.03,56.0,16.0,4.0,0.27
15956,2003.0,0.0,0.01,0.0,0.0,71.0,25.0,28.0,0.02
4534,2013.0,0.19,0.2,0.0,0.04,90.0,35.0,217.0,0.43
3749,2010.0,0.12,0.15,0.18,0.09,83.0,54.0,67.0,0.53
5362,2003.0,0.08,0.06,0.19,0.02,77.0,21.0,18.0,0.34
579,2000.0,2.0,0.47,0.02,0.14,78.0,18.0,21.0,2.63
444,2008.0,0.55,0.5,1.93,0.13,83.0,48.0,63.0,3.11
816,2009.0,1.48,0.39,0.0,0.19,83.0,68.0,51.0,2.06
4466,2004.0,0.26,0.1,0.07,0.01,58.0,9.0,18.0,0.43
3342,2010.0,0.31,0.23,0.0,0.06,32.0,38.0,23.0,0.6
566,2009.0,0.28,1.39,0.68,0.32,83.0,58.0,52.0,2.67
5211,2006.0,0.17,0.01,0.16,0.02,80.0,39.0,57.0,0.36
9528,2007.0,0.12,0.0,0.0,0.01,41.0,5.0,4.0,0.13
5772,2008.0,0.28,0.0,0.0,0.03,67.0,23.0,8.0,0.31
7075,2003.0,0.11,0.09,0.0,0.03,58.0,12.0,5.0,0.23
3972,2002.0,0.24,0.19,0.0,0.06,81.0,22.0,8.0,0.5
6695,2009.0,0.11,0.09,0.0,0.05,63.0,10.0,17.0,0.25
12062,2014.0,0.04,0.02,0.0,0.01,58.0,10.0,15.0,0.07
4303,2007.0,0.42,0.0,0.0,0.03,79.0,15.0,6.0,0.45
7869,2002.0,0.09,0.07,0.0,0.02,65.0,28.0,16.0,0.19
2497,2008.0,0.58,0.17,0.0,0.07,84.0,55.0,171.0,0.83
15112,2006.0,0.02,0.0,0.0,0.0,51.0,24.0,14.0,0.02
3006,2014.0,0.35,0.25,0.0,0.06,79.0,24.0,430.0,0.67
962,2001.0,1.81,0.0,0.0,0.0,85.0,17.0,70.0,1.82
1445,2007.0,0.31,0.89,0.01,0.14,82.0,43.0,57.0,1.35
15158,2002.0,0.02,0.01,0.0,0.0,62.0,8.0,15.0,0.02
15202,2009.0,0.0,0.02,0.0,0.0,73.0,17.0,21.0,0.02
15704,2010.0,0.02,0.0,0.0,0.0,63.0,17.0,72.0,0.02
1834,2009.0,0.67,0.29,0.0,0.15,88.0,60.0,59.0,1.12
5316,2008.0,0.11,0.2,0.0,0.04,68.0,20.0,12.0,0.35
3067,2013.0,0.29,0.3,0.0,0.07,94.0,68.0,7322.0,0.66
2084,2000.0,0.3,0.23,0.38,0.08,66.0,20.0,35.0,0.99
6789,2012.0,0.1,0.01,0.1,0.04,82.0,56.0,237.0,0.24
7783,2003.0,0.09,0.07,0.0,0.02,62.0,19.0,7.0,0.19
14035,2004.0,0.03,0.01,0.0,0.0,69.0,11.0,8.0,0.04
1349,2002.0,0.7,0.54,0.0,0.18,59.0,7.0,12.0,1.42
9143,2007.0,0.0,0.11,0.0,0.03,96.0,34.0,1495.0,0.14
8734,2005.0,0.08,0.06,0.0,0.02,48.0,7.0,37.0,0.15
3655,2004.0,0.4,0.13,0.0,0.02,72.0,31.0,5.0,0.55
11800,2002.0,0.05,0.02,0.0,0.0,78.0,19.0,4.0,0.07
9494,2003.0,0.1,0.03,0.0,0.0,83.0,17.0,8.0,0.13
5167,2008.0,0.27,0.02,0.04,0.03,85.0,46.0,111.0,0.36
7860,2013.0,0.09,0.08,0.0,0.02,82.0,5.0,112.0,0.19
9141,2006.0,0.12,0.01,0.0,0.01,73.0,38.0,22.0,0.14
7564,2002.0,0.15,0.04,0.0,0.01,90.0,17.0,5.0,0.2
16532,2009.0,0.0,0.01,0.0,0.0,78.0,8.0,49.0,0.01
4968,2004.0,0.29,0.08,0.0,0.01,86.0,18.0,11.0,0.38
5487,2006.0,0.26,0.06,0.0,0.01,83.0,32.0,21.0,0.33
15652,2006.0,0.0,0.02,0.0,0.0,67.0,30.0,4.0,0.02
3378,2004.0,0.29,0.23,0.0,0.08,62.0,8.0,8.0,0.59
11038,2011.0,0.06,0.02,0.0,0.01,45.0,5.0,8.0,0.09
4993,2007.0,0.35,0.01,0.0,0.03,52.0,11.0,23.0,0.38
6811,2011.0,0.11,0.1,0.0,0.03,70.0,36.0,531.0,0.24
6559,2005.0,0.2,0.03,0.0,0.02,80.0,57.0,79.0,0.26
2150,2002.0,0.77,0.15,0.0,0.04,81.0,27.0,24.0,0.96
6800,2005.0,0.12,0.09,0.0,0.03,84.0,39.0,117.0,0.24
2224,2003.0,0.67,0.25,0.0,0.02,71.0,16.0,8.0,0.93
8539,2002.0,0.08,0.06,0.0,0.02,68.0,24.0,8.0,0.16
15177,2016.0,0.0,0.02,0.0,0.0,52.0,13.0,34.0,0.02
7719,2006.0,0.17,0.01,0.0,0.02,58.0,37.0,39.0,0.19
1824,2011.0,0.53,0.36,0.09,0.15,80.0,27.0,52.0,1.12
5979,2009.0,0.14,0.1,0.02,0.02,87.0,50.0,86.0,0.29
15983,2005.0,0.0,0.01,0.0,0.0,76.0,13.0,142.0,0.02
1374,2009.0,0.95,0.33,0.0,0.13,87.0,76.0,86.0,1.4
5244,2001.0,0.25,0.1,0.0,0.01,49.0,19.0,9.0,0.36
3318,2009.0,0.25,0.29,0.0,0.07,67.0,11.0,4.0,0.61
12500,2005.0,0.05,0.01,0.0,0.0,77.0,51.0,37.0,0.06
10168,2010.0,0.09,0.01,0.0,0.01,58.0,23.0,8.0,0.11
16709,2009.0,0.0,0.01,0.0,0.0,63.0,6.0,8.0,0.01
3718,2014.0,0.16,0.07,0.28,0.02,69.0,57.0,87.0,0.54
5493,2007.0,0.29,0.01,0.0,0.03,78.0,35.0,84.0,0.33
9866,2010.0,0.11,0.0,0.0,0.01,36.0,20.0,17.0,0.12
14427,2006.0,0.02,0.01,0.0,0.0,56.0,22.0,8.0,0.03
5154,2006.0,0.34,0.0,0.0,0.03,75.0,16.0,11.0,0.37
5363,2009.0,0.16,0.15,0.0,0.04,61.0,10.0,4.0,0.34
3688,2009.0,0.3,0.16,0.0,0.07,70.0,43.0,19.0,0.54
7948,2011.0,0.0,0.15,0.0,0.04,83.0,10.0,83.0,0.19
793,2005.0,0.99,0.63,0.29,0.19,84.0,60.0,212.0,2.09
3549,2000.0,0.11,0.08,0.34,0.04,83.0,10.0,45.0,0.56
15094,2006.0,0.0,0.02,0.0,0.0,71.0,29.0,23.0,0.02
8820,2004.0,0.11,0.03,0.0,0.01,79.0,33.0,9.0,0.15
14891,2006.0,0.02,0.01,0.0,0.0,68.0,4.0,4.0,0.03
2393,2012.0,0.42,0.3,0.01,0.15,73.0,69.0,159.0,0.87
4389,2005.0,0.3,0.12,0.0,0.02,84.0,50.0,199.0,0.44
8339,2013.0,0.1,0.0,0.04,0.03,62.0,24.0,118.0,0.17
5112,2004.0,0.29,0.07,0.0,0.01,65.0,31.0,27.0,0.37
5405,2006.0,0.28,0.03,0.0,0.03,85.0,44.0,131.0,0.34
1692,2002.0,0.92,0.23,0.0,0.04,71.0,4.0,7.0,1.19
7246,2014.0,0.1,0.1,0.0,0.02,71.0,13.0,166.0,0.22
15441,2008.0,0.0,0.02,0.0,0.0,52.0,11.0,57.0,0.02
6803,2005.0,0.19,0.05,0.0,0.01,83.0,14.0,44.0,0.24
7062,2006.0,0.06,0.05,0.1,0.02,87.0,4.0,13.0,0.23
3617,2010.0,0.25,0.05,0.22,0.03,68.0,6.0,13.0,0.55
928,2001.0,0.53,0.16,1.07,0.1,78.0,17.0,90.0,1.87
15662,2015.0,0.0,0.02,0.0,0.0,74.0,6.0,41.0,0.02
3795,2009.0,0.35,0.13,0.0,0.05,75.0,7.0,4.0,0.53
4850,2004.0,0.31,0.08,0.0,0.01,74.0,31.0,13.0,0.4
6662,2003.0,0.16,0.08,0.0,0.01,74.0,38.0,15.0,0.25
1785,2008.0,0.43,0.51,0.02,0.19,65.0,42.0,47.0,1.14
9624,2007.0,0.12,0.0,0.0,0.01,47.0,10.0,7.0,0.13
3518,2001.0,0.43,0.12,0.0,0.02,71.0,30.0,13.0,0.57
12682,2009.0,0.0,0.05,0.0,0.01,83.0,22.0,387.0,0.06
9830,2007.0,0.11,0.0,0.0,0.01,61.0,12.0,13.0,0.12
1647,2001.0,0.98,0.19,0.0,0.05,89.0,24.0,61.0,1.22
4408,2008.0,0.16,0.23,0.0,0.05,68.0,67.0,88.0,0.44
10741,2012.0,0.04,0.03,0.01,0.01,53.0,19.0,22.0,0.1
1463,2003.0,0.65,0.51,0.0,0.17,73.0,27.0,63.0,1.34
6669,2006.0,0.22,0.01,0.0,0.02,65.0,16.0,8.0,0.25
570,2008.0,1.78,0.63,0.0,0.25,85.0,67.0,171.0,2.66
3458,2011.0,0.36,0.15,0.0,0.07,86.0,33.0,52.0,0.58
3023,2010.0,0.38,0.22,0.0,0.06,73.0,9.0,20.0,0.67
4351,2011.0,0.21,0.16,0.01,0.07,74.0,48.0,103.0,0.45
5815,2014.0,0.1,0.1,0.06,0.04,54.0,32.0,103.0,0.31
5908,2006.0,0.02,0.01,0.0,0.27,68.0,27.0,25.0,0.3
5142,2006.0,0.09,0.07,0.18,0.02,81.0,34.0,59.0,0.37
2979,2003.0,0.53,0.14,0.0,0.02,72.0,21.0,20.0,0.68
7527,2006.0,0.18,0.0,0.0,0.02,72.0,13.0,39.0,0.2
4273,2006.0,0.09,0.24,0.0,0.12,67.0,28.0,30.0,0.46
4584,2002.0,0.21,0.16,0.0,0.05,64.0,22.0,9.0,0.42
14494,2009.0,0.01,0.02,0.0,0.0,76.0,10.0,9.0,0.03
5079,2006.0,0.34,0.0,0.0,0.03,66.0,22.0,37.0,0.37
11644,2005.0,0.0,0.07,0.0,0.01,90.0,23.0,95.0,0.08
43,2005.0,2.5,3.45,5.33,0.86,86.0,57.0,242.0,12.13
14867,2006.0,0.02,0.01,0.0,0.0,75.0,14.0,6.0,0.03
1752,2011.0,0.7,0.36,0.0,0.1,77.0,13.0,21.0,1.16
12408,2002.0,0.03,0.02,0.0,0.01,67.0,7.0,14.0,0.06
7340,2004.0,0.07,0.13,0.0,0.02,72.0,19.0,1509.0,0.21
13874,2016.0,0.02,0.0,0.01,0.01,78.0,6.0,30.0,0.04
8759,2009.0,0.14,0.01,0.0,0.01,54.0,8.0,5.0,0.15
11328,2003.0,0.06,0.02,0.0,0.0,64.0,21.0,7.0,0.08
4119,2005.0,0.35,0.11,0.0,0.02,81.0,30.0,11.0,0.48
1719,2005.0,0.98,0.04,0.0,0.16,77.0,43.0,70.0,1.17
2925,2005.0,0.52,0.0,0.12,0.05,66.0,35.0,16.0,0.7
6380,2011.0,0.1,0.13,0.0,0.04,78.0,46.0,359.0,0.27
10451,2005.0,0.07,0.03,0.0,0.0,68.0,22.0,9.0,0.1
3053,2009.0,0.51,0.1,0.0,0.06,88.0,52.0,71.0,0.66
8730,2002.0,0.12,0.03,0.0,0.0,78.0,13.0,4.0,0.15
224,2011.0,2.99,1.27,0.04,0.42,94.0,87.0,1472.0,4.73
8712,2010.0,0.11,0.0,0.03,0.01,80.0,8.0,13.0,0.15
8814,2002.0,0.11,0.03,0.0,0.01,75.0,22.0,16.0,0.15
9756,2002.0,0.09,0.03,0.0,0.0,60.0,14.0,5.0,0.12
9991,2011.0,0.08,0.03,0.0,0.01,21.0,5.0,25.0,0.12
1551,2012.0,0.48,0.35,0.36,0.07,83.0,75.0,487.0,1.27
5057,2013.0,0.17,0.14,0.0,0.06,77.0,6.0,25.0,0.38
220,2010.0,2.74,1.33,0.12,0.61,92.0,101.0,2633.0,4.8
7281,2002.0,0.15,0.06,0.0,0.0,53.0,14.0,5.0,0.22
2793,2004.0,0.4,0.15,0.17,0.01,55.0,15.0,4.0,0.73
3085,2008.0,0.24,0.0,0.0,0.41,73.0,6.0,5.0,0.65
3449,2003.0,0.28,0.22,0.0,0.07,38.0,21.0,23.0,0.58
7495,2002.0,0.15,0.05,0.0,0.0,55.0,4.0,8.0,0.21
3065,2013.0,0.25,0.33,0.03,0.05,92.0,35.0,465.0,0.66
4564,2005.0,0.33,0.08,0.0,0.01,76.0,26.0,15.0,0.42
4538,2008.0,0.39,0.01,0.0,0.03,53.0,10.0,6.0,0.43
9998,2014.0,0.03,0.02,0.06,0.01,70.0,19.0,27.0,0.11
8948,2005.0,0.11,0.03,0.0,0.01,81.0,25.0,9.0,0.15
3453,2013.0,0.28,0.0,0.27,0.03,83.0,48.0,251.0,0.58
7934,2009.0,0.13,0.03,0.0,0.02,67.0,23.0,7.0,0.19
6143,2007.0,0.14,0.11,0.0,0.04,58.0,24.0,14.0,0.28
1100,2000.0,0.78,0.61,0.06,0.2,93.0,35.0,33.0,1.66
1528,2004.0,0.63,0.49,0.0,0.16,75.0,51.0,27.0,1.29
1568,2012.0,0.72,0.44,0.0,0.11,78.0,46.0,110.0,1.27
310,2009.0,2.09,1.35,0.06,0.4,81.0,27.0,39.0,3.9
3698,2007.0,0.18,0.26,0.0,0.1,72.0,31.0,64.0,0.54
4953,2010.0,0.18,0.16,0.0,0.04,68.0,21.0,9.0,0.39
7228,2004.0,0.11,0.08,0.0,0.03,66.0,34.0,22.0,0.22
13770,2006.0,0.02,0.0,0.02,0.0,78.0,22.0,21.0,0.04
8390,1998.0,0.02,0.01,0.12,0.01,49.0,5.0,7.0,0.17
6157,2003.0,0.14,0.11,0.0,0.04,64.0,30.0,10.0,0.28
4387,2015.0,0.13,0.15,0.14,0.02,58.0,58.0,133.0,0.44
4035,2011.0,0.3,0.12,0.03,0.04,78.0,71.0,82.0,0.49
15182,2012.0,0.0,0.02,0.0,0.0,78.0,11.0,58.0,0.02
1524,2003.0,0.93,0.34,0.0,0.02,49.0,10.0,5.0,1.29
11023,2014.0,0.05,0.03,0.0,0.02,43.0,46.0,84.0,0.09
3415,2004.0,0.29,0.22,0.0,0.08,81.0,26.0,20.0,0.59
12789,2013.0,0.0,0.05,0.0,0.0,65.0,26.0,1007.0,0.06
10652,2003.0,0.07,0.03,0.0,0.0,77.0,21.0,8.0,0.1
251,2006.0,2.82,1.03,0.13,0.4,94.0,90.0,1109.0,4.38
2811,2016.0,0.26,0.35,0.0,0.12,71.0,70.0,87.0,0.73
4318,2007.0,0.02,0.38,0.01,0.05,76.0,23.0,27.0,0.45
4473,2004.0,0.31,0.12,0.0,0.01,72.0,8.0,13.0,0.43
5625,2004.0,0.16,0.12,0.0,0.04,82.0,25.0,10.0,0.32
13923,2011.0,0.0,0.03,0.0,0.0,60.0,10.0,17.0,0.04
10092,2005.0,0.08,0.02,0.0,0.0,53.0,34.0,8.0,0.11
7589,2004.0,0.15,0.04,0.0,0.01,70.0,20.0,11.0,0.2
5121,2007.0,0.34,0.0,0.0,0.03,66.0,15.0,14.0,0.37
7983,2005.0,0.07,0.0,0.11,0.01,64.0,30.0,8.0,0.18
13655,2006.0,0.0,0.04,0.0,0.0,66.0,26.0,38.0,0.04
1416,2005.0,0.49,0.55,0.0,0.33,65.0,17.0,32.0,1.37
988,2006.0,0.23,0.02,1.49,0.02,75.0,30.0,27.0,1.76
2031,2009.0,0.62,0.31,0.0,0.09,71.0,41.0,25.0,1.02
2714,2013.0,0.0,0.48,0.25,0.03,81.0,58.0,86.0,0.75
7614,2003.0,0.15,0.04,0.0,0.01,40.0,5.0,7.0,0.2
15025,2004.0,0.02,0.01,0.0,0.0,51.0,9.0,10.0,0.02
2997,2011.0,0.44,0.16,0.0,0.07,84.0,59.0,561.0,0.67
10198,2003.0,0.05,0.04,0.0,0.01,71.0,31.0,17.0,0.11
11326,2011.0,0.08,0.0,0.0,0.01,75.0,8.0,18.0,0.08
8155,2005.0,0.15,0.02,0.0,0.01,38.0,12.0,59.0,0.18
284,1997.0,4.03,0.0,0.09,0.0,96.0,24.0,3161.0,4.12
2713,2008.0,0.21,0.0,0.0,0.54,67.0,8.0,9.0,0.75
4461,2008.0,0.19,0.12,0.07,0.05,80.0,34.0,117.0,0.44
1663,2003.0,0.69,0.48,0.01,0.03,83.0,24.0,45.0,1.21
15594,2011.0,0.0,0.02,0.0,0.0,50.0,14.0,57.0,0.02
15736,2016.0,0.01,0.0,0.0,0.0,48.0,4.0,53.0,0.02
13927,2002.0,0.03,0.01,0.0,0.0,86.0,25.0,14.0,0.04
4855,2005.0,0.33,0.01,0.0,0.05,71.0,7.0,8.0,0.4
13624,2005.0,0.02,0.02,0.0,0.01,47.0,17.0,7.0,0.04
4204,2004.0,0.3,0.08,0.07,0.01,85.0,54.0,142.0,0.47
1594,2007.0,0.47,0.53,0.03,0.22,86.0,32.0,81.0,1.25
2606,2003.0,0.24,0.49,0.0,0.05,82.0,20.0,23.0,0.79
971,2002.0,0.93,0.59,0.21,0.07,83.0,23.0,46.0,1.8
12173,2006.0,0.06,0.0,0.0,0.0,57.0,18.0,4.0,0.07
16211,2005.0,0.0,0.01,0.0,0.0,74.0,31.0,152.0,0.01
3802,2002.0,0.41,0.11,0.0,0.01,82.0,13.0,23.0,0.53
16035,2007.0,0.0,0.01,0.0,0.0,77.0,7.0,50.0,0.02
6327,2013.0,0.15,0.08,0.01,0.02,69.0,21.0,222.0,0.27
1267,2003.0,0.72,0.38,0.36,0.04,80.0,55.0,94.0,1.49
10612,2002.0,0.08,0.02,0.0,0.0,80.0,15.0,5.0,0.1
3637,2001.0,0.27,0.21,0.0,0.07,68.0,19.0,12.0,0.55
13869,2004.0,0.02,0.01,0.0,0.0,62.0,29.0,7.0,0.04
9024,2007.0,0.13,0.0,0.0,0.01,79.0,36.0,26.0,0.14
9018,2001.0,0.07,0.05,0.0,0.02,58.0,7.0,6.0,0.14
14720,2002.0,0.0,0.02,0.0,0.0,82.0,26.0,235.0,0.03
7702,2009.0,0.15,0.03,0.0,0.02,55.0,8.0,8.0,0.2
3300,2009.0,0.46,0.1,0.0,0.05,46.0,43.0,67.0,0.61
4067,2008.0,0.12,0.31,0.0,0.06,84.0,5.0,31.0,0.49
5221,2010.0,0.24,0.08,0.0,0.03,76.0,68.0,96.0,0.36
8001,2002.0,0.14,0.04,0.0,0.01,68.0,13.0,11.0,0.18
5634,2002.0,0.16,0.12,0.0,0.04,68.0,19.0,8.0,0.32
7518,2005.0,0.15,0.04,0.0,0.01,76.0,21.0,5.0,0.2
2859,2010.0,0.19,0.53,0.0,0.0,87.0,46.0,1467.0,0.72
8153,2005.0,0.14,0.04,0.0,0.0,39.0,16.0,6.0,0.18
2625,2013.0,0.44,0.26,0.01,0.07,57.0,43.0,192.0,0.78
11510,2003.0,0.06,0.02,0.0,0.0,62.0,11.0,6.0,0.08
11918,2004.0,0.04,0.03,0.0,0.01,65.0,27.0,17.0,0.07
2910,2001.0,0.34,0.27,0.0,0.09,84.0,22.0,11.0,0.7
395,2000.0,1.56,1.47,0.19,0.17,68.0,12.0,99.0,3.39
2454,2012.0,0.2,0.12,0.45,0.07,71.0,59.0,216.0,0.84
16204,2009.0,0.0,0.01,0.0,0.0,82.0,23.0,45.0,0.01
3676,2008.0,0.26,0.23,0.0,0.06,82.0,34.0,15.0,0.55
14088,2004.0,0.03,0.01,0.0,0.0,66.0,29.0,9.0,0.04
3583,2008.0,0.19,0.31,0.0,0.06,50.0,4.0,5.0,0.56
14402,2016.0,0.0,0.03,0.0,0.0,86.0,33.0,288.0,0.03
1595,2012.0,0.35,0.61,0.02,0.27,88.0,71.0,348.0,1.25
10553,2006.0,0.06,0.02,0.02,0.0,75.0,21.0,23.0,0.1
9196,2007.0,0.07,0.0,0.06,0.01,64.0,22.0,19.0,0.14
13382,2006.0,0.04,0.0,0.0,0.0,64.0,29.0,13.0,0.05
10618,2006.0,0.09,0.0,0.0,0.01,25.0,4.0,4.0,0.1
13260,2016.0,0.0,0.04,0.0,0.0,82.0,6.0,44.0,0.05
7297,2013.0,0.1,0.08,0.0,0.04,47.0,5.0,87.0,0.21
1581,2009.0,0.77,0.37,0.0,0.11,65.0,29.0,51.0,1.25
6345,2005.0,0.2,0.06,0.0,0.01,62.0,46.0,8.0,0.27
5500,2007.0,0.19,0.02,0.09,0.02,75.0,30.0,37.0,0.33
987,2001.0,1.19,0.29,0.24,0.06,87.0,35.0,44.0,1.77
1016,2008.0,0.85,0.66,0.01,0.22,55.0,6.0,6.0,1.75
13101,2011.0,0.05,0.0,0.0,0.0,66.0,7.0,9.0,0.05
1899,2010.0,0.64,0.28,0.04,0.13,75.0,69.0,265.0,1.08
13788,2014.0,0.0,0.04,0.0,0.0,84.0,5.0,29.0,0.04
10273,2004.0,0.08,0.02,0.0,0.0,40.0,7.0,9.0,0.11
4450,2007.0,0.36,0.04,0.01,0.03,82.0,63.0,196.0,0.44
221,1999.0,2.57,1.57,0.44,0.21,88.0,20.0,233.0,4.79
11637,2006.0,0.07,0.01,0.0,0.01,52.0,30.0,18.0,0.08
9271,2001.0,0.07,0.05,0.0,0.02,77.0,21.0,10.0,0.14
451,2002.0,2.17,0.28,0.55,0.08,67.0,28.0,71.0,3.09
6411,2005.0,0.24,0.01,0.0,0.02,45.0,4.0,22.0,0.27
10953,2007.0,0.08,0.0,0.0,0.01,64.0,17.0,4.0,0.09
2855,2009.0,0.52,0.14,0.0,0.06,75.0,47.0,30.0,0.72
5320,2016.0,0.11,0.16,0.02,0.05,69.0,50.0,578.0,0.35
11857,2008.0,0.07,0.0,0.0,0.0,61.0,16.0,9.0,0.07
3112,2005.0,0.32,0.25,0.0,0.08,77.0,48.0,43.0,0.65
11136,2004.0,0.07,0.02,0.0,0.0,72.0,28.0,7.0,0.09
3951,2001.0,0.25,0.19,0.0,0.06,44.0,13.0,11.0,0.5
10770,2004.0,0.05,0.04,0.0,0.01,73.0,39.0,13.0,0.1
16052,2006.0,0.01,0.01,0.0,0.0,67.0,23.0,41.0,0.02
2471,2004.0,0.6,0.22,0.0,0.01,89.0,50.0,132.0,0.84
231,2015.0,2.07,1.71,0.08,0.76,86.0,78.0,1264.0,4.62
8310,2004.0,0.13,0.04,0.0,0.01,82.0,61.0,12.0,0.17
6985,2002.0,0.18,0.05,0.0,0.01,75.0,17.0,19.0,0.23
3778,2004.0,0.26,0.2,0.0,0.07,71.0,24.0,22.0,0.53
6126,2012.0,0.18,0.08,0.0,0.02,61.0,70.0,80.0,0.28
13302,2004.0,0.04,0.01,0.0,0.0,84.0,37.0,16.0,0.05
10621,2015.0,0.07,0.02,0.0,0.01,75.0,22.0,106.0,0.1
1908,2003.0,0.77,0.29,0.0,0.02,40.0,23.0,22.0,1.08
14535,2006.0,0.03,0.0,0.0,0.0,56.0,6.0,6.0,0.03
7698,2007.0,0.17,0.01,0.0,0.02,53.0,27.0,13.0,0.2
13041,2016.0,0.03,0.01,0.0,0.01,76.0,39.0,57.0,0.05
12787,2006.0,0.05,0.0,0.0,0.0,70.0,29.0,5.0,0.06
2067,2003.0,0.78,0.18,0.03,0.0,92.0,39.0,54.0,1.0
1200,2011.0,0.73,0.67,0.0,0.15,73.0,14.0,13.0,1.55
8346,2005.0,0.02,0.13,0.0,0.02,78.0,23.0,431.0,0.17
4410,2005.0,0.13,0.0,0.31,0.01,83.0,41.0,45.0,0.44
15418,2014.0,0.0,0.0,0.02,0.0,65.0,20.0,23.0,0.02
1980,2007.0,0.23,0.58,0.03,0.21,80.0,35.0,32.0,1.05
1371,2013.0,0.9,0.39,0.0,0.12,87.0,42.0,384.0,1.41
13781,2005.0,0.03,0.01,0.0,0.0,66.0,17.0,7.0,0.04
4125,2002.0,0.23,0.18,0.0,0.06,80.0,10.0,10.0,0.48
11595,2006.0,0.06,0.01,0.0,0.01,38.0,23.0,53.0,0.08
14004,2011.0,0.0,0.03,0.0,0.0,66.0,4.0,48.0,0.04
12646,2008.0,0.05,0.0,0.0,0.0,29.0,16.0,30.0,0.06
379,2009.0,2.2,0.95,0.02,0.31,92.0,78.0,1080.0,3.48
9093,2002.0,0.07,0.05,0.0,0.02,72.0,24.0,8.0,0.14
12285,2004.0,0.03,0.02,0.0,0.01,69.0,16.0,14.0,0.06
9786,2004.0,0.09,0.03,0.0,0.0,71.0,62.0,17.0,0.12
7017,2008.0,0.12,0.08,0.0,0.03,58.0,13.0,4.0,0.23
7498,2013.0,0.07,0.05,0.06,0.02,61.0,30.0,102.0,0.21
1477,2007.0,0.62,0.49,0.01,0.2,74.0,27.0,41.0,1.33
4267,2007.0,0.35,0.06,0.0,0.05,67.0,33.0,8.0,0.46
9710,2013.0,0.09,0.0,0.03,0.01,62.0,11.0,44.0,0.12
11537,2006.0,0.06,0.01,0.0,0.01,66.0,9.0,5.0,0.08
701,2010.0,1.27,0.81,0.0,0.2,76.0,42.0,71.0,2.28
6684,2008.0,0.12,0.1,0.0,0.03,38.0,7.0,6.0,0.25
7553,2013.0,0.07,0.02,0.1,0.02,53.0,44.0,80.0,0.2
16150,2005.0,0.0,0.01,0.0,0.0,80.0,36.0,15.0,0.01
11018,2011.0,0.05,0.04,0.0,0.01,48.0,13.0,20.0,0.09
5019,2010.0,0.17,0.07,0.12,0.02,83.0,60.0,127.0,0.38
7853,2008.0,0.15,0.02,0.0,0.02,54.0,57.0,19.0,0.19
3129,2004.0,0.46,0.17,0.0,0.01,67.0,23.0,12.0,0.64
10217,2014.0,0.0,0.0,0.11,0.0,76.0,5.0,18.0,0.11
4175,2006.0,0.35,0.1,0.0,0.02,74.0,19.0,11.0,0.47
8085,2004.0,0.09,0.07,0.0,0.02,69.0,27.0,18.0,0.18
4510,2009.0,0.15,0.04,0.0,0.24,64.0,9.0,6.0,0.43
16549,2008.0,0.01,0.0,0.0,0.0,58.0,6.0,4.0,0.01
2259,2006.0,0.71,0.18,0.0,0.03,59.0,32.0,46.0,0.92
15345,2007.0,0.02,0.0,0.0,0.0,19.0,6.0,25.0,0.02
9441,2013.0,0.01,0.09,0.0,0.03,64.0,5.0,8.0,0.13
10651,2010.0,0.08,0.02,0.0,0.01,64.0,49.0,16.0,0.1
274,2005.0,0.78,2.55,0.04,0.84,80.0,32.0,47.0,4.21
2738,2010.0,0.21,0.46,0.0,0.08,62.0,24.0,14.0,0.75
6233,2006.0,0.23,0.02,0.0,0.02,56.0,15.0,8.0,0.28
10703,2007.0,0.08,0.0,0.01,0.01,65.0,33.0,14.0,0.1
1028,2013.0,0.43,0.68,0.42,0.2,54.0,83.0,1074.0,1.73
13005,2002.0,0.01,0.0,0.03,0.0,58.0,20.0,5.0,0.05
10856,2014.0,0.05,0.03,0.0,0.02,59.0,11.0,4.0,0.09
13989,2006.0,0.03,0.0,0.0,0.0,39.0,4.0,10.0,0.04
8679,2008.0,0.14,0.0,0.0,0.01,63.0,5.0,5.0,0.16
6395,2010.0,0.12,0.11,0.0,0.02,78.0,45.0,38.0,0.27
7247,2012.0,0.07,0.13,0.0,0.03,80.0,6.0,127.0,0.22
11649,2002.0,0.04,0.03,0.0,0.01,57.0,12.0,5.0,0.08
14910,2006.0,0.02,0.01,0.0,0.0,72.0,8.0,7.0,0.03
9571,2001.0,0.06,0.05,0.0,0.02,53.0,18.0,6.0,0.13
2815,2015.0,0.24,0.37,0.0,0.12,80.0,53.0,65.0,0.73
6154,2009.0,0.15,0.11,0.0,0.03,69.0,20.0,22.0,0.28
5171,2010.0,0.22,0.11,0.0,0.03,76.0,12.0,11.0,0.36
3612,2011.0,0.13,0.09,0.27,0.06,77.0,41.0,80.0,0.56
961,2001.0,1.73,0.07,0.0,0.02,72.0,9.0,5.0,1.82
12609,2003.0,0.04,0.02,0.0,0.0,44.0,15.0,4.0,0.06
7959,2014.0,0.15,0.03,0.0,0.0,74.0,19.0,47.0,0.19
5986,2010.0,0.13,0.1,0.04,0.02,67.0,60.0,126.0,0.29
3271,2014.0,0.15,0.36,0.01,0.09,73.0,33.0,87.0,0.61
481,2014.0,1.01,1.43,0.05,0.47,84.0,85.0,1886.0,2.96
7301,2010.0,0.17,0.03,0.0,0.02,43.0,5.0,5.0,0.21
4105,2012.0,0.31,0.12,0.02,0.04,70.0,64.0,260.0,0.48
5937,2007.0,0.24,0.03,0.0,0.02,68.0,38.0,20.0,0.29
10178,2011.0,0.08,0.02,0.0,0.01,62.0,9.0,9.0,0.11
2897,2007.0,0.41,0.22,0.0,0.07,50.0,44.0,182.0,0.7
4759,2008.0,0.36,0.02,0.0,0.03,68.0,57.0,87.0,0.4
16027,2016.0,0.0,0.01,0.0,0.0,66.0,14.0,539.0,0.02
3410,2010.0,0.25,0.27,0.0,0.06,82.0,78.0,169.0,0.59
727,2012.0,1.05,0.72,0.1,0.35,91.0,25.0,858.0,2.23
6430,2001.0,0.13,0.1,0.0,0.03,53.0,16.0,11.0,0.26
7865,2003.0,0.15,0.04,0.0,0.01,71.0,26.0,7.0,0.19
9617,2007.0,0.05,0.04,0.02,0.01,60.0,6.0,44.0,0.13
8007,2003.0,0.09,0.07,0.0,0.02,72.0,48.0,41.0,0.18
697,2009.0,0.3,1.27,0.46,0.26,78.0,42.0,76.0,2.28
12351,2004.0,0.03,0.02,0.0,0.01,45.0,16.0,10.0,0.06
7102,2008.0,0.09,0.0,0.12,0.01,50.0,13.0,13.0,0.23
9242,2015.0,0.03,0.08,0.0,0.02,81.0,10.0,73.0,0.14
2125,2004.0,0.33,0.6,0.0,0.04,81.0,34.0,23.0,0.97
7898,2014.0,0.02,0.02,0.13,0.01,80.0,23.0,73.0,0.19
8709,2011.0,0.07,0.07,0.0,0.01,60.0,22.0,5.0,0.15
16203,2016.0,0.0,0.01,0.0,0.0,56.0,34.0,149.0,0.01
14013,2011.0,0.02,0.01,0.0,0.0,56.0,12.0,269.0,0.04
4364,2014.0,0.13,0.29,0.0,0.03,81.0,23.0,1647.0,0.45
1437,2013.0,0.39,0.87,0.0,0.1,81.0,52.0,3517.0,1.35
1828,2009.0,0.28,0.3,0.0,0.54,71.0,4.0,10.0,1.12
3606,2016.0,0.3,0.2,0.01,0.05,77.0,106.0,1659.0,0.56
2400,2005.0,0.72,0.03,0.0,0.12,88.0,37.0,37.0,0.87
5117,2002.0,0.28,0.07,0.0,0.01,74.0,18.0,19.0,0.37
3939,2003.0,0.25,0.19,0.0,0.06,51.0,9.0,6.0,0.5
14923,2011.0,0.0,0.02,0.0,0.01,65.0,5.0,24.0,0.03
11388,2007.0,0.08,0.0,0.0,0.01,47.0,23.0,6.0,0.08
4075,2004.0,0.35,0.13,0.0,0.01,62.0,4.0,8.0,0.48
16267,2016.0,0.01,0.0,0.0,0.0,75.0,24.0,7.0,0.01
12259,2004.0,0.05,0.01,0.0,0.0,67.0,15.0,6.0,0.07
6570,2003.0,0.13,0.1,0.0,0.03,58.0,19.0,8.0,0.26
16355,2000.0,0.0,0.01,0.0,0.0,90.0,28.0,1069.0,0.01
9295,2006.0,0.11,0.01,0.0,0.01,80.0,50.0,13.0,0.14
14229,2005.0,0.03,0.01,0.0,0.0,60.0,10.0,4.0,0.03
2422,2010.0,0.47,0.31,0.0,0.08,72.0,65.0,51.0,0.86
9140,2004.0,0.07,0.05,0.0,0.02,68.0,50.0,12.0,0.14
6283,2004.0,0.13,0.1,0.0,0.03,61.0,57.0,13.0,0.27
8427,2014.0,0.15,0.0,0.0,0.02,65.0,4.0,14.0,0.17
3866,2006.0,0.46,0.05,0.0,0.0,78.0,29.0,35.0,0.52
1256,2000.0,0.66,0.52,0.15,0.17,76.0,15.0,64.0,1.5
7250,2009.0,0.11,0.09,0.0,0.02,61.0,9.0,4.0,0.22
7952,2006.0,0.0,0.0,0.19,0.0,55.0,20.0,7.0,0.19
1584,2008.0,0.49,0.0,0.01,0.75,68.0,7.0,33.0,1.25
10697,2011.0,0.05,0.04,0.0,0.01,43.0,12.0,56.0,0.1
6948,2010.0,0.1,0.11,0.0,0.02,77.0,24.0,31.0,0.23
7148,2005.0,0.2,0.0,0.0,0.02,75.0,25.0,15.0,0.22
2201,2009.0,0.69,0.17,0.0,0.08,47.0,15.0,21.0,0.94
9411,2012.0,0.0,0.12,0.0,0.02,79.0,17.0,992.0,0.13
128,2010.0,3.17,1.79,1.03,0.46,87.0,77.0,368.0,6.44
5290,2009.0,0.33,0.0,0.0,0.03,67.0,34.0,21.0,0.35
5461,2003.0,0.25,0.07,0.0,0.01,84.0,50.0,37.0,0.33
8076,2001.0,0.15,0.03,0.0,0.01,64.0,21.0,9.0,0.18
989,2011.0,1.01,0.6,0.0,0.15,76.0,7.0,10.0,1.76
4743,2010.0,0.24,0.13,0.0,0.04,75.0,54.0,32.0,0.41
8520,2012.0,0.12,0.02,0.0,0.03,66.0,8.0,20.0,0.16
6484,2012.0,0.18,0.05,0.0,0.02,63.0,13.0,27.0,0.26
13357,2006.0,0.04,0.0,0.0,0.0,76.0,7.0,4.0,0.05
4390,2012.0,0.26,0.14,0.01,0.04,74.0,35.0,47.0,0.44
4370,2008.0,0.18,0.22,0.0,0.05,50.0,12.0,18.0,0.45
13055,2015.0,0.03,0.02,0.0,0.0,48.0,6.0,8.0,0.05
5230,2016.0,0.17,0.16,0.0,0.03,83.0,9.0,131.0,0.36
3503,2011.0,0.32,0.2,0.0,0.05,82.0,8.0,62.0,0.57
8222,2011.0,0.03,0.07,0.05,0.02,44.0,39.0,59.0,0.17
904,2008.0,1.1,0.55,0.0,0.27,84.0,43.0,80.0,1.92
2700,2009.0,0.45,0.23,0.0,0.07,87.0,22.0,19.0,0.76
9815,2016.0,0.04,0.07,0.0,0.01,86.0,37.0,383.0,0.12
55,2009.0,4.99,3.64,0.38,1.6,94.0,67.0,2073.0,10.6
1953,2001.0,1.03,0.02,0.0,0.0,87.0,21.0,639.0,1.06
1427,2002.0,0.67,0.52,0.0,0.17,73.0,20.0,36.0,1.36
1543,2003.0,0.63,0.49,0.0,0.16,76.0,47.0,136.0,1.28
4684,2006.0,0.2,0.16,0.0,0.05,52.0,44.0,20.0,0.41
7793,2010.0,0.16,0.02,0.0,0.02,57.0,11.0,6.0,0.19
4496,2012.0,0.28,0.11,0.01,0.03,77.0,32.0,93.0,0.43
12097,2007.0,0.01,0.04,0.0,0.01,78.0,20.0,29.0,0.07
8262,2001.0,0.1,0.07,0.0,0.01,73.0,7.0,6.0,0.17
3193,2010.0,0.23,0.09,0.27,0.04,60.0,45.0,64.0,0.63
6049,2014.0,0.15,0.11,0.0,0.02,76.0,13.0,348.0,0.29
9513,2011.0,0.03,0.02,0.07,0.01,77.0,8.0,10.0,0.13
8693,2009.0,0.11,0.03,0.0,0.01,62.0,24.0,14.0,0.16
11353,2010.0,0.02,0.05,0.0,0.01,82.0,27.0,86.0,0.08
14634,2005.0,0.02,0.01,0.0,0.0,48.0,9.0,5.0,0.03
94,2016.0,0.66,5.75,0.08,1.11,85.0,41.0,398.0,7.59
314,2015.0,2.49,0.66,0.03,0.69,87.0,51.0,364.0,3.88
814,2014.0,0.36,1.38,0.02,0.31,71.0,85.0,1571.0,2.07
1666,2015.0,0.72,0.37,0.01,0.11,71.0,27.0,299.0,1.21
9248,2010.0,0.1,0.02,0.0,0.01,78.0,17.0,211.0,0.14
1810,2008.0,0.31,0.58,0.02,0.22,79.0,66.0,362.0,1.13
3208,2006.0,0.11,0.03,0.15,0.34,93.0,69.0,327.0,0.63
5204,2009.0,0.3,0.03,0.0,0.03,49.0,16.0,14.0,0.36
15068,2003.0,0.0,0.02,0.0,0.0,72.0,15.0,55.0,0.02
319,2004.0,0.16,1.89,1.12,0.68,91.0,26.0,38.0,3.85
8884,2016.0,0.1,0.04,0.0,0.01,71.0,20.0,171.0,0.15
9832,2006.0,0.11,0.0,0.0,0.01,70.0,17.0,11.0,0.12
4929,2003.0,0.19,0.15,0.0,0.05,79.0,9.0,13.0,0.39
6703,2005.0,0.03,0.03,0.18,0.01,64.0,27.0,12.0,0.25
4812,2005.0,0.33,0.01,0.0,0.05,81.0,32.0,21.0,0.4
13378,2001.0,0.03,0.02,0.0,0.0,71.0,13.0,6.0,0.05
8258,2008.0,0.15,0.01,0.0,0.01,69.0,33.0,7.0,0.17
11400,2008.0,0.06,0.01,0.0,0.01,46.0,6.0,6.0,0.08
4557,2003.0,0.33,0.09,0.0,0.01,68.0,24.0,13.0,0.42
10447,2014.0,0.03,0.04,0.03,0.01,56.0,13.0,46.0,0.1
7241,2001.0,0.11,0.08,0.0,0.03,67.0,12.0,6.0,0.22
3927,2004.0,0.36,0.13,0.0,0.01,73.0,26.0,21.0,0.51
12714,2012.0,0.03,0.02,0.0,0.0,54.0,8.0,16.0,0.06
3748,2015.0,0.3,0.18,0.0,0.05,62.0,5.0,29.0,0.53
7820,2014.0,0.06,0.07,0.03,0.03,63.0,30.0,42.0,0.19
8664,2005.0,0.13,0.02,0.0,0.01,72.0,49.0,36.0,0.16
1206,2009.0,0.92,0.48,0.0,0.15,89.0,25.0,49.0,1.55
1201,2002.0,0.76,0.59,0.0,0.2,71.0,37.0,36.0,1.55
12406,2016.0,0.03,0.0,0.02,0.01,83.0,31.0,116.0,0.06
1092,2001.0,1.13,0.32,0.0,0.22,84.0,28.0,13.0,1.67
11716,2012.0,0.0,0.06,0.0,0.02,82.0,19.0,525.0,0.08
2341,2008.0,0.56,0.25,0.0,0.08,75.0,12.0,20.0,0.89
3712,2009.0,0.46,0.02,0.01,0.05,81.0,32.0,25.0,0.54
3096,2008.0,0.33,0.25,0.0,0.07,76.0,32.0,25.0,0.65
3152,2002.0,0.29,0.33,0.0,0.01,88.0,20.0,34.0,0.64
10084,2008.0,0.09,0.02,0.0,0.01,55.0,30.0,20.0,0.11
9272,2008.0,0.12,0.0,0.0,0.01,54.0,23.0,4.0,0.14
12965,2003.0,0.04,0.01,0.0,0.0,80.0,23.0,9.0,0.05
10164,2005.0,0.09,0.02,0.0,0.0,77.0,14.0,15.0,0.11
5467,2008.0,0.15,0.14,0.0,0.04,63.0,60.0,45.0,0.33
2325,2005.0,0.74,0.03,0.0,0.12,83.0,29.0,16.0,0.89
4556,2005.0,0.21,0.16,0.0,0.05,81.0,28.0,18.0,0.42
4540,2006.0,0.02,0.36,0.0,0.05,80.0,28.0,95.0,0.43
11091,2006.0,0.08,0.0,0.0,0.01,43.0,9.0,7.0,0.09
1270,2010.0,0.75,0.52,0.09,0.12,79.0,76.0,216.0,1.49
8824,2005.0,0.07,0.06,0.0,0.02,83.0,47.0,104.0,0.15
8756,2005.0,0.14,0.0,0.0,0.01,74.0,49.0,30.0,0.15
13291,1998.0,0.03,0.02,0.0,0.0,69.0,8.0,4.0,0.05
10755,2009.0,0.08,0.0,0.0,0.01,72.0,7.0,6.0,0.1
13306,2006.0,0.0,0.04,0.0,0.01,78.0,17.0,249.0,0.05
14482,2002.0,0.0,0.03,0.0,0.0,91.0,34.0,490.0,0.03
2009,2003.0,0.5,0.39,0.0,0.13,82.0,16.0,12.0,1.03
10157,2009.0,0.1,0.0,0.0,0.01,68.0,4.0,4.0,0.11
15237,2012.0,0.0,0.02,0.0,0.0,79.0,8.0,134.0,0.02
8597,2007.0,0.14,0.0,0.0,0.01,70.0,16.0,27.0,0.16
5218,2004.0,0.18,0.14,0.0,0.05,59.0,6.0,32.0,0.36
2021,2007.0,0.93,0.01,0.0,0.08,72.0,24.0,22.0,1.02
13017,2011.0,0.03,0.01,0.0,0.0,61.0,21.0,127.0,0.05
10173,2004.0,0.05,0.04,0.0,0.01,63.0,21.0,15.0,0.11
11236,2007.0,0.07,0.01,0.0,0.01,66.0,43.0,16.0,0.09
500,2001.0,0.99,0.32,1.38,0.2,85.0,30.0,16.0,2.89
7612,2006.0,0.18,0.0,0.0,0.02,68.0,24.0,5.0,0.2
5684,2009.0,0.15,0.03,0.1,0.03,82.0,39.0,68.0,0.32
12958,2003.0,0.04,0.01,0.0,0.0,71.0,14.0,8.0,0.05
11013,2001.0,0.04,0.03,0.0,0.01,71.0,20.0,8.0,0.09
147,2008.0,2.63,1.71,0.83,0.82,94.0,82.0,3558.0,5.99
10340,2010.0,0.1,0.0,0.0,0.01,62.0,22.0,9.0,0.11
4786,2016.0,0.15,0.15,0.03,0.06,85.0,23.0,672.0,0.4
7051,2008.0,0.18,0.03,0.0,0.02,59.0,17.0,4.0,0.23
11363,2014.0,0.05,0.02,0.0,0.01,66.0,11.0,67.0,0.08
2817,2001.0,0.36,0.28,0.0,0.09,64.0,17.0,13.0,0.73
15063,2006.0,0.0,0.02,0.0,0.0,82.0,46.0,565.0,0.02
7307,2005.0,0.2,0.0,0.0,0.02,57.0,25.0,14.0,0.21
9427,2004.0,0.06,0.05,0.0,0.02,57.0,27.0,14.0,0.13
12833,2004.0,0.04,0.01,0.0,0.0,68.0,25.0,5.0,0.06
196,2006.0,3.81,0.63,0.0,0.68,92.0,69.0,112.0,5.12
1338,2007.0,0.52,0.75,0.0,0.16,65.0,26.0,10.0,1.43
6290,2003.0,0.21,0.05,0.0,0.01,80.0,48.0,59.0,0.27
11385,2013.0,0.0,0.06,0.0,0.02,69.0,16.0,10.0,0.08
2982,2007.0,0.21,0.11,0.28,0.08,82.0,42.0,12.0,0.68
12318,2014.0,0.0,0.04,0.02,0.0,66.0,11.0,43.0,0.06
10012,2010.0,0.0,0.1,0.0,0.02,77.0,24.0,27.0,0.11
12361,2007.0,0.06,0.0,0.0,0.0,37.0,14.0,5.0,0.06
6340,2010.0,0.14,0.1,0.0,0.02,41.0,15.0,8.0,0.27
1490,2005.0,0.69,0.37,0.02,0.24,74.0,36.0,38.0,1.32
14005,2007.0,0.02,0.01,0.0,0.0,74.0,21.0,25.0,0.04
7224,2004.0,0.16,0.05,0.0,0.01,58.0,37.0,14.0,0.22
3211,2000.0,0.35,0.24,0.0,0.04,88.0,10.0,7.0,0.63
7237,2005.0,0.17,0.04,0.0,0.01,70.0,20.0,13.0,0.22
9178,2009.0,0.1,0.02,0.02,0.01,50.0,39.0,14.0,0.14
164,2011.0,2.71,1.85,0.11,0.81,96.0,42.0,2162.0,5.48
11572,2006.0,0.04,0.0,0.03,0.0,69.0,55.0,60.0,0.08
2022,2007.0,0.32,0.36,0.26,0.09,72.0,27.0,61.0,1.02
1604,2001.0,0.61,0.48,0.0,0.16,87.0,29.0,90.0,1.24
8314,2005.0,0.12,0.05,0.0,0.0,61.0,5.0,9.0,0.17
6652,2010.0,0.05,0.15,0.0,0.05,42.0,33.0,20.0,0.25
2987,2005.0,0.29,0.38,0.0,0.01,80.0,39.0,22.0,0.68
14474,2012.0,0.03,0.0,0.0,0.0,88.0,15.0,188.0,0.03
1995,2001.0,0.39,0.16,0.37,0.12,86.0,19.0,22.0,1.04
1496,2011.0,0.47,0.58,0.06,0.2,81.0,37.0,353.0,1.31
5399,2006.0,0.25,0.07,0.0,0.01,75.0,29.0,17.0,0.34
5129,2011.0,0.21,0.12,0.01,0.03,72.0,55.0,102.0,0.37
2056,2016.0,0.5,0.26,0.17,0.08,76.0,74.0,273.0,1.01
7858,2010.0,0.12,0.03,0.01,0.02,70.0,14.0,46.0,0.19
10072,2003.0,0.08,0.02,0.0,0.0,25.0,13.0,18.0,0.11
148,2006.0,1.88,0.0,2.33,1.74,92.0,64.0,972.0,5.95
3824,2006.0,0.46,0.01,0.02,0.04,41.0,15.0,21.0,0.52
2238,2012.0,0.42,0.41,0.0,0.1,89.0,38.0,2482.0,0.93
7675,2005.0,0.1,0.08,0.0,0.03,59.0,33.0,18.0,0.2
16377,2012.0,0.0,0.0,0.01,0.0,76.0,26.0,18.0,0.01
863,2013.0,0.73,0.92,0.03,0.3,80.0,53.0,667.0,1.98
7353,2005.0,0.19,0.0,0.0,0.02,84.0,31.0,55.0,0.21
9038,2015.0,0.03,0.11,0.0,0.01,74.0,50.0,529.0,0.14
5305,2013.0,0.19,0.1,0.0,0.06,59.0,21.0,145.0,0.35
5563,2010.0,0.25,0.04,0.0,0.03,75.0,25.0,4.0,0.32
6407,2006.0,0.24,0.0,0.01,0.02,63.0,24.0,10.0,0.27
5929,2003.0,0.22,0.06,0.0,0.01,48.0,6.0,8.0,0.3
3878,2010.0,0.13,0.07,0.27,0.05,71.0,56.0,113.0,0.51
3336,2007.0,0.5,0.02,0.0,0.08,72.0,7.0,9.0,0.6
1105,2012.0,0.9,0.61,0.0,0.15,79.0,59.0,114.0,1.66
387,2002.0,1.55,1.27,0.33,0.29,79.0,23.0,126.0,3.44
1007,2016.0,1.25,0.17,0.0,0.32,82.0,35.0,83.0,1.75
8608,2013.0,0.11,0.04,0.0,0.02,53.0,4.0,63.0,0.16
1303,2001.0,0.95,0.37,0.1,0.04,87.0,28.0,46.0,1.46
2820,2005.0,0.52,0.19,0.0,0.01,73.0,13.0,12.0,0.72
2441,2009.0,0.52,0.16,0.08,0.1,83.0,52.0,115.0,0.85
4480,2011.0,0.2,0.13,0.06,0.03,74.0,33.0,28.0,0.43
373,2014.0,2.27,0.9,0.0,0.33,72.0,59.0,1005.0,3.5
2433,2004.0,0.64,0.18,0.0,0.03,88.0,26.0,14.0,0.85
15324,2011.0,0.02,0.0,0.0,0.0,81.0,26.0,399.0,0.02
12742,2008.0,0.05,0.0,0.0,0.0,74.0,6.0,5.0,0.06
14529,2011.0,0.0,0.02,0.0,0.01,70.0,10.0,28.0,0.03
1086,2005.0,1.22,0.39,0.0,0.06,83.0,40.0,106.0,1.67
7686,2002.0,0.15,0.04,0.0,0.01,78.0,21.0,14.0,0.2
12679,2012.0,0.03,0.02,0.0,0.01,53.0,51.0,72.0,0.06
2228,2007.0,0.85,0.01,0.0,0.07,61.0,11.0,5.0,0.93
3621,2008.0,0.49,0.02,0.0,0.04,47.0,4.0,5.0,0.55
3779,2002.0,0.31,0.19,0.0,0.03,59.0,23.0,10.0,0.53
10095,2005.0,0.06,0.04,0.0,0.01,68.0,39.0,27.0,0.11
8051,2007.0,0.14,0.02,0.0,0.01,71.0,37.0,46.0,0.18
1866,2013.0,0.47,0.42,0.13,0.08,80.0,66.0,283.0,1.1
13836,2010.0,0.03,0.0,0.0,0.0,66.0,18.0,34.0,0.04
675,2011.0,1.73,0.43,0.02,0.17,73.0,33.0,67.0,2.35
2004,2012.0,0.55,0.32,0.03,0.13,86.0,30.0,92.0,1.03
8033,2001.0,0.1,0.07,0.0,0.01,84.0,15.0,17.0,0.18
6584,2006.0,0.01,0.2,0.0,0.04,94.0,54.0,2454.0,0.25
15254,2005.0,0.02,0.0,0.0,0.0,48.0,15.0,4.0,0.02
6882,2001.0,0.18,0.05,0.0,0.01,59.0,15.0,5.0,0.24
6492,2002.0,0.13,0.1,0.0,0.03,59.0,14.0,17.0,0.26
16163,2002.0,0.0,0.01,0.0,0.0,86.0,27.0,98.0,0.01
3384,2009.0,0.38,0.14,0.0,0.07,44.0,29.0,31.0,0.59
4638,2010.0,0.19,0.16,0.03,0.04,84.0,70.0,182.0,0.42
9736,2005.0,0.11,0.0,0.0,0.01,66.0,9.0,12.0,0.12
8094,2014.0,0.05,0.09,0.01,0.03,75.0,35.0,62.0,0.18
380,2013.0,2.15,1.01,0.02,0.31,79.0,21.0,542.0,3.48
5990,2016.0,0.0,0.22,0.04,0.04,72.0,7.0,8.0,0.29
3853,2007.0,0.22,0.15,0.04,0.1,78.0,40.0,107.0,0.52
15618,2007.0,0.02,0.0,0.0,0.0,79.0,15.0,63.0,0.02
533,2001.0,2.19,0.22,0.0,0.38,89.0,22.0,39.0,2.79
15620,2015.0,0.0,0.02,0.0,0.0,65.0,5.0,21.0,0.02
8072,2008.0,0.09,0.08,0.0,0.02,39.0,10.0,34.0,0.18
6155,2007.0,0.14,0.11,0.0,0.04,70.0,24.0,12.0,0.28
9437,2004.0,0.06,0.05,0.0,0.02,54.0,9.0,17.0,0.13
7235,2011.0,0.13,0.06,0.0,0.03,49.0,33.0,28.0,0.22
11668,2009.0,0.05,0.02,0.0,0.01,55.0,38.0,13.0,0.08
4856,2004.0,0.19,0.15,0.0,0.05,66.0,44.0,20.0,0.39
565,2010.0,1.63,0.51,0.35,0.18,79.0,51.0,18.0,2.67
11133,2004.0,0.07,0.02,0.0,0.0,90.0,25.0,11.0,0.09
2134,2000.0,0.54,0.37,0.0,0.06,86.0,16.0,44.0,0.97
1282,2011.0,0.64,0.57,0.05,0.22,83.0,91.0,543.0,1.48
10414,2010.0,0.05,0.04,0.0,0.01,75.0,30.0,31.0,0.1
9278,2003.0,0.1,0.03,0.0,0.0,74.0,26.0,7.0,0.14
5152,2006.0,0.33,0.0,0.0,0.03,81.0,19.0,14.0,0.37
11991,2011.0,0.01,0.04,0.0,0.01,67.0,25.0,103.0,0.07
7048,2003.0,0.11,0.09,0.0,0.03,55.0,18.0,4.0,0.23
1347,2008.0,0.75,0.46,0.01,0.2,94.0,51.0,881.0,1.42
6937,2009.0,0.11,0.1,0.0,0.02,74.0,29.0,14.0,0.24
3557,2014.0,0.22,0.3,0.0,0.04,86.0,29.0,1727.0,0.56
2664,2001.0,0.38,0.29,0.0,0.1,84.0,33.0,16.0,0.77
14787,2003.0,0.02,0.01,0.0,0.0,78.0,33.0,13.0,0.03
10135,2008.0,0.1,0.0,0.0,0.01,26.0,4.0,8.0,0.11
10480,2002.0,0.05,0.04,0.0,0.01,78.0,17.0,10.0,0.1
4209,2015.0,0.09,0.22,0.1,0.06,74.0,34.0,118.0,0.46
2278,2000.0,0.02,0.8,0.02,0.07,90.0,13.0,31.0,0.91
7685,2004.0,0.15,0.04,0.0,0.01,42.0,8.0,9.0,0.2
10601,2008.0,0.06,0.0,0.03,0.01,41.0,19.0,37.0,0.1
6925,2013.0,0.07,0.15,0.0,0.02,80.0,23.0,113.0,0.24
2613,2014.0,0.36,0.29,0.0,0.13,55.0,5.0,57.0,0.78
9609,2006.0,0.11,0.01,0.0,0.01,61.0,40.0,19.0,0.13
9492,2006.0,0.1,0.03,0.0,0.0,76.0,17.0,5.0,0.13
11472,2012.0,0.04,0.02,0.02,0.01,64.0,18.0,31.0,0.08
12264,2006.0,0.03,0.02,0.0,0.01,71.0,26.0,5.0,0.07
6843,2004.0,0.19,0.05,0.0,0.01,70.0,12.0,60.0,0.24
13060,2014.0,0.03,0.02,0.0,0.0,51.0,11.0,42.0,0.05
8550,2008.0,0.11,0.04,0.0,0.02,62.0,40.0,18.0,0.16
16536,2008.0,0.0,0.01,0.0,0.0,55.0,19.0,148.0,0.01
1334,2010.0,0.95,0.37,0.0,0.11,61.0,59.0,180.0,1.43
1485,2012.0,0.53,0.48,0.06,0.24,70.0,71.0,318.0,1.32
15165,2008.0,0.02,0.0,0.0,0.0,62.0,12.0,5.0,0.02
8416,2012.0,0.05,0.09,0.0,0.03,72.0,20.0,29.0,0.17
11142,2001.0,0.05,0.03,0.0,0.01,63.0,7.0,6.0,0.09
209,2007.0,3.05,1.17,0.29,0.46,68.0,34.0,47.0,4.98
12306,2003.0,0.05,0.01,0.0,0.0,49.0,5.0,4.0,0.06
3290,2009.0,0.18,0.27,0.0,0.15,71.0,47.0,28.0,0.61
13467,2007.0,0.0,0.04,0.0,0.01,86.0,44.0,263.0,0.05
12937,2011.0,0.0,0.04,0.0,0.01,57.0,4.0,30.0,0.05
1887,2010.0,0.44,0.46,0.01,0.18,74.0,42.0,41.0,1.09
6714,2011.0,0.08,0.13,0.0,0.03,83.0,28.0,903.0,0.25
5206,2001.0,0.2,0.14,0.0,0.02,54.0,16.0,4.0,0.36
4821,2012.0,0.02,0.31,0.0,0.07,86.0,7.0,286.0,0.4
14390,2009.0,0.0,0.03,0.0,0.0,79.0,32.0,159.0,0.03
3587,2007.0,0.27,0.21,0.0,0.07,67.0,22.0,53.0,0.56
9428,2014.0,0.04,0.0,0.08,0.01,75.0,7.0,28.0,0.13
15841,2016.0,0.01,0.0,0.0,0.0,49.0,15.0,29.0,0.02
14312,2006.0,0.03,0.0,0.0,0.0,70.0,18.0,8.0,0.03
1687,2010.0,0.13,0.69,0.01,0.36,68.0,6.0,9.0,1.2
8447,2015.0,0.0,0.03,0.13,0.01,76.0,4.0,17.0,0.17
3791,2015.0,0.19,0.29,0.0,0.04,88.0,62.0,833.0,0.53
1032,2002.0,0.95,0.7,0.0,0.08,78.0,18.0,27.0,1.73
2464,2002.0,0.41,0.32,0.0,0.11,62.0,15.0,20.0,0.84
722,2001.0,1.29,0.83,0.0,0.11,74.0,16.0,13.0,2.23
14877,2006.0,0.0,0.02,0.0,0.0,84.0,30.0,104.0,0.03
10137,2002.0,0.09,0.02,0.0,0.0,68.0,20.0,27.0,0.11
10909,2005.0,0.05,0.04,0.0,0.01,86.0,33.0,61.0,0.09
1583,2013.0,0.56,0.41,0.09,0.19,76.0,26.0,278.0,1.25
13026,2005.0,0.03,0.02,0.0,0.01,72.0,30.0,18.0,0.05
7453,2005.0,0.1,0.08,0.0,0.03,78.0,54.0,23.0,0.21
826,2007.0,1.04,0.79,0.01,0.21,72.0,42.0,78.0,2.05
11829,2012.0,0.07,0.0,0.0,0.01,49.0,24.0,6.0,0.07
2177,2010.0,0.62,0.24,0.0,0.09,73.0,79.0,126.0,0.95
10885,1999.0,0.01,0.08,0.0,0.01,92.0,21.0,801.0,0.09
5869,2002.0,0.05,0.04,0.19,0.01,77.0,14.0,17.0,0.3
1409,2011.0,0.76,0.47,0.02,0.12,89.0,70.0,684.0,1.37
1876,2008.0,0.91,0.09,0.0,0.09,66.0,13.0,7.0,1.09
5545,2007.0,0.29,0.01,0.0,0.03,60.0,8.0,13.0,0.33
9134,2004.0,0.11,0.03,0.0,0.01,64.0,17.0,10.0,0.14
4807,2008.0,0.12,0.21,0.0,0.08,51.0,24.0,7.0,0.4
3814,2005.0,0.24,0.09,0.19,0.01,81.0,21.0,25.0,0.52
5334,2006.0,0.32,0.0,0.0,0.03,83.0,30.0,32.0,0.35
7347,2004.0,0.16,0.05,0.0,0.01,70.0,55.0,6.0,0.21
3531,2012.0,0.26,0.21,0.0,0.1,67.0,16.0,107.0,0.57
3711,2010.0,0.23,0.25,0.0,0.06,84.0,29.0,23.0,0.54
12522,2002.0,0.05,0.01,0.0,0.0,36.0,7.0,6.0,0.06
1185,2005.0,0.95,0.11,0.46,0.04,64.0,25.0,53.0,1.57
3535,2009.0,0.28,0.23,0.0,0.06,69.0,79.0,258.0,0.57
5584,2007.0,0.19,0.04,0.08,0.02,79.0,56.0,97.0,0.32
13366,2001.0,0.03,0.02,0.0,0.0,62.0,9.0,26.0,0.05
847,2013.0,1.25,0.58,0.0,0.19,81.0,5.0,480.0,2.02
5287,2016.0,0.11,0.13,0.07,0.05,66.0,45.0,49.0,0.35
5157,2009.0,0.16,0.12,0.06,0.03,67.0,41.0,63.0,0.36
2456,2004.0,0.65,0.17,0.0,0.02,63.0,27.0,7.0,0.84
199,2009.0,1.96,1.41,1.08,0.64,84.0,76.0,667.0,5.09
15267,2007.0,0.0,0.02,0.0,0.0,79.0,18.0,124.0,0.02
1665,2007.0,0.25,0.69,0.03,0.25,75.0,16.0,39.0,1.21
6891,2008.0,0.13,0.03,0.06,0.01,62.0,17.0,37.0,0.24
11665,2002.0,0.06,0.02,0.0,0.0,82.0,12.0,5.0,0.08
14018,2007.0,0.03,0.0,0.0,0.0,50.0,12.0,4.0,0.04
6351,2013.0,0.16,0.09,0.0,0.02,68.0,7.0,38.0,0.27
15604,2003.0,0.0,0.02,0.0,0.0,74.0,22.0,76.0,0.02
9525,2003.0,0.06,0.05,0.0,0.02,62.0,26.0,9.0,0.13
2840,2014.0,0.58,0.0,0.0,0.14,83.0,17.0,205.0,0.72
9938,2003.0,0.06,0.04,0.0,0.01,68.0,39.0,20.0,0.12
3744,2001.0,0.26,0.2,0.0,0.07,81.0,21.0,20.0,0.53
15697,2005.0,0.01,0.0,0.0,0.0,46.0,25.0,5.0,0.02
7190,2006.0,0.2,0.0,0.0,0.02,76.0,34.0,7.0,0.22
3259,2010.0,0.48,0.09,0.0,0.04,88.0,20.0,17.0,0.62
116,2012.0,4.05,2.16,0.0,0.55,74.0,10.0,28.0,6.76
10028,2009.0,0.08,0.0,0.03,0.01,50.0,17.0,9.0,0.11
8733,2001.0,0.12,0.03,0.0,0.0,83.0,21.0,14.0,0.15
9627,2005.0,0.09,0.03,0.0,0.0,69.0,17.0,11.0,0.13
4963,2003.0,0.07,0.05,0.25,0.02,82.0,42.0,83.0,0.38
2500,2011.0,0.55,0.2,0.0,0.08,70.0,16.0,442.0,0.82
3219,2009.0,0.43,0.14,0.0,0.06,79.0,53.0,125.0,0.63
5555,2010.0,0.15,0.15,0.0,0.03,41.0,11.0,12.0,0.32
5573,2011.0,0.2,0.1,0.0,0.03,66.0,17.0,8.0,0.32
2885,2008.0,0.65,0.0,0.0,0.06,68.0,8.0,4.0,0.71
8278,2013.0,0.07,0.08,0.0,0.02,69.0,14.0,45.0,0.17
3292,2003.0,0.3,0.23,0.0,0.08,81.0,29.0,12.0,0.61
16533,2007.0,0.0,0.0,0.01,0.0,55.0,13.0,11.0,0.01
2852,2011.0,0.11,0.5,0.01,0.09,84.0,61.0,54.0,0.72
4612,2004.0,0.32,0.08,0.0,0.01,81.0,32.0,17.0,0.42
4097,2003.0,0.24,0.18,0.0,0.06,81.0,26.0,19.0,0.48
8183,2010.0,0.12,0.03,0.0,0.02,51.0,18.0,6.0,0.18
7714,2002.0,0.15,0.04,0.0,0.01,59.0,12.0,9.0,0.19
672,2008.0,1.68,0.45,0.01,0.21,81.0,66.0,142.0,2.35
3517,2010.0,0.43,0.08,0.0,0.05,91.0,34.0,95.0,0.57
6640,2011.0,0.12,0.08,0.02,0.03,57.0,34.0,70.0,0.25
3029,2004.0,0.49,0.15,0.0,0.02,81.0,38.0,9.0,0.66
2847,2014.0,0.46,0.19,0.01,0.07,74.0,16.0,161.0,0.72
7379,2013.0,0.09,0.0,0.1,0.02,74.0,37.0,61.0,0.21
13964,2007.0,0.01,0.02,0.0,0.0,81.0,35.0,219.0,0.04
921,2016.0,1.25,0.27,0.02,0.34,88.0,47.0,162.0,1.88
3199,2002.0,0.12,0.09,0.38,0.03,82.0,31.0,32.0,0.63
11702,2004.0,0.06,0.02,0.0,0.0,73.0,25.0,8.0,0.08
5489,2003.0,0.05,0.04,0.23,0.01,59.0,32.0,24.0,0.33
3150,2013.0,0.0,0.6,0.0,0.03,85.0,41.0,275.0,0.64
6030,2010.0,0.06,0.05,0.15,0.03,71.0,30.0,12.0,0.29
8189,2003.0,0.13,0.04,0.0,0.01,85.0,21.0,31.0,0.18
1351,2013.0,0.48,0.77,0.0,0.17,64.0,75.0,4572.0,1.42
15868,2004.0,0.0,0.01,0.0,0.0,93.0,48.0,537.0,0.02
499,2008.0,1.75,0.86,0.0,0.28,67.0,45.0,18.0,2.89
9885,2002.0,0.09,0.02,0.0,0.0,90.0,13.0,4.0,0.12
12765,2011.0,0.05,0.01,0.0,0.0,33.0,6.0,7.0,0.06
812,2006.0,0.92,0.93,0.0,0.22,49.0,5.0,24.0,2.07
1430,2009.0,0.7,0.52,0.0,0.13,63.0,16.0,6.0,1.35
1977,2000.0,0.91,0.11,0.0,0.03,82.0,14.0,5.0,1.05
123,2005.0,1.66,2.75,1.6,0.62,74.0,45.0,27.0,6.62
3047,2006.0,0.55,0.02,0.0,0.09,69.0,32.0,52.0,0.66
11212,2006.0,0.06,0.02,0.0,0.0,55.0,5.0,6.0,0.09
1094,2006.0,0.81,0.58,0.01,0.26,83.0,37.0,24.0,1.67
2535,1999.0,0.07,0.05,0.63,0.05,81.0,8.0,37.0,0.81
3091,2005.0,0.18,0.14,0.29,0.05,74.0,36.0,54.0,0.65
15873,2006.0,0.01,0.0,0.0,0.0,36.0,6.0,5.0,0.02
9760,2011.0,0.07,0.03,0.0,0.02,69.0,41.0,51.0,0.12
3652,2014.0,0.18,0.33,0.0,0.04,70.0,10.0,1463.0,0.55
12025,2009.0,0.06,0.01,0.0,0.01,36.0,39.0,50.0,0.07
1892,2003.0,0.53,0.41,0.0,0.14,88.0,15.0,77.0,1.08
5022,2002.0,0.28,0.08,0.0,0.01,79.0,28.0,20.0,0.38
2033,2011.0,0.61,0.32,0.01,0.08,84.0,83.0,439.0,1.02
16058,2007.0,0.01,0.0,0.0,0.0,74.0,12.0,7.0,0.02
2647,2008.0,0.24,0.33,0.01,0.19,57.0,14.0,19.0,0.77
6918,2008.0,0.02,0.21,0.0,0.01,51.0,18.0,7.0,0.24
15356,2005.0,0.0,0.02,0.0,0.0,81.0,62.0,281.0,0.02
5391,2008.0,0.29,0.02,0.0,0.03,69.0,16.0,8.0,0.34
4270,2006.0,0.23,0.14,0.0,0.09,65.0,19.0,64.0,0.46
16112,2016.0,0.0,0.01,0.0,0.0,72.0,4.0,14.0,0.01
3280,2012.0,0.56,0.01,0.0,0.05,73.0,13.0,21.0,0.61
2566,2013.0,0.2,0.39,0.04,0.17,78.0,86.0,513.0,0.8
11820,2005.0,0.07,0.0,0.0,0.01,61.0,9.0,4.0,0.07
4324,2011.0,0.2,0.15,0.03,0.07,71.0,52.0,58.0,0.45
6688,2005.0,0.19,0.05,0.0,0.01,75.0,31.0,8.0,0.25
8430,2011.0,0.09,0.05,0.0,0.02,61.0,12.0,17.0,0.17
3388,2008.0,0.0,0.53,0.0,0.06,86.0,28.0,1093.0,0.59
5473,2013.0,0.05,0.18,0.03,0.07,52.0,15.0,82.0,0.33
4514,2004.0,0.36,0.01,0.0,0.06,71.0,38.0,5.0,0.43
4924,2010.0,0.16,0.17,0.0,0.06,64.0,11.0,9.0,0.39
7922,2008.0,0.05,0.1,0.0,0.03,51.0,28.0,25.0,0.19
11452,2014.0,0.06,0.01,0.0,0.01,85.0,15.0,35.0,0.08
4179,2009.0,0.0,0.45,0.0,0.02,85.0,67.0,1502.0,0.47
8271,2009.0,0.13,0.02,0.0,0.02,51.0,28.0,20.0,0.17
13740,2007.0,0.03,0.0,0.0,0.0,75.0,15.0,19.0,0.04
5708,2003.0,0.22,0.08,0.0,0.01,70.0,9.0,5.0,0.31
5771,2002.0,0.22,0.08,0.0,0.01,81.0,15.0,21.0,0.31
11821,2009.0,0.06,0.0,0.0,0.01,70.0,14.0,5.0,0.07
10306,2009.0,0.1,0.0,0.0,0.01,48.0,17.0,4.0,0.11
6191,2001.0,0.21,0.06,0.0,0.01,84.0,23.0,39.0,0.28
8120,2013.0,0.1,0.06,0.0,0.02,45.0,40.0,1156.0,0.18
2256,2010.0,0.63,0.2,0.02,0.07,73.0,71.0,224.0,0.92
13145,2010.0,0.04,0.0,0.0,0.0,69.0,20.0,4.0,0.05
1421,2003.0,0.63,0.66,0.0,0.07,75.0,21.0,30.0,1.36
6206,2001.0,0.05,0.04,0.17,0.01,65.0,23.0,11.0,0.28
2431,2007.0,0.79,0.0,0.0,0.07,81.0,33.0,28.0,0.85
15584,2008.0,0.0,0.02,0.0,0.0,84.0,56.0,516.0,0.02
1215,2006.0,1.4,0.02,0.02,0.1,90.0,78.0,215.0,1.54
9559,2000.0,0.0,0.0,0.13,0.0,84.0,25.0,11.0,0.13
2012,2016.0,0.56,0.3,0.08,0.09,86.0,74.0,329.0,1.03
4162,2007.0,0.41,0.02,0.0,0.04,65.0,15.0,4.0,0.47
4065,2005.0,0.07,0.05,0.35,0.02,72.0,37.0,38.0,0.49
3288,2011.0,0.3,0.22,0.0,0.09,70.0,29.0,13.0,0.61
860,2010.0,0.79,0.88,0.0,0.32,80.0,46.0,82.0,1.98
51,2008.0,6.76,3.07,0.14,1.03,98.0,86.0,2951.0,11.01
8298,2008.0,0.14,0.01,0.0,0.02,56.0,16.0,8.0,0.17
10985,2008.0,0.03,0.0,0.05,0.01,72.0,45.0,41.0,0.09
39,2008.0,6.62,2.55,2.66,1.01,93.0,81.0,1662.0,12.84
6820,2009.0,0.19,0.0,0.03,0.02,80.0,26.0,47.0,0.24
14692,2003.0,0.02,0.01,0.0,0.0,44.0,16.0,5.0,0.03
3564,2007.0,0.28,0.22,0.0,0.07,63.0,9.0,7.0,0.56
7962,2002.0,0.09,0.07,0.0,0.02,79.0,47.0,15.0,0.19
13787,2011.0,0.0,0.0,0.04,0.0,65.0,8.0,16.0,0.04
841,2003.0,1.57,0.18,0.0,0.27,86.0,19.0,41.0,2.03
6081,2010.0,0.09,0.13,0.01,0.05,72.0,49.0,35.0,0.29
2324,2011.0,0.66,0.11,0.04,0.08,67.0,64.0,121.0,0.89
8523,2005.0,0.12,0.03,0.0,0.0,66.0,14.0,11.0,0.16
1224,2012.0,0.72,0.52,0.04,0.25,89.0,35.0,781.0,1.53
5075,2008.0,0.28,0.06,0.0,0.04,54.0,11.0,6.0,0.37
7221,2008.0,0.1,0.0,0.11,0.01,53.0,19.0,17.0,0.22
10423,2005.0,0.05,0.04,0.0,0.01,67.0,28.0,12.0,0.1
10069,2000.0,0.06,0.04,0.0,0.01,82.0,15.0,11.0,0.11
16161,2006.0,0.0,0.01,0.0,0.0,72.0,25.0,223.0,0.01
5444,2016.0,0.19,0.08,0.0,0.06,78.0,26.0,67.0,0.33
9100,2016.0,0.04,0.08,0.0,0.02,80.0,47.0,17.0,0.14
7971,2010.0,0.1,0.07,0.0,0.02,74.0,13.0,8.0,0.19
1957,2010.0,0.67,0.28,0.01,0.1,83.0,81.0,292.0,1.06
2237,2012.0,0.28,0.53,0.0,0.12,80.0,21.0,1489.0,0.93
15303,2005.0,0.02,0.0,0.0,0.0,58.0,11.0,4.0,0.02
11889,2008.0,0.06,0.0,0.0,0.01,73.0,19.0,8.0,0.07
648,2003.0,1.63,0.22,0.51,0.06,66.0,28.0,92.0,2.41
12369,2016.0,0.01,0.05,0.0,0.0,74.0,24.0,606.0,0.06
3376,2007.0,0.33,0.02,0.21,0.03,69.0,27.0,18.0,0.6
2149,2002.0,0.36,0.28,0.22,0.09,71.0,33.0,43.0,0.96
384,2006.0,0.59,1.79,0.73,0.34,83.0,30.0,28.0,3.45
9548,2008.0,0.12,0.0,0.0,0.01,39.0,6.0,10.0,0.13
7229,2001.0,0.17,0.04,0.0,0.01,66.0,17.0,9.0,0.22
7566,2011.0,0.15,0.03,0.0,0.02,72.0,13.0,9.0,0.2
11103,2015.0,0.03,0.01,0.04,0.01,69.0,43.0,23.0,0.09
2646,2009.0,0.45,0.23,0.02,0.07,81.0,74.0,176.0,0.77
1910,2005.0,0.68,0.18,0.19,0.03,67.0,59.0,106.0,1.08
186,2004.0,0.65,0.75,3.61,0.2,89.0,63.0,245.0,5.21
307,2008.0,2.15,1.13,0.07,0.59,90.0,57.0,910.0,3.94
2057,2003.0,0.49,0.38,0.0,0.13,51.0,5.0,8.0,1.0
12637,2005.0,0.05,0.0,0.0,0.0,66.0,41.0,17.0,0.06
4550,2014.0,0.15,0.25,0.0,0.03,74.0,29.0,93.0,0.42
14020,2007.0,0.0,0.03,0.0,0.0,63.0,11.0,34.0,0.04
1746,2001.0,0.57,0.44,0.0,0.15,85.0,17.0,22.0,1.16
6892,2016.0,0.05,0.17,0.0,0.02,87.0,22.0,194.0,0.24
161,2009.0,2.99,1.9,0.1,0.5,92.0,90.0,516.0,5.49
13888,2006.0,0.04,0.0,0.0,0.0,34.0,41.0,42.0,0.04
298,2014.0,1.13,2.18,0.1,0.63,85.0,83.0,1653.0,4.04
8646,2014.0,0.05,0.03,0.06,0.02,67.0,23.0,49.0,0.16
2920,2000.0,0.34,0.27,0.0,0.09,66.0,16.0,9.0,0.7
5847,2005.0,0.15,0.12,0.0,0.04,61.0,18.0,30.0,0.3
6450,2006.0,0.13,0.1,0.0,0.03,56.0,11.0,10.0,0.26
2557,2003.0,0.62,0.16,0.0,0.02,75.0,36.0,50.0,0.8
12873,2003.0,0.04,0.01,0.0,0.0,65.0,25.0,7.0,0.05
1443,2008.0,0.23,0.73,0.02,0.37,84.0,8.0,21.0,1.35
2872,2002.0,0.55,0.14,0.0,0.02,73.0,30.0,23.0,0.71
6469,2010.0,0.11,0.03,0.09,0.03,63.0,22.0,20.0,0.26
3236,2011.0,0.29,0.27,0.0,0.06,71.0,16.0,20.0,0.62
6634,2001.0,0.14,0.1,0.0,0.02,30.0,6.0,4.0,0.25
4552,2010.0,0.12,0.06,0.21,0.03,74.0,19.0,109.0,0.42
7679,2008.0,0.12,0.06,0.0,0.02,65.0,35.0,18.0,0.2
12870,2003.0,0.04,0.01,0.0,0.0,60.0,16.0,4.0,0.05
2861,2002.0,0.45,0.24,0.0,0.03,79.0,17.0,18.0,0.71
1806,2016.0,0.37,0.58,0.0,0.18,83.0,88.0,621.0,1.13
1405,2011.0,0.71,0.53,0.0,0.13,77.0,49.0,340.0,1.38
10162,2012.0,0.05,0.05,0.0,0.01,71.0,59.0,56.0,0.11
5682,2011.0,0.15,0.11,0.0,0.05,63.0,13.0,9.0,0.32
1742,2004.0,0.57,0.44,0.0,0.15,70.0,31.0,24.0,1.16
10428,2003.0,0.08,0.02,0.0,0.0,66.0,14.0,4.0,0.1
8110,2010.0,0.08,0.08,0.0,0.02,38.0,20.0,29.0,0.18
5447,2009.0,0.31,0.0,0.0,0.03,75.0,17.0,6.0,0.33
10055,2004.0,0.08,0.02,0.0,0.0,81.0,37.0,35.0,0.11
6641,2004.0,0.19,0.05,0.0,0.01,73.0,47.0,8.0,0.25
8113,2005.0,0.14,0.04,0.0,0.0,77.0,27.0,8.0,0.18
1474,2004.0,0.87,0.35,0.07,0.04,92.0,60.0,279.0,1.33
13025,2003.0,0.04,0.01,0.0,0.0,79.0,43.0,12.0,0.05
1765,2012.0,0.59,0.45,0.01,0.1,53.0,43.0,437.0,1.15
6354,2010.0,0.04,0.19,0.0,0.04,76.0,33.0,176.0,0.27
129,2001.0,4.98,1.3,0.08,0.07,97.0,68.0,1283.0,6.43
77,2015.0,1.12,6.12,0.06,1.28,82.0,42.0,896.0,8.57
641,2015.0,2.08,0.08,0.0,0.26,84.0,23.0,124.0,2.42
7985,2007.0,0.17,0.0,0.0,0.01,51.0,19.0,17.0,0.18
6657,2015.0,0.02,0.22,0.0,0.02,72.0,45.0,278.0,0.25
2604,2009.0,0.51,0.21,0.0,0.07,76.0,52.0,30.0,0.79
2301,2015.0,0.32,0.42,0.02,0.14,70.0,46.0,80.0,0.9
3022,2010.0,0.31,0.0,0.34,0.02,68.0,8.0,11.0,0.67
411,2003.0,1.5,1.28,0.05,0.46,85.0,31.0,105.0,3.28
271,2013.0,0.92,2.89,0.01,0.4,84.0,41.0,435.0,4.22
10009,2006.0,0.06,0.04,0.0,0.01,68.0,26.0,16.0,0.11
9115,2007.0,0.13,0.0,0.0,0.01,64.0,9.0,13.0,0.14
277,2011.0,2.25,1.47,0.04,0.43,80.0,77.0,564.0,4.19
4272,2007.0,0.3,0.12,0.0,0.04,41.0,25.0,14.0,0.46
6715,2008.0,0.12,0.09,0.0,0.03,43.0,7.0,14.0,0.25
11040,2003.0,0.06,0.02,0.0,0.0,85.0,37.0,18.0,0.09
9631,2006.0,0.1,0.03,0.0,0.0,75.0,23.0,12.0,0.13
11102,2007.0,0.08,0.0,0.0,0.01,46.0,17.0,7.0,0.09
8600,2005.0,0.14,0.01,0.0,0.01,50.0,18.0,16.0,0.16
9138,2008.0,0.07,0.05,0.0,0.02,65.0,11.0,9.0,0.14
12898,2002.0,0.04,0.01,0.0,0.0,80.0,15.0,10.0,0.05
3014,2013.0,0.35,0.27,0.0,0.06,81.0,39.0,139.0,0.67
7381,2003.0,0.1,0.08,0.0,0.03,83.0,46.0,13.0,0.21
9395,2006.0,0.08,0.02,0.03,0.01,69.0,39.0,21.0,0.13
13647,2010.0,0.04,0.0,0.0,0.0,38.0,8.0,10.0,0.04
14106,2009.0,0.0,0.03,0.0,0.0,64.0,14.0,17.0,0.04
1280,2007.0,0.44,0.67,0.0,0.37,60.0,24.0,35.0,1.48
7339,2013.0,0.1,0.1,0.0,0.02,68.0,30.0,118.0,0.21
6542,2002.0,0.13,0.1,0.0,0.03,78.0,31.0,39.0,0.26
12504,2011.0,0.0,0.05,0.0,0.01,75.0,30.0,35.0,0.06
10606,2015.0,0.0,0.03,0.07,0.01,65.0,12.0,63.0,0.1
3959,2002.0,0.25,0.19,0.0,0.06,75.0,13.0,6.0,0.5
4426,2012.0,0.28,0.12,0.0,0.04,79.0,52.0,160.0,0.44
7028,2009.0,0.13,0.06,0.02,0.02,59.0,18.0,12.0,0.23
7965,2006.0,0.13,0.05,0.0,0.01,81.0,21.0,6.0,0.19
5423,2008.0,0.04,0.03,0.25,0.01,52.0,8.0,8.0,0.34
11584,2016.0,0.06,0.0,0.0,0.01,60.0,19.0,94.0,0.08
32,2010.0,9.7,3.68,0.11,1.13,87.0,89.0,1454.0,14.61
6262,2008.0,0.0,0.17,0.09,0.01,78.0,42.0,87.0,0.27
16514,2015.0,0.0,0.0,0.01,0.0,82.0,9.0,20.0,0.01
7165,2014.0,0.0,0.08,0.12,0.02,82.0,24.0,125.0,0.22
12073,2006.0,0.03,0.03,0.0,0.01,67.0,30.0,11.0,0.07
2568,2009.0,0.52,0.2,0.0,0.07,84.0,62.0,79.0,0.8
6326,2014.0,0.13,0.12,0.0,0.02,69.0,20.0,36.0,0.27
12402,2014.0,0.0,0.06,0.0,0.0,82.0,8.0,173.0,0.06
4039,2011.0,0.16,0.16,0.13,0.03,65.0,69.0,110.0,0.49
4137,2012.0,0.28,0.15,0.0,0.04,67.0,30.0,132.0,0.47
7910,2008.0,0.16,0.0,0.02,0.01,72.0,36.0,19.0,0.19
15293,2008.0,0.0,0.02,0.0,0.0,89.0,58.0,3717.0,0.02
11250,2005.0,0.04,0.03,0.0,0.01,70.0,39.0,36.0,0.09
10653,2006.0,0.07,0.01,0.02,0.01,55.0,59.0,41.0,0.1
12729,2015.0,0.0,0.05,0.0,0.01,42.0,8.0,9.0,0.06
5548,2008.0,0.32,0.01,0.0,0.0,86.0,30.0,1660.0,0.32
1592,2005.0,0.71,0.19,0.31,0.03,64.0,27.0,74.0,1.25
10467,2009.0,0.09,0.01,0.0,0.01,61.0,9.0,6.0,0.1
13880,2007.0,0.03,0.0,0.0,0.0,59.0,8.0,7.0,0.04
5181,2005.0,0.18,0.14,0.0,0.05,50.0,24.0,21.0,0.36
9758,2011.0,0.08,0.03,0.0,0.01,64.0,18.0,9.0,0.12
2470,2012.0,0.46,0.28,0.02,0.07,67.0,37.0,131.0,0.84
2583,2010.0,0.05,0.3,0.29,0.16,74.0,10.0,5.0,0.79
9109,2011.0,0.04,0.08,0.0,0.02,54.0,8.0,7.0,0.14
8558,2009.0,0.09,0.05,0.0,0.01,74.0,16.0,6.0,0.16
15655,2008.0,0.0,0.02,0.0,0.0,62.0,6.0,30.0,0.02
1675,2004.0,1.0,0.04,0.0,0.16,78.0,37.0,16.0,1.2
6725,2005.0,0.19,0.05,0.0,0.01,55.0,4.0,10.0,0.25
5291,2013.0,0.04,0.04,0.25,0.02,71.0,44.0,136.0,0.35
16601,2015.0,0.0,0.01,0.0,0.0,65.0,16.0,27.0,0.01
14518,2012.0,0.01,0.01,0.0,0.0,52.0,26.0,29.0,0.03
14010,2008.0,0.0,0.03,0.0,0.01,71.0,37.0,26.0,0.04
12770,2005.0,0.05,0.0,0.0,0.0,60.0,29.0,18.0,0.06
833,2006.0,1.74,0.02,0.0,0.28,72.0,38.0,34.0,2.04
8168,2012.0,0.02,0.12,0.0,0.03,75.0,27.0,43.0,0.18
13605,2011.0,0.0,0.0,0.04,0.0,67.0,23.0,50.0,0.04
4491,2010.0,0.18,0.18,0.0,0.07,43.0,31.0,49.0,0.43
7414,2003.0,0.16,0.04,0.0,0.01,47.0,5.0,5.0,0.21
1068,2005.0,0.98,0.42,0.22,0.06,96.0,82.0,767.0,1.69
15458,2016.0,0.01,0.01,0.0,0.0,52.0,15.0,12.0,0.02
1720,2002.0,0.57,0.45,0.0,0.15,70.0,14.0,60.0,1.17
6632,1996.0,0.14,0.1,0.0,0.02,93.0,8.0,20.0,0.25
3149,2011.0,0.23,0.35,0.0,0.06,61.0,39.0,48.0,0.64
8944,2016.0,0.06,0.07,0.01,0.01,74.0,6.0,11.0,0.15
6812,2003.0,0.18,0.05,0.0,0.01,53.0,4.0,12.0,0.24
10817,2006.0,0.09,0.0,0.0,0.01,48.0,19.0,6.0,0.1
16380,2004.0,0.0,0.01,0.0,0.0,91.0,16.0,39.0,0.01
6879,2013.0,0.17,0.05,0.0,0.02,73.0,5.0,40.0,0.24
3153,2006.0,0.15,0.12,0.34,0.04,81.0,45.0,62.0,0.64
15408,2014.0,0.0,0.02,0.0,0.0,57.0,47.0,544.0,0.02
9825,2008.0,0.1,0.01,0.0,0.01,44.0,9.0,9.0,0.12
8480,2003.0,0.08,0.06,0.0,0.02,83.0,14.0,8.0,0.16
5116,2009.0,0.1,0.22,0.0,0.04,51.0,10.0,22.0,0.37
16311,2009.0,0.01,0.0,0.0,0.0,75.0,13.0,6.0,0.01
5038,2007.0,0.34,0.01,0.0,0.03,70.0,4.0,12.0,0.38
3835,2011.0,0.39,0.09,0.0,0.04,79.0,26.0,22.0,0.52
152,2009.0,0.63,0.67,4.35,0.15,87.0,65.0,197.0,5.78
1331,2007.0,0.37,0.89,0.0,0.18,71.0,7.0,5.0,1.44
577,2006.0,0.86,1.11,0.01,0.66,71.0,24.0,47.0,2.65
1798,2014.0,0.63,0.4,0.0,0.1,81.0,89.0,1137.0,1.14
4748,2000.0,0.23,0.15,0.0,0.03,84.0,11.0,6.0,0.41
7918,2007.0,0.07,0.0,0.11,0.01,67.0,17.0,32.0,0.19
4645,2006.0,0.36,0.02,0.0,0.03,66.0,58.0,53.0,0.42
356,2001.0,2.38,0.67,0.46,0.1,78.0,34.0,161.0,3.6
9434,2016.0,0.0,0.12,0.0,0.01,86.0,77.0,556.0,0.13
2016,2009.0,0.61,0.32,0.0,0.1,78.0,28.0,28.0,1.03
3900,2010.0,0.47,0.0,0.0,0.04,76.0,26.0,38.0,0.51
14308,2006.0,0.02,0.01,0.0,0.0,57.0,4.0,7.0,0.03
2956,2013.0,0.46,0.17,0.0,0.07,75.0,18.0,175.0,0.69
473,2012.0,2.6,0.2,0.01,0.19,88.0,41.0,131.0,3.0
13855,2004.0,0.03,0.01,0.0,0.0,68.0,11.0,6.0,0.04
13431,2006.0,0.0,0.04,0.0,0.01,93.0,55.0,1128.0,0.05
6106,2003.0,0.14,0.11,0.0,0.04,66.0,35.0,5.0,0.28
1567,1994.0,0.39,0.26,0.53,0.08,69.0,4.0,4.0,1.27
3162,2010.0,0.49,0.09,0.01,0.05,57.0,33.0,30.0,0.64
7447,2014.0,0.0,0.03,0.17,0.01,74.0,5.0,29.0,0.21
4148,2014.0,0.08,0.36,0.0,0.03,87.0,49.0,1154.0,0.47
750,2011.0,0.34,0.96,0.55,0.33,80.0,41.0,132.0,2.19
16356,2003.0,0.01,0.0,0.0,0.0,27.0,9.0,19.0,0.01
899,2001.0,0.76,0.96,0.0,0.2,88.0,25.0,69.0,1.92
6795,2003.0,0.12,0.09,0.0,0.03,63.0,20.0,11.0,0.24
5140,2007.0,0.1,0.17,0.0,0.1,52.0,11.0,20.0,0.37
5458,2003.0,0.25,0.07,0.0,0.01,69.0,25.0,9.0,0.33
1882,2009.0,0.64,0.34,0.01,0.1,54.0,51.0,198.0,1.09
16156,2009.0,0.0,0.01,0.0,0.0,66.0,23.0,240.0,0.01
1591,2005.0,1.0,0.13,0.02,0.1,83.0,54.0,134.0,1.25
11418,2009.0,0.04,0.03,0.0,0.01,35.0,18.0,27.0,0.08
11618,2006.0,0.05,0.02,0.0,0.01,56.0,23.0,7.0,0.08
1937,2006.0,0.88,0.04,0.0,0.14,75.0,43.0,84.0,1.06
9281,2002.0,0.1,0.04,0.0,0.0,66.0,20.0,13.0,0.14
8089,2004.0,0.13,0.04,0.0,0.01,65.0,5.0,6.0,0.18
9751,2011.0,0.09,0.02,0.0,0.01,37.0,12.0,14.0,0.12
13293,2003.0,0.02,0.02,0.0,0.01,85.0,39.0,185.0,0.05
10321,2005.0,0.1,0.0,0.0,0.01,43.0,30.0,22.0,0.11
16347,2007.0,0.01,0.0,0.0,0.0,61.0,27.0,106.0,0.01
7212,2011.0,0.09,0.1,0.0,0.04,81.0,21.0,25.0,0.22
666,2004.0,0.96,1.08,0.04,0.3,62.0,36.0,22.0,2.37
2579,2006.0,0.66,0.02,0.0,0.11,73.0,31.0,61.0,0.79
6276,2014.0,0.1,0.16,0.0,0.02,68.0,18.0,721.0,0.27
5662,2008.0,0.14,0.14,0.0,0.03,63.0,48.0,18.0,0.32
14310,2002.0,0.02,0.01,0.0,0.0,45.0,10.0,6.0,0.03
7097,2007.0,0.2,0.01,0.0,0.02,79.0,21.0,6.0,0.23
1052,2011.0,0.83,0.6,0.02,0.24,95.0,54.0,937.0,1.7
13303,2002.0,0.04,0.01,0.0,0.0,78.0,9.0,6.0,0.05
2235,2008.0,0.44,0.34,0.0,0.15,76.0,48.0,70.0,0.93
5063,2012.0,0.22,0.12,0.0,0.03,80.0,8.0,22.0,0.37
3104,2008.0,0.35,0.23,0.0,0.07,84.0,41.0,29.0,0.65
15744,2013.0,0.0,0.02,0.0,0.0,50.0,16.0,14.0,0.02
3481,1999.0,0.32,0.22,0.0,0.04,79.0,14.0,77.0,0.58
16700,2011.0,0.01,0.0,0.0,0.0,61.0,12.0,43.0,0.01
6270,2000.0,0.15,0.1,0.0,0.02,51.0,8.0,7.0,0.27
10520,2009.0,0.07,0.01,0.01,0.01,39.0,32.0,34.0,0.1
3912,2002.0,0.37,0.14,0.0,0.01,62.0,4.0,8.0,0.51
4607,2004.0,0.32,0.08,0.0,0.01,84.0,41.0,25.0,0.42
4559,2003.0,0.21,0.16,0.0,0.05,64.0,19.0,157.0,0.42
7142,2004.0,0.17,0.05,0.0,0.01,60.0,40.0,9.0,0.22
2649,2005.0,0.64,0.02,0.0,0.1,53.0,30.0,46.0,0.77
11678,2016.0,0.01,0.05,0.0,0.01,75.0,19.0,50.0,0.08
9065,2003.0,0.11,0.03,0.0,0.01,35.0,24.0,10.0,0.14
9721,2005.0,0.06,0.05,0.0,0.02,77.0,41.0,12.0,0.12
1450,2011.0,0.71,0.49,0.02,0.12,84.0,72.0,533.0,1.34
15285,2006.0,0.02,0.0,0.0,0.0,46.0,7.0,6.0,0.02
6508,2002.0,0.13,0.1,0.0,0.03,44.0,14.0,9.0,0.26
9923,2015.0,0.03,0.02,0.06,0.01,73.0,26.0,24.0,0.12
2172,2000.0,0.27,0.21,0.41,0.07,75.0,20.0,12.0,0.95
5490,2007.0,0.14,0.01,0.16,0.01,86.0,25.0,15.0,0.33
12573,2009.0,0.0,0.05,0.0,0.01,80.0,44.0,602.0,0.06
4904,2003.0,0.29,0.08,0.0,0.01,92.0,27.0,25.0,0.39
3461,2000.0,0.23,0.16,0.16,0.04,42.0,5.0,47.0,0.58
2382,2003.0,0.61,0.24,0.0,0.03,81.0,33.0,17.0,0.87
4630,2009.0,0.24,0.12,0.0,0.06,75.0,36.0,18.0,0.42
2657,2006.0,0.11,0.43,0.0,0.23,70.0,22.0,18.0,0.77
3032,2006.0,0.35,0.22,0.0,0.1,67.0,26.0,9.0,0.66
3224,2005.0,0.4,0.2,0.0,0.03,77.0,40.0,15.0,0.62
5277,2010.0,0.18,0.12,0.0,0.05,59.0,50.0,36.0,0.35
2409,2013.0,0.26,0.42,0.03,0.16,77.0,23.0,288.0,0.87
3070,2012.0,0.27,0.2,0.11,0.08,67.0,37.0,199.0,0.66
11263,2001.0,0.04,0.03,0.0,0.01,63.0,5.0,16.0,0.09
3899,2013.0,0.28,0.15,0.0,0.08,34.0,14.0,196.0,0.51
5880,2011.0,0.18,0.09,0.0,0.03,61.0,13.0,10.0,0.3
9730,2007.0,0.11,0.01,0.0,0.01,49.0,18.0,11.0,0.12
1376,2006.0,0.58,0.5,0.0,0.32,83.0,11.0,26.0,1.4
364,2002.0,1.23,1.77,0.05,0.49,72.0,49.0,88.0,3.54
11455,2006.0,0.01,0.01,0.05,0.0,66.0,23.0,17.0,0.08
11015,2014.0,0.06,0.02,0.0,0.02,49.0,12.0,32.0,0.09
5649,2012.0,0.14,0.13,0.0,0.05,79.0,28.0,127.0,0.32
16114,2011.0,0.0,0.01,0.0,0.0,70.0,13.0,86.0,0.01
9071,2001.0,0.1,0.04,0.0,0.0,81.0,24.0,15.0,0.14
1771,2003.0,0.5,0.16,0.46,0.03,76.0,55.0,21.0,1.15
14367,2009.0,0.0,0.03,0.0,0.01,73.0,14.0,20.0,0.03
2219,2016.0,0.28,0.14,0.47,0.04,81.0,71.0,87.0,0.93
9179,2016.0,0.02,0.02,0.09,0.01,93.0,5.0,83.0,0.14
760,2001.0,1.23,0.83,0.0,0.1,74.0,17.0,30.0,2.16
2498,2011.0,0.43,0.19,0.14,0.06,75.0,33.0,197.0,0.83
8980,2016.0,0.08,0.05,0.0,0.01,63.0,75.0,445.0,0.15
15779,2002.0,0.01,0.01,0.0,0.0,69.0,16.0,22.0,0.02
918,2004.0,0.92,0.72,0.0,0.24,81.0,43.0,90.0,1.88
61,2011.0,5.95,3.11,0.0,1.06,74.0,15.0,16.0,10.12
8145,2000.0,0.1,0.07,0.0,0.01,68.0,10.0,4.0,0.18
11220,2011.0,0.05,0.02,0.0,0.01,75.0,29.0,273.0,0.09
9514,2007.0,0.07,0.0,0.05,0.01,73.0,21.0,11.0,0.13
7242,2008.0,0.2,0.0,0.0,0.02,70.0,23.0,8.0,0.22
1841,2005.0,0.68,0.38,0.0,0.05,94.0,70.0,160.0,1.11
536,2010.0,1.05,1.23,0.03,0.47,89.0,59.0,301.0,2.78
9761,2010.0,0.11,0.0,0.0,0.01,86.0,27.0,32.0,0.12
1155,2010.0,0.59,0.83,0.02,0.17,81.0,74.0,267.0,1.6
5590,2009.0,0.15,0.14,0.0,0.03,75.0,60.0,46.0,0.32
2318,2003.0,0.44,0.34,0.0,0.11,68.0,21.0,27.0,0.9
15056,2005.0,0.02,0.01,0.0,0.0,56.0,6.0,6.0,0.02
193,2003.0,1.98,2.23,0.13,0.8,68.0,30.0,100.0,5.13
3361,2008.0,0.43,0.09,0.04,0.05,90.0,44.0,236.0,0.6
3680,2008.0,0.36,0.0,0.0,0.19,47.0,8.0,15.0,0.54
6890,2011.0,0.16,0.06,0.0,0.02,53.0,31.0,10.0,0.24
12638,2001.0,0.03,0.02,0.0,0.01,50.0,9.0,9.0,0.06
2584,2003.0,0.61,0.16,0.0,0.02,79.0,28.0,148.0,0.79
2126,2012.0,0.4,0.44,0.0,0.12,89.0,23.0,5926.0,0.97
4434,2003.0,0.34,0.09,0.0,0.01,71.0,30.0,44.0,0.44
1066,2002.0,1.52,0.12,0.0,0.05,53.0,15.0,28.0,1.69
10192,2003.0,0.05,0.04,0.0,0.01,67.0,17.0,23.0,0.11
9791,2001.0,0.07,0.05,0.0,0.01,72.0,12.0,25.0,0.12
6400,2011.0,0.14,0.1,0.0,0.03,41.0,8.0,7.0,0.27
7377,2009.0,0.2,0.0,0.0,0.02,63.0,4.0,5.0,0.21
5153,2007.0,0.3,0.01,0.0,0.05,71.0,17.0,15.0,0.37
6693,2007.0,0.22,0.01,0.0,0.02,57.0,8.0,19.0,0.25
7664,2004.0,0.1,0.08,0.0,0.03,71.0,40.0,18.0,0.2
4680,2010.0,0.21,0.12,0.03,0.05,70.0,30.0,19.0,0.41
8637,2013.0,0.06,0.07,0.0,0.03,38.0,8.0,52.0,0.16
2336,1997.0,0.16,0.11,0.56,0.06,83.0,10.0,22.0,0.89
10357,2002.0,0.08,0.02,0.0,0.0,54.0,9.0,7.0,0.11
8375,2002.0,0.13,0.03,0.0,0.0,36.0,6.0,23.0,0.17
3167,2012.0,0.23,0.14,0.2,0.07,74.0,34.0,109.0,0.64
10267,2004.0,0.08,0.02,0.0,0.0,69.0,29.0,4.0,0.11
14188,2002.0,0.02,0.01,0.0,0.0,70.0,5.0,5.0,0.03
15080,2007.0,0.01,0.01,0.0,0.0,66.0,19.0,44.0,0.02
144,2001.0,2.45,2.01,0.87,0.72,96.0,42.0,1026.0,6.05
11151,2005.0,0.07,0.02,0.0,0.0,76.0,36.0,8.0,0.09
13502,2016.0,0.0,0.04,0.0,0.01,71.0,28.0,73.0,0.04
14652,2008.0,0.0,0.02,0.0,0.0,87.0,52.0,275.0,0.03
9052,2004.0,0.11,0.03,0.0,0.0,78.0,22.0,6.0,0.14
12458,2001.0,0.03,0.02,0.0,0.01,79.0,15.0,8.0,0.06
12312,2013.0,0.01,0.01,0.04,0.01,55.0,31.0,37.0,0.06
7778,2008.0,0.08,0.09,0.0,0.02,52.0,35.0,22.0,0.19
12221,2005.0,0.03,0.03,0.0,0.01,73.0,28.0,14.0,0.07
3552,2007.0,0.23,0.18,0.09,0.06,83.0,49.0,59.0,0.56
4177,2007.0,0.1,0.22,0.02,0.12,64.0,25.0,18.0,0.47
9732,2008.0,0.11,0.0,0.0,0.01,59.0,8.0,6.0,0.12
3320,2010.0,0.47,0.08,0.01,0.04,59.0,14.0,8.0,0.61
3460,2000.0,0.28,0.22,0.0,0.07,77.0,23.0,13.0,0.58
4874,2009.0,0.2,0.15,0.0,0.04,71.0,59.0,23.0,0.39
6556,2006.0,0.11,0.02,0.11,0.01,71.0,41.0,36.0,0.26
6196,2001.0,0.14,0.11,0.0,0.04,57.0,11.0,4.0,0.28
3982,2007.0,0.46,0.0,0.0,0.04,65.0,10.0,5.0,0.5
14973,2007.0,0.02,0.0,0.0,0.0,45.0,9.0,4.0,0.03
11560,2003.0,0.06,0.02,0.0,0.0,29.0,14.0,19.0,0.08
715,2007.0,1.4,0.53,0.02,0.3,83.0,45.0,52.0,2.24
9557,2010.0,0.04,0.02,0.05,0.01,57.0,22.0,6.0,0.13
68,2010.0,5.8,2.85,0.01,0.78,74.0,24.0,24.0,9.44
6169,2009.0,0.13,0.12,0.0,0.03,50.0,12.0,6.0,0.28
14276,2013.0,0.0,0.0,0.03,0.0,74.0,13.0,23.0,0.03
53,2011.0,4.89,3.0,2.14,0.78,90.0,82.0,921.0,10.81
2577,2006.0,0.19,0.38,0.0,0.22,57.0,9.0,10.0,0.79
5999,2008.0,0.13,0.1,0.0,0.06,74.0,28.0,21.0,0.29
13204,2008.0,0.04,0.01,0.0,0.0,71.0,6.0,5.0,0.05
14654,2011.0,0.01,0.02,0.0,0.0,83.0,5.0,88.0,0.03
11398,2016.0,0.04,0.04,0.0,0.01,69.0,34.0,400.0,0.08
4237,2011.0,0.24,0.15,0.0,0.07,61.0,41.0,11.0,0.46
4689,2009.0,0.36,0.02,0.0,0.03,61.0,4.0,4.0,0.41
6853,2002.0,0.12,0.09,0.0,0.03,83.0,17.0,6.0,0.24
3798,2007.0,0.35,0.09,0.0,0.08,61.0,12.0,9.0,0.53
11659,2015.0,0.0,0.07,0.0,0.0,91.0,13.0,1963.0,0.08
5283,2003.0,0.17,0.13,0.0,0.04,56.0,13.0,8.0,0.35
5860,2011.0,0.17,0.06,0.04,0.03,77.0,26.0,76.0,0.3
1211,2010.0,0.85,0.46,0.02,0.22,88.0,62.0,492.0,1.54
13156,2006.0,0.02,0.01,0.01,0.0,81.0,42.0,17.0,0.05
5989,2015.0,0.14,0.11,0.0,0.05,60.0,11.0,68.0,0.29
10900,2009.0,0.06,0.02,0.0,0.02,80.0,44.0,12.0,0.09
5534,2012.0,0.09,0.07,0.14,0.03,72.0,33.0,179.0,0.33
7336,2002.0,0.1,0.08,0.0,0.03,47.0,7.0,8.0,0.21
12360,2011.0,0.06,0.0,0.0,0.0,79.0,15.0,15.0,0.06
2703,2011.0,0.33,0.32,0.0,0.1,95.0,52.0,5999.0,0.76
12324,2003.0,0.03,0.02,0.0,0.01,68.0,23.0,8.0,0.06
3511,2008.0,0.27,0.24,0.0,0.06,45.0,43.0,52.0,0.57
3614,2001.0,0.27,0.21,0.0,0.07,76.0,17.0,9.0,0.56
16541,2007.0,0.0,0.01,0.0,0.0,63.0,25.0,218.0,0.01
8296,2003.0,0.13,0.03,0.0,0.0,64.0,6.0,4.0,0.17
8175,2004.0,0.09,0.07,0.0,0.02,54.0,29.0,7.0,0.18
12910,2010.0,0.05,0.0,0.0,0.0,63.0,13.0,48.0,0.05
15196,2003.0,0.0,0.02,0.0,0.0,86.0,12.0,38.0,0.02
3192,2008.0,0.46,0.09,0.0,0.09,44.0,7.0,16.0,0.63
10850,2004.0,0.07,0.02,0.0,0.0,65.0,25.0,7.0,0.09
2014,1996.0,0.96,0.07,0.0,0.0,86.0,18.0,3552.0,1.03
10112,2002.0,0.0,0.0,0.1,0.01,69.0,5.0,74.0,0.11
2346,2008.0,0.28,0.51,0.0,0.09,80.0,18.0,22.0,0.89
3914,2006.0,0.15,0.12,0.2,0.04,75.0,45.0,55.0,0.51
10810,2006.0,0.08,0.0,0.0,0.01,74.0,34.0,6.0,0.1
3490,2005.0,0.32,0.24,0.0,0.02,85.0,56.0,73.0,0.57
4519,2013.0,0.23,0.12,0.04,0.04,47.0,14.0,24.0,0.43
5927,2011.0,0.14,0.12,0.0,0.04,57.0,62.0,53.0,0.3
12720,2016.0,0.0,0.05,0.0,0.0,74.0,33.0,431.0,0.06
8700,2010.0,0.07,0.02,0.06,0.01,59.0,38.0,23.0,0.16
800,2010.0,1.77,0.32,0.0,0.0,90.0,53.0,953.0,2.08
7544,2005.0,0.18,0.0,0.0,0.02,63.0,37.0,16.0,0.2
14127,2006.0,0.03,0.01,0.0,0.0,68.0,33.0,16.0,0.04
9095,2011.0,0.07,0.05,0.0,0.02,39.0,35.0,19.0,0.14
1299,2010.0,1.06,0.29,0.0,0.11,81.0,53.0,46.0,1.46
2060,2010.0,0.41,0.35,0.03,0.21,86.0,73.0,255.0,1.0
1685,2006.0,0.72,0.28,0.0,0.2,70.0,17.0,4.0,1.2
9479,2006.0,0.1,0.03,0.0,0.0,56.0,33.0,7.0,0.13
8472,2001.0,0.08,0.06,0.0,0.02,71.0,21.0,8.0,0.16
480,2011.0,1.58,1.01,0.0,0.38,85.0,73.0,2748.0,2.96
8140,2009.0,0.07,0.05,0.03,0.02,62.0,25.0,28.0,0.18
15591,2009.0,0.02,0.0,0.0,0.0,71.0,27.0,38.0,0.02
916,2008.0,1.28,0.43,0.0,0.17,29.0,7.0,7.0,1.88
16383,2002.0,0.01,0.0,0.0,0.0,41.0,5.0,12.0,0.01
4133,2002.0,0.23,0.18,0.0,0.06,61.0,19.0,13.0,0.47
14932,2008.0,0.0,0.02,0.0,0.0,73.0,16.0,222.0,0.03
6496,2011.0,0.0,0.01,0.25,0.0,59.0,16.0,10.0,0.26
2369,2008.0,0.5,0.29,0.01,0.08,74.0,55.0,81.0,0.88
1149,2011.0,0.82,0.6,0.03,0.15,81.0,77.0,559.0,1.6
14713,2005.0,0.03,0.0,0.0,0.0,47.0,27.0,12.0,0.03
2762,2013.0,0.14,0.29,0.22,0.09,74.0,30.0,204.0,0.74
9793,2007.0,0.11,0.0,0.0,0.01,80.0,55.0,26.0,0.12
5284,2000.0,0.03,0.02,0.28,0.02,83.0,11.0,25.0,0.35
15241,2008.0,0.0,0.02,0.0,0.0,73.0,19.0,171.0,0.02
7053,2003.0,0.17,0.05,0.0,0.01,82.0,23.0,23.0,0.23
3884,2001.0,0.25,0.2,0.0,0.07,47.0,14.0,7.0,0.51
9118,2016.0,0.04,0.08,0.0,0.02,88.0,28.0,116.0,0.14
4094,2006.0,0.44,0.0,0.0,0.04,80.0,44.0,21.0,0.48
1460,2006.0,1.09,0.04,0.1,0.1,79.0,76.0,187.0,1.34
2099,2010.0,0.28,0.18,0.45,0.07,77.0,55.0,336.0,0.98
544,2006.0,1.45,0.07,1.1,0.15,81.0,42.0,67.0,2.76
6710,2011.0,0.18,0.05,0.0,0.02,57.0,50.0,33.0,0.25
15049,2014.0,0.0,0.0,0.02,0.0,58.0,22.0,81.0,0.02
8345,2008.0,0.13,0.02,0.0,0.02,53.0,37.0,20.0,0.17
2039,2012.0,0.56,0.05,0.37,0.04,80.0,40.0,89.0,1.02
3780,2005.0,0.26,0.2,0.0,0.07,63.0,26.0,27.0,0.53
8842,2002.0,0.12,0.03,0.0,0.0,59.0,10.0,7.0,0.15
9094,2001.0,0.07,0.05,0.0,0.02,64.0,15.0,37.0,0.14
10967,2011.0,0.04,0.04,0.0,0.02,57.0,43.0,28.0,0.09
12684,2015.0,0.01,0.0,0.05,0.0,71.0,8.0,12.0,0.06
12642,2014.0,0.0,0.05,0.0,0.0,58.0,5.0,4.0,0.06
420,2015.0,2.34,0.3,0.0,0.6,83.0,37.0,180.0,3.24
538,2011.0,0.89,1.43,0.0,0.46,89.0,61.0,4926.0,2.78
7779,2016.0,0.08,0.1,0.0,0.02,63.0,29.0,881.0,0.19
9670,2006.0,0.11,0.0,0.0,0.01,79.0,24.0,5.0,0.12
8378,2002.0,0.13,0.04,0.0,0.01,73.0,28.0,10.0,0.17
6994,1998.0,0.13,0.09,0.0,0.02,61.0,4.0,4.0,0.23
15420,2015.0,0.02,0.0,0.0,0.0,63.0,4.0,5.0,0.02
471,2012.0,1.38,1.32,0.02,0.28,91.0,39.0,1247.0,3.0
15246,2009.0,0.0,0.02,0.0,0.0,68.0,24.0,42.0,0.02
6119,2012.0,0.09,0.13,0.0,0.06,54.0,8.0,35.0,0.28
2926,2000.0,0.16,0.13,0.36,0.04,58.0,16.0,49.0,0.7
1137,2010.0,1.02,0.46,0.0,0.13,74.0,50.0,69.0,1.62
219,2007.0,1.91,2.0,0.09,0.82,81.0,40.0,769.0,4.82
4860,2007.0,0.19,0.15,0.0,0.05,36.0,7.0,17.0,0.39
6581,2004.0,0.13,0.01,0.11,0.01,73.0,34.0,17.0,0.26
2507,2007.0,0.67,0.03,0.06,0.05,65.0,18.0,28.0,0.82
7418,2009.0,0.18,0.01,0.0,0.01,80.0,43.0,35.0,0.21
12400,2016.0,0.03,0.02,0.0,0.01,60.0,10.0,12.0,0.06
330,2002.0,2.03,1.56,0.0,0.17,79.0,21.0,29.0,3.76
4400,2005.0,0.37,0.01,0.0,0.06,80.0,42.0,65.0,0.44
2475,2007.0,0.74,0.04,0.0,0.06,57.0,11.0,28.0,0.83
12670,2007.0,0.05,0.0,0.0,0.0,35.0,11.0,21.0,0.06
871,2012.0,0.82,0.93,0.04,0.18,85.0,83.0,431.0,1.96
9942,2013.0,0.04,0.06,0.0,0.01,77.0,7.0,31.0,0.12
11728,2004.0,0.06,0.02,0.0,0.0,57.0,32.0,11.0,0.08
5532,2008.0,0.28,0.02,0.0,0.02,70.0,7.0,9.0,0.33
2560,2012.0,0.2,0.26,0.3,0.04,79.0,69.0,99.0,0.8
3721,2001.0,0.42,0.11,0.0,0.01,87.0,20.0,18.0,0.54
10229,2004.0,0.05,0.04,0.0,0.01,64.0,31.0,10.0,0.11
3827,2001.0,0.29,0.2,0.0,0.03,89.0,15.0,37.0,0.52
8769,2004.0,0.07,0.06,0.0,0.02,49.0,29.0,7.0,0.15
3095,2005.0,0.32,0.25,0.0,0.08,60.0,20.0,7.0,0.65
2040,2008.0,0.51,0.4,0.0,0.11,51.0,18.0,8.0,1.01
10670,2005.0,0.07,0.03,0.0,0.0,84.0,51.0,39.0,0.1
15184,2005.0,0.02,0.0,0.0,0.0,73.0,20.0,5.0,0.02
7096,2012.0,0.09,0.09,0.01,0.04,83.0,65.0,85.0,0.23
6,2006.0,11.28,9.14,6.5,2.88,89.0,65.0,431.0,29.8
14449,2009.0,0.01,0.02,0.0,0.0,80.0,22.0,136.0,0.03
7873,2009.0,0.1,0.06,0.01,0.03,72.0,37.0,57.0,0.19
2359,2009.0,0.35,0.37,0.01,0.15,78.0,47.0,91.0,0.88
9132,2009.0,0.0,0.12,0.0,0.02,77.0,38.0,589.0,0.14
6654,2005.0,0.19,0.05,0.0,0.01,79.0,35.0,18.0,0.25
14227,2003.0,0.02,0.01,0.0,0.0,73.0,17.0,5.0,0.03
10569,2006.0,0.05,0.04,0.0,0.01,52.0,19.0,6.0,0.1
15238,2008.0,0.0,0.02,0.0,0.0,71.0,11.0,12.0,0.02
4353,2004.0,0.35,0.09,0.0,0.01,79.0,47.0,81.0,0.45
5506,2010.0,0.12,0.13,0.06,0.03,74.0,43.0,96.0,0.33
8969,2012.0,0.06,0.08,0.0,0.01,71.0,8.0,65.0,0.15
5306,2009.0,0.13,0.18,0.0,0.04,48.0,50.0,53.0,0.35
7298,2010.0,0.07,0.0,0.13,0.01,80.0,27.0,17.0,0.21
2225,2009.0,0.51,0.25,0.09,0.08,90.0,86.0,597.0,0.93
5715,2002.0,0.23,0.07,0.0,0.01,72.0,21.0,12.0,0.31
7964,2008.0,0.17,0.0,0.0,0.01,55.0,42.0,15.0,0.19
7427,2005.0,0.19,0.0,0.0,0.02,37.0,6.0,20.0,0.21
5472,2002.0,0.16,0.13,0.0,0.04,77.0,19.0,15.0,0.33
7162,2004.0,0.16,0.06,0.0,0.0,77.0,20.0,6.0,0.22
8164,2005.0,0.13,0.04,0.0,0.01,68.0,39.0,15.0,0.18
11195,2009.0,0.05,0.03,0.0,0.01,66.0,25.0,20.0,0.09
1745,2006.0,0.41,0.06,0.04,0.66,43.0,17.0,176.0,1.16
2587,2013.0,0.24,0.26,0.19,0.1,85.0,40.0,1471.0,0.79
4706,2012.0,0.2,0.18,0.0,0.03,81.0,31.0,228.0,0.41
1875,2003.0,0.78,0.29,0.0,0.02,75.0,21.0,39.0,1.09
8926,2001.0,0.08,0.06,0.0,0.01,76.0,8.0,9.0,0.15
3747,2005.0,0.45,0.02,0.0,0.07,78.0,19.0,13.0,0.53
3648,2007.0,0.5,0.01,0.0,0.05,81.0,18.0,19.0,0.55
434,2001.0,2.06,0.56,0.38,0.17,89.0,22.0,95.0,3.17
11636,2006.0,0.07,0.0,0.0,0.01,72.0,49.0,18.0,0.08
4676,2016.0,0.05,0.31,0.0,0.06,69.0,17.0,12.0,0.41
8622,2009.0,0.12,0.02,0.0,0.02,62.0,34.0,16.0,0.16
7536,2013.0,0.14,0.04,0.0,0.02,51.0,10.0,9.0,0.2
4933,2006.0,0.19,0.15,0.0,0.05,68.0,19.0,6.0,0.39
744,2010.0,1.45,0.54,0.02,0.19,88.0,93.0,573.0,2.2
4624,2001.0,0.14,0.1,0.16,0.03,65.0,14.0,44.0,0.42
2448,2010.0,0.79,0.0,0.0,0.06,85.0,22.0,25.0,0.85
7683,2008.0,0.1,0.02,0.07,0.01,59.0,28.0,10.0,0.2
540,2003.0,1.41,1.12,0.0,0.24,83.0,33.0,46.0,2.77
4883,2012.0,0.18,0.04,0.15,0.02,70.0,53.0,146.0,0.39
13415,2014.0,0.03,0.01,0.0,0.0,50.0,20.0,43.0,0.05
15614,2011.0,0.01,0.01,0.0,0.0,54.0,5.0,6.0,0.02
15834,2005.0,0.01,0.0,0.0,0.0,45.0,10.0,4.0,0.02
7896,2012.0,0.1,0.04,0.01,0.03,79.0,25.0,66.0,0.19
3483,2008.0,0.5,0.03,0.0,0.04,70.0,37.0,25.0,0.58
5329,2000.0,0.1,0.08,0.15,0.03,59.0,12.0,4.0,0.35
4435,2013.0,0.26,0.12,0.01,0.04,86.0,65.0,1438.0,0.44
106,1998.0,3.27,2.22,1.4,0.29,96.0,15.0,367.0,7.16
13239,2002.0,0.04,0.01,0.0,0.0,61.0,10.0,4.0,0.05
10828,2011.0,0.05,0.03,0.0,0.01,60.0,16.0,7.0,0.09
358,2005.0,2.18,1.02,0.03,0.37,84.0,30.0,268.0,3.59
10931,2008.0,0.09,0.0,0.0,0.01,52.0,29.0,4.0,0.09
12639,2008.0,0.05,0.0,0.0,0.0,61.0,6.0,8.0,0.06
7958,2003.0,0.14,0.04,0.0,0.01,69.0,14.0,4.0,0.19
11041,2010.0,0.07,0.0,0.01,0.01,64.0,15.0,40.0,0.09
10893,2004.0,0.05,0.04,0.0,0.01,82.0,46.0,13.0,0.09
7976,2011.0,0.1,0.06,0.01,0.02,76.0,76.0,139.0,0.19
15582,2016.0,0.02,0.0,0.0,0.0,55.0,13.0,94.0,0.02
705,2002.0,1.22,0.1,0.91,0.04,81.0,24.0,54.0,2.27
7706,2010.0,0.08,0.04,0.07,0.01,76.0,40.0,23.0,0.2
1413,2011.0,0.5,0.59,0.07,0.22,89.0,50.0,682.0,1.37
15509,2007.0,0.0,0.02,0.0,0.0,70.0,40.0,374.0,0.02
466,2002.0,1.85,1.04,0.0,0.13,93.0,46.0,121.0,3.02
8340,2016.0,0.09,0.06,0.0,0.01,83.0,18.0,175.0,0.17
3675,2008.0,0.5,0.0,0.0,0.04,67.0,19.0,6.0,0.55
9148,2010.0,0.13,0.0,0.0,0.01,36.0,10.0,4.0,0.14
984,2005.0,0.85,0.76,0.0,0.16,47.0,21.0,129.0,1.77
601,2001.0,1.7,0.59,0.21,0.07,73.0,28.0,179.0,2.56
13032,2004.0,0.04,0.01,0.0,0.0,66.0,33.0,23.0,0.05
16340,2016.0,0.0,0.01,0.0,0.0,71.0,15.0,71.0,0.01
607,2009.0,0.64,1.22,0.01,0.67,87.0,68.0,98.0,2.54
8687,2013.0,0.02,0.02,0.11,0.01,68.0,4.0,9.0,0.16
4620,2005.0,0.32,0.08,0.0,0.01,69.0,20.0,13.0,0.42
4521,2001.0,0.09,0.07,0.25,0.02,71.0,12.0,23.0,0.43
7083,2006.0,0.15,0.01,0.04,0.02,87.0,37.0,69.0,0.23
3033,2006.0,0.33,0.2,0.0,0.14,78.0,13.0,21.0,0.66
11565,2011.0,0.06,0.01,0.0,0.01,57.0,19.0,60.0,0.08
2264,2012.0,0.41,0.17,0.3,0.05,74.0,21.0,62.0,0.91
8825,2005.0,0.11,0.02,0.01,0.01,62.0,39.0,34.0,0.15
11481,2013.0,0.03,0.03,0.0,0.01,51.0,6.0,7.0,0.08
9661,2012.0,0.06,0.04,0.01,0.02,50.0,32.0,47.0,0.12
1947,2003.0,0.52,0.41,0.0,0.14,71.0,28.0,22.0,1.06
5842,2002.0,0.23,0.06,0.0,0.01,78.0,18.0,18.0,0.3
1000,2002.0,0.86,0.67,0.0,0.22,71.0,34.0,33.0,1.76
2899,2005.0,0.35,0.21,0.0,0.14,67.0,43.0,8.0,0.7
8914,2007.0,0.1,0.03,0.0,0.02,70.0,10.0,12.0,0.15
5746,2015.0,0.06,0.16,0.06,0.04,76.0,17.0,110.0,0.31
5513,2003.0,0.24,0.09,0.0,0.01,62.0,4.0,6.0,0.33
11526,1999.0,0.04,0.03,0.0,0.01,80.0,11.0,11.0,0.08
1184,2002.0,0.98,0.53,0.0,0.06,55.0,10.0,45.0,1.57
4495,2014.0,0.35,0.0,0.0,0.08,81.0,26.0,79.0,0.43
1098,2008.0,0.45,1.02,0.0,0.2,44.0,17.0,41.0,1.66
15369,2005.0,0.02,0.0,0.0,0.0,63.0,14.0,4.0,0.02
10596,2001.0,0.05,0.04,0.0,0.01,76.0,16.0,22.0,0.1
8806,2007.0,0.12,0.02,0.0,0.01,82.0,28.0,14.0,0.15
1439,2016.0,0.78,0.44,0.0,0.12,84.0,96.0,815.0,1.35
699,2008.0,0.38,0.07,0.01,1.82,82.0,8.0,20.0,2.28
9854,2003.0,0.06,0.05,0.0,0.02,65.0,19.0,8.0,0.12
11178,2006.0,0.08,0.0,0.0,0.01,59.0,16.0,19.0,0.09
13307,2004.0,0.04,0.01,0.0,0.0,83.0,35.0,6.0,0.05
11993,1998.0,0.04,0.03,0.0,0.0,62.0,5.0,15.0,0.07
2981,2005.0,0.57,0.02,0.0,0.09,85.0,46.0,111.0,0.68
5943,2010.0,0.23,0.04,0.0,0.02,74.0,14.0,8.0,0.29
10103,2002.0,0.08,0.02,0.0,0.0,63.0,17.0,8.0,0.11
3949,2006.0,0.39,0.1,0.0,0.01,60.0,10.0,4.0,0.5
8250,2015.0,0.05,0.07,0.02,0.02,74.0,35.0,74.0,0.17
14982,2015.0,0.0,0.02,0.0,0.0,62.0,22.0,11.0,0.03
10492,2012.0,0.07,0.02,0.0,0.01,52.0,23.0,30.0,0.1
16504,2016.0,0.0,0.0,0.01,0.0,69.0,13.0,11.0,0.01
8727,2005.0,0.12,0.03,0.0,0.0,75.0,17.0,4.0,0.15
13427,2007.0,0.04,0.0,0.0,0.0,32.0,13.0,6.0,0.05
44,2007.0,7.97,2.81,0.13,1.21,94.0,86.0,4100.0,12.12
1043,2009.0,1.17,0.39,0.0,0.15,89.0,25.0,43.0,1.71
10417,2007.0,0.01,0.09,0.0,0.01,58.0,17.0,11.0,0.1
4492,2001.0,0.24,0.16,0.0,0.03,76.0,5.0,8.0,0.43
7483,2011.0,0.16,0.03,0.0,0.01,54.0,11.0,8.0,0.21
11259,2006.0,0.06,0.02,0.0,0.0,69.0,10.0,4.0,0.09
1022,2012.0,1.05,0.52,0.03,0.14,55.0,61.0,145.0,1.74
2389,2009.0,0.08,0.11,0.62,0.06,69.0,27.0,35.0,0.87
4668,2016.0,0.24,0.14,0.0,0.04,76.0,42.0,77.0,0.41
2348,2009.0,0.47,0.29,0.0,0.13,70.0,25.0,16.0,0.89
12978,2007.0,0.0,0.04,0.0,0.01,78.0,38.0,204.0,0.05
10923,2004.0,0.05,0.04,0.0,0.01,63.0,9.0,23.0,0.09
8201,2010.0,0.07,0.02,0.07,0.02,38.0,34.0,37.0,0.18
15230,2006.0,0.01,0.01,0.0,0.0,54.0,20.0,5.0,0.02
6202,2011.0,0.13,0.11,0.0,0.04,61.0,41.0,17.0,0.28
5502,2015.0,0.12,0.03,0.16,0.02,61.0,32.0,32.0,0.33
6423,2007.0,0.24,0.0,0.0,0.02,46.0,9.0,6.0,0.26
3551,2003.0,0.44,0.11,0.0,0.02,77.0,29.0,29.0,0.56
14956,2005.0,0.0,0.02,0.0,0.0,85.0,49.0,224.0,0.03
143,2014.0,0.8,4.33,0.05,0.9,82.0,47.0,988.0,6.08
16400,2007.0,0.01,0.0,0.0,0.0,71.0,30.0,124.0,0.01
12829,2009.0,0.0,0.05,0.0,0.01,76.0,20.0,236.0,0.06
1926,2007.0,0.08,0.9,0.04,0.05,76.0,29.0,36.0,1.07
1015,2013.0,0.3,0.56,0.84,0.05,65.0,38.0,135.0,1.75
14675,2002.0,0.02,0.01,0.0,0.0,70.0,7.0,4.0,0.03
4242,2006.0,0.42,0.0,0.0,0.04,59.0,32.0,60.0,0.46
8509,2003.0,0.13,0.03,0.0,0.0,59.0,5.0,5.0,0.16
4136,2007.0,0.14,0.01,0.31,0.02,60.0,29.0,16.0,0.47
9945,2008.0,0.11,0.0,0.0,0.01,55.0,24.0,20.0,0.12
7197,2007.0,0.2,0.0,0.0,0.02,61.0,13.0,9.0,0.22
1186,2008.0,0.17,0.02,1.36,0.02,84.0,46.0,57.0,1.57
3307,2011.0,0.27,0.18,0.09,0.07,58.0,26.0,77.0,0.61
3436,2008.0,0.15,0.37,0.0,0.07,68.0,18.0,29.0,0.58
150,2008.0,2.8,1.98,0.17,0.87,95.0,85.0,5311.0,5.82
15282,2004.0,0.02,0.0,0.0,0.0,53.0,11.0,8.0,0.02
3738,2010.0,0.22,0.27,0.0,0.05,41.0,8.0,11.0,0.54
14181,2006.0,0.03,0.01,0.0,0.0,84.0,25.0,6.0,0.03
2110,2013.0,0.57,0.32,0.01,0.08,82.0,58.0,383.0,0.98
12352,2001.0,0.05,0.01,0.0,0.0,83.0,11.0,8.0,0.06
5939,2009.0,0.24,0.03,0.0,0.02,72.0,33.0,30.0,0.29
15200,2016.0,0.0,0.01,0.01,0.0,64.0,11.0,10.0,0.02
436,2007.0,0.68,0.0,0.0,2.46,83.0,12.0,36.0,3.14
1774,2003.0,0.56,0.44,0.0,0.15,68.0,28.0,28.0,1.15
16276,2013.0,0.0,0.01,0.0,0.0,66.0,7.0,16.0,0.01
1128,2001.0,0.78,0.25,0.56,0.04,89.0,39.0,121.0,1.63
2934,2010.0,0.18,0.36,0.02,0.13,65.0,49.0,45.0,0.7
1660,2000.0,0.34,0.49,0.28,0.1,86.0,13.0,91.0,1.21
10823,2002.0,0.07,0.02,0.0,0.0,54.0,18.0,4.0,0.1
12536,2005.0,0.05,0.01,0.0,0.0,72.0,34.0,11.0,0.06
5192,2001.0,0.14,0.11,0.08,0.04,70.0,23.0,14.0,0.36
8488,2010.0,0.08,0.06,0.0,0.02,42.0,31.0,17.0,0.16
8465,2005.0,0.02,0.12,0.0,0.03,94.0,50.0,909.0,0.16
10159,2001.0,0.0,0.09,0.0,0.02,81.0,19.0,224.0,0.11
2906,2003.0,0.34,0.27,0.0,0.09,73.0,33.0,19.0,0.7
2530,2000.0,0.45,0.31,0.0,0.05,73.0,8.0,9.0,0.81
1996,2006.0,0.44,0.48,0.0,0.11,46.0,38.0,455.0,1.04
3037,2007.0,0.2,0.33,0.0,0.13,80.0,35.0,107.0,0.66
176,2012.0,3.13,1.69,0.03,0.44,84.0,61.0,1196.0,5.29
13573,2006.0,0.03,0.01,0.0,0.0,73.0,38.0,8.0,0.04
12605,2015.0,0.04,0.02,0.0,0.01,43.0,54.0,283.0,0.06
3724,2003.0,0.26,0.21,0.0,0.07,89.0,18.0,38.0,0.54
6473,2006.0,0.0,0.0,0.26,0.01,83.0,25.0,75.0,0.26
7911,2007.0,0.15,0.01,0.02,0.01,55.0,34.0,20.0,0.19
3220,2012.0,0.36,0.21,0.0,0.05,90.0,35.0,366.0,0.62
1414,2004.0,0.99,0.33,0.0,0.05,86.0,67.0,140.0,1.37
9795,2011.0,0.07,0.04,0.0,0.01,64.0,51.0,60.0,0.12
6660,2000.0,0.14,0.09,0.0,0.02,53.0,6.0,16.0,0.25
6829,2015.0,0.09,0.13,0.0,0.02,80.0,66.0,520.0,0.24
1377,2008.0,0.89,0.39,0.0,0.13,89.0,79.0,768.0,1.4
8157,2007.0,0.16,0.0,0.0,0.01,81.0,9.0,8.0,0.18
1144,2004.0,0.79,0.62,0.0,0.21,77.0,33.0,20.0,1.61
11288,2004.0,0.0,0.07,0.0,0.02,88.0,9.0,9851.0,0.08
2362,2005.0,0.43,0.34,0.0,0.11,84.0,23.0,13.0,0.88
9410,2011.0,0.08,0.05,0.0,0.01,56.0,18.0,20.0,0.13
6461,2004.0,0.13,0.1,0.0,0.03,50.0,7.0,8.0,0.26
14647,2008.0,0.0,0.02,0.0,0.0,83.0,19.0,63.0,0.03
5382,2005.0,0.26,0.07,0.0,0.01,76.0,36.0,263.0,0.34
3340,2009.0,0.13,0.18,0.0,0.29,61.0,9.0,14.0,0.6
1938,2002.0,0.52,0.41,0.0,0.14,81.0,25.0,14.0,1.06
3477,2002.0,0.45,0.12,0.0,0.02,91.0,19.0,21.0,0.58
621,2002.0,1.81,0.52,0.0,0.15,79.0,31.0,96.0,2.49
5821,2007.0,0.28,0.0,0.0,0.02,73.0,11.0,5.0,0.31
6133,2003.0,0.14,0.11,0.0,0.04,56.0,14.0,21.0,0.28
1884,2010.0,0.74,0.25,0.0,0.09,47.0,52.0,98.0,1.09
1730,2015.0,0.39,0.69,0.0,0.09,96.0,57.0,3756.0,1.17
2404,2008.0,0.51,0.27,0.01,0.08,62.0,17.0,12.0,0.87
1252,2011.0,0.02,1.16,0.0,0.33,84.0,45.0,172.0,1.51
6317,2002.0,0.19,0.07,0.0,0.0,73.0,10.0,6.0,0.27
4805,2001.0,0.2,0.15,0.0,0.05,61.0,11.0,18.0,0.4
4622,2013.0,0.14,0.18,0.03,0.07,80.0,23.0,508.0,0.42
6858,2009.0,0.2,0.02,0.0,0.02,60.0,16.0,9.0,0.24
15386,2009.0,0.0,0.01,0.0,0.0,69.0,39.0,73.0,0.02
4691,2014.0,0.31,0.06,0.0,0.04,59.0,22.0,180.0,0.41
7404,2011.0,0.08,0.08,0.03,0.02,79.0,9.0,12.0,0.21
14852,2003.0,0.02,0.01,0.0,0.0,74.0,22.0,6.0,0.03
13337,1998.0,0.0,0.04,0.0,0.01,88.0,15.0,813.0,0.05
3603,2010.0,0.33,0.16,0.02,0.05,72.0,19.0,4.0,0.56
410,2013.0,1.9,1.11,0.01,0.29,86.0,35.0,701.0,3.3
3075,2010.0,0.06,0.03,0.55,0.01,60.0,30.0,29.0,0.66
7864,2005.0,0.17,0.0,0.0,0.01,61.0,40.0,21.0,0.19
5449,2006.0,0.21,0.0,0.1,0.02,87.0,45.0,74.0,0.33
4763,2009.0,0.27,0.09,0.0,0.04,43.0,7.0,7.0,0.4
6821,2005.0,0.19,0.05,0.0,0.01,81.0,30.0,8.0,0.24
3011,2014.0,0.24,0.31,0.01,0.11,71.0,31.0,98.0,0.67
16618,2003.0,0.0,0.01,0.0,0.0,70.0,11.0,67.0,0.01
4201,2005.0,0.3,0.03,0.1,0.03,85.0,76.0,223.0,0.47
6252,2003.0,0.21,0.06,0.0,0.01,65.0,32.0,8.0,0.27
13730,2016.0,0.0,0.04,0.0,0.01,64.0,4.0,12.0,0.04
11486,2001.0,0.04,0.03,0.0,0.01,43.0,14.0,10.0,0.08
14504,2003.0,0.0,0.03,0.0,0.01,76.0,20.0,549.0,0.03
2209,2013.0,0.32,0.32,0.15,0.15,77.0,32.0,187.0,0.93
28,2001.0,6.85,5.09,1.87,1.16,95.0,54.0,314.0,14.98
1097,2015.0,0.45,0.9,0.05,0.26,79.0,103.0,2161.0,1.66
9724,2006.0,0.11,0.0,0.0,0.01,66.0,21.0,6.0,0.12
676,2007.0,0.92,0.0,0.01,1.41,71.0,11.0,31.0,2.34
10434,2006.0,0.09,0.0,0.0,0.01,59.0,34.0,16.0,0.1
5856,2006.0,0.15,0.12,0.0,0.04,62.0,53.0,40.0,0.3
9004,2007.0,0.13,0.0,0.0,0.01,59.0,29.0,6.0,0.14
11798,2006.0,0.07,0.0,0.0,0.01,33.0,8.0,13.0,0.07
8840,2010.0,0.07,0.06,0.0,0.02,83.0,18.0,603.0,0.15
7874,2013.0,0.06,0.11,0.0,0.02,82.0,71.0,2654.0,0.19
12768,2005.0,0.01,0.04,0.0,0.01,81.0,31.0,49.0,0.06
1196,2009.0,0.57,0.43,0.44,0.12,54.0,26.0,133.0,1.56
303,2015.0,1.02,2.13,0.23,0.59,92.0,79.0,10179.0,3.97
7618,2012.0,0.06,0.07,0.05,0.01,64.0,42.0,39.0,0.2
15278,2004.0,0.02,0.0,0.0,0.0,69.0,18.0,9.0,0.02
4207,2002.0,0.23,0.18,0.0,0.06,76.0,22.0,7.0,0.46
13440,2007.0,0.0,0.04,0.0,0.01,79.0,22.0,40.0,0.05
5572,2001.0,0.16,0.12,0.0,0.04,77.0,21.0,21.0,0.32
7786,2006.0,0.17,0.01,0.0,0.01,66.0,25.0,33.0,0.19
9471,2005.0,0.06,0.05,0.0,0.02,58.0,34.0,49.0,0.13
4555,2006.0,0.35,0.01,0.0,0.06,39.0,23.0,46.0,0.42
6295,2004.0,0.13,0.1,0.0,0.03,65.0,24.0,12.0,0.27
4471,2012.0,0.19,0.09,0.11,0.05,58.0,43.0,152.0,0.43
3989,2007.0,0.45,0.01,0.0,0.04,80.0,42.0,30.0,0.5
4250,2003.0,0.33,0.12,0.0,0.01,77.0,6.0,12.0,0.46
8235,2003.0,0.13,0.04,0.0,0.01,71.0,31.0,11.0,0.17
12743,2007.0,0.01,0.04,0.0,0.01,82.0,44.0,1088.0,0.06
5096,2007.0,0.18,0.12,0.04,0.03,55.0,44.0,49.0,0.37
15206,2003.0,0.02,0.01,0.0,0.0,77.0,20.0,19.0,0.02
4342,2007.0,0.12,0.28,0.0,0.05,77.0,42.0,30.0,0.45
11390,2005.0,0.04,0.03,0.0,0.01,82.0,38.0,38.0,0.08
4905,2011.0,0.25,0.06,0.05,0.03,44.0,18.0,9.0,0.39
2654,2012.0,0.55,0.14,0.03,0.06,52.0,56.0,330.0,0.77
13104,2001.0,0.02,0.02,0.0,0.01,58.0,13.0,7.0,0.05
1083,2007.0,0.9,0.46,0.0,0.32,73.0,35.0,46.0,1.67
10007,2004.0,0.09,0.02,0.0,0.0,62.0,31.0,9.0,0.11
13103,2002.0,0.03,0.01,0.01,0.0,74.0,23.0,14.0,0.05
212,2007.0,2.31,1.72,0.12,0.77,88.0,66.0,2306.0,4.92
2929,2011.0,0.42,0.22,0.0,0.06,43.0,18.0,25.0,0.7
11338,2003.0,0.06,0.02,0.0,0.0,80.0,9.0,7.0,0.08
8202,2014.0,0.08,0.08,0.0,0.01,91.0,36.0,2318.0,0.17
10867,2007.0,0.08,0.01,0.0,0.01,63.0,26.0,16.0,0.09
14344,2006.0,0.03,0.0,0.0,0.0,48.0,35.0,18.0,0.03
6825,2001.0,0.19,0.05,0.0,0.01,67.0,16.0,12.0,0.24
8898,2004.0,0.14,0.0,0.0,0.01,63.0,35.0,7.0,0.15
5527,2009.0,0.15,0.12,0.0,0.05,66.0,35.0,17.0,0.33
7758,2009.0,0.16,0.02,0.0,0.01,71.0,22.0,16.0,0.19
8049,2012.0,0.1,0.06,0.0,0.02,74.0,65.0,174.0,0.18
10972,2007.0,0.07,0.01,0.0,0.01,73.0,26.0,22.0,0.09
3548,2009.0,0.22,0.28,0.0,0.06,62.0,6.0,4.0,0.56
2113,2005.0,0.73,0.21,0.0,0.03,87.0,38.0,27.0,0.97
890,2013.0,1.22,0.54,0.02,0.16,93.0,33.0,1647.0,1.93
10834,2000.0,0.05,0.04,0.0,0.01,61.0,11.0,7.0,0.09
9619,2009.0,0.12,0.0,0.0,0.01,60.0,4.0,21.0,0.13
3161,2014.0,0.25,0.34,0.0,0.05,64.0,18.0,176.0,0.64
2417,2009.0,0.46,0.21,0.12,0.06,76.0,42.0,26.0,0.86
3539,2002.0,0.39,0.16,0.0,0.02,87.0,32.0,19.0,0.57
9214,2012.0,0.0,0.0,0.14,0.0,63.0,20.0,22.0,0.14
431,2007.0,1.35,0.59,0.8,0.43,83.0,67.0,463.0,3.18
9954,2008.0,0.08,0.02,0.0,0.01,78.0,18.0,15.0,0.12
9401,2007.0,0.12,0.0,0.0,0.01,61.0,30.0,19.0,0.13
2917,2016.0,0.16,0.43,0.01,0.11,78.0,61.0,91.0,0.7
4899,2012.0,0.19,0.14,0.0,0.06,77.0,32.0,87.0,0.39
976,2014.0,0.55,0.86,0.11,0.27,75.0,65.0,1223.0,1.79
6733,2009.0,0.16,0.07,0.0,0.02,50.0,5.0,11.0,0.25
4149,2008.0,0.06,0.39,0.0,0.01,37.0,5.0,4.0,0.47
11818,2014.0,0.04,0.03,0.0,0.01,40.0,25.0,51.0,0.07
138,2004.0,0.08,6.21,0.0,0.0,93.0,57.0,2182.0,6.29
7374,2000.0,0.12,0.08,0.0,0.01,26.0,7.0,5.0,0.21
2630,2007.0,0.71,0.01,0.0,0.06,73.0,34.0,30.0,0.78
5756,2010.0,0.19,0.09,0.0,0.03,59.0,69.0,61.0,0.31
10483,2007.0,0.09,0.0,0.0,0.01,72.0,7.0,24.0,0.1
15258,2014.0,0.0,0.02,0.0,0.0,78.0,11.0,186.0,0.02
85,2009.0,0.99,6.42,0.0,0.6,86.0,75.0,886.0,8.01
7542,2002.0,0.15,0.04,0.0,0.01,79.0,9.0,5.0,0.2
1835,2011.0,0.72,0.29,0.01,0.09,79.0,75.0,2380.0,1.11
6833,2005.0,0.18,0.05,0.0,0.01,51.0,11.0,8.0,0.24
11750,2007.0,0.07,0.0,0.0,0.01,54.0,6.0,6.0,0.08
11096,2002.0,0.03,0.01,0.04,0.0,67.0,13.0,26.0,0.09
390,2015.0,1.09,1.36,0.49,0.48,93.0,86.0,3943.0,3.41
7156,2012.0,0.0,0.19,0.0,0.03,69.0,51.0,751.0,0.22
13612,2006.0,0.04,0.0,0.0,0.0,60.0,33.0,7.0,0.04
14960,2002.0,0.01,0.01,0.0,0.0,89.0,27.0,327.0,0.03
14761,2016.0,0.0,0.03,0.0,0.0,46.0,8.0,18.0,0.03
9637,2004.0,0.06,0.05,0.0,0.02,74.0,41.0,12.0,0.13
7765,2002.0,0.09,0.07,0.0,0.02,78.0,28.0,35.0,0.19
669,2010.0,1.74,0.45,0.0,0.18,42.0,10.0,16.0,2.37
4078,2004.0,0.36,0.11,0.0,0.02,78.0,44.0,11.0,0.48
3296,2013.0,0.14,0.34,0.0,0.14,87.0,82.0,391.0,0.61
3524,2006.0,0.47,0.02,0.0,0.08,77.0,28.0,33.0,0.57
1418,2006.0,0.24,0.7,0.16,0.26,78.0,45.0,52.0,1.36
2896,2007.0,0.18,0.01,0.5,0.02,65.0,43.0,21.0,0.7
5312,2002.0,0.09,0.07,0.16,0.02,87.0,31.0,34.0,0.35
573,2003.0,1.15,1.11,0.0,0.4,89.0,24.0,102.0,2.65
12467,2008.0,0.03,0.02,0.0,0.01,47.0,10.0,24.0,0.06
6431,2008.0,0.22,0.02,0.0,0.02,55.0,42.0,24.0,0.26
1161,2008.0,0.71,0.69,0.02,0.18,85.0,75.0,288.0,1.59
2445,2013.0,0.35,0.23,0.21,0.05,72.0,19.0,72.0,0.85
2783,2009.0,0.49,0.15,0.0,0.09,74.0,48.0,51.0,0.73
2781,2003.0,0.31,0.11,0.3,0.02,72.0,31.0,25.0,0.74
5854,2016.0,0.25,0.0,0.0,0.06,75.0,59.0,89.0,0.3
13977,2004.0,0.02,0.01,0.0,0.0,60.0,22.0,8.0,0.04
6764,2013.0,0.13,0.06,0.0,0.06,75.0,15.0,148.0,0.25
15723,2008.0,0.02,0.0,0.0,0.0,40.0,21.0,4.0,0.02
5773,2011.0,0.11,0.1,0.08,0.02,73.0,48.0,99.0,0.31
2449,2009.0,0.44,0.3,0.02,0.09,78.0,65.0,95.0,0.85
6246,2009.0,0.11,0.14,0.0,0.03,75.0,12.0,6.0,0.27
7050,2010.0,0.09,0.11,0.0,0.02,74.0,17.0,5.0,0.23
14635,2002.0,0.01,0.01,0.0,0.0,78.0,26.0,9.0,0.03
7119,2014.0,0.08,0.13,0.0,0.02,64.0,14.0,20.0,0.23
13289,2003.0,0.03,0.01,0.0,0.0,80.0,12.0,5.0,0.05
14900,2009.0,0.0,0.02,0.0,0.0,46.0,9.0,46.0,0.03
9491,2002.0,0.1,0.03,0.0,0.0,61.0,27.0,7.0,0.13
4188,2006.0,0.33,0.12,0.0,0.01,70.0,8.0,5.0,0.47
6483,2006.0,0.26,0.0,0.0,0.0,70.0,11.0,11.0,0.26
10150,2008.0,0.1,0.0,0.0,0.01,57.0,7.0,12.0,0.11
12710,2004.0,0.04,0.01,0.0,0.0,45.0,33.0,5.0,0.06
8013,2014.0,0.08,0.09,0.0,0.01,58.0,6.0,28.0,0.18
6455,2010.0,0.18,0.06,0.0,0.02,68.0,39.0,332.0,0.26
12149,2011.0,0.0,0.03,0.04,0.0,79.0,44.0,85.0,0.07
13050,2011.0,0.0,0.04,0.0,0.01,70.0,20.0,105.0,0.05
5210,2004.0,0.27,0.08,0.0,0.01,81.0,66.0,23.0,0.36
3892,2013.0,0.15,0.08,0.22,0.06,77.0,71.0,298.0,0.51
6103,2002.0,0.21,0.06,0.0,0.01,58.0,22.0,4.0,0.28
8407,2002.0,0.13,0.04,0.0,0.01,54.0,9.0,10.0,0.17
5790,2010.0,0.17,0.01,0.11,0.02,78.0,15.0,39.0,0.31
802,2006.0,0.89,0.04,1.07,0.09,77.0,45.0,136.0,2.08
3682,2012.0,0.19,0.23,0.04,0.08,77.0,27.0,350.0,0.54
8325,2010.0,0.1,0.04,0.0,0.02,58.0,12.0,8.0,0.17
4752,2011.0,0.18,0.17,0.0,0.06,54.0,48.0,1183.0,0.41
14501,2001.0,0.02,0.01,0.0,0.0,61.0,11.0,7.0,0.03
8631,2003.0,0.11,0.04,0.0,0.0,77.0,31.0,18.0,0.16
7185,2009.0,0.13,0.06,0.0,0.03,68.0,22.0,7.0,0.22
7059,2006.0,0.17,0.01,0.04,0.01,82.0,39.0,25.0,0.23
12284,2005.0,0.05,0.01,0.0,0.0,51.0,40.0,8.0,0.06
12043,2005.0,0.06,0.0,0.0,0.01,61.0,23.0,14.0,0.07
10395,2010.0,0.1,0.0,0.0,0.01,54.0,6.0,10.0,0.11
14323,2010.0,0.0,0.03,0.0,0.0,64.0,7.0,18.0,0.03
7118,2013.0,0.12,0.03,0.05,0.03,64.0,39.0,215.0,0.23
7613,2011.0,0.09,0.09,0.0,0.02,76.0,31.0,315.0,0.2
8476,2011.0,0.06,0.09,0.0,0.02,64.0,7.0,10.0,0.16
336,2000.0,1.93,1.58,0.0,0.19,91.0,15.0,207.0,3.71
11792,2003.0,0.04,0.03,0.0,0.01,59.0,22.0,14.0,0.07
1269,2008.0,1.22,0.0,0.0,0.27,67.0,4.0,24.0,1.49
4549,2007.0,0.16,0.19,0.0,0.08,68.0,38.0,40.0,0.42
347,2001.0,2.08,1.09,0.15,0.33,90.0,35.0,312.0,3.64
1259,2000.0,1.19,0.07,0.05,0.2,91.0,25.0,7.0,1.5
7848,2010.0,0.18,0.0,0.0,0.01,82.0,6.0,37.0,0.19
3350,2010.0,0.32,0.23,0.0,0.06,82.0,78.0,101.0,0.6
15605,2007.0,0.0,0.01,0.0,0.0,70.0,21.0,11.0,0.02
171,2016.0,1.85,2.5,0.19,0.85,93.0,113.0,7064.0,5.38
5482,2009.0,0.16,0.13,0.0,0.04,79.0,7.0,12.0,0.33
4634,2012.0,0.21,0.17,0.0,0.04,76.0,59.0,319.0,0.42
7390,2001.0,0.09,0.07,0.03,0.02,78.0,18.0,19.0,0.21
13176,2002.0,0.04,0.01,0.0,0.0,68.0,16.0,4.0,0.05
10814,2008.0,0.09,0.0,0.0,0.01,78.0,30.0,17.0,0.1
10132,2004.0,0.05,0.04,0.0,0.01,66.0,22.0,6.0,0.11
11003,2002.0,0.04,0.03,0.0,0.01,80.0,4.0,41.0,0.09
6550,2013.0,0.16,0.07,0.0,0.02,54.0,55.0,195.0,0.26
14759,2010.0,0.02,0.01,0.0,0.0,79.0,15.0,55.0,0.03
14019,2007.0,0.03,0.0,0.0,0.0,52.0,7.0,5.0,0.04
12138,2015.0,0.0,0.06,0.0,0.01,63.0,9.0,7.0,0.07
1603,2007.0,0.45,0.67,0.0,0.12,52.0,15.0,4.0,1.24
6878,2015.0,0.09,0.01,0.13,0.01,77.0,44.0,49.0,0.24
9772,2009.0,0.08,0.02,0.0,0.02,68.0,16.0,4.0,0.12
1546,1997.0,0.58,0.4,0.21,0.08,93.0,12.0,358.0,1.27
720,2013.0,1.25,0.62,0.18,0.18,77.0,59.0,288.0,2.24
10138,2002.0,0.09,0.02,0.0,0.0,55.0,4.0,5.0,0.11
3135,2003.0,0.47,0.15,0.0,0.02,84.0,34.0,49.0,0.64
11972,2014.0,0.03,0.04,0.0,0.01,32.0,12.0,74.0,0.07
2121,2003.0,0.47,0.37,0.0,0.12,85.0,19.0,53.0,0.97
5977,2010.0,0.09,0.06,0.11,0.03,58.0,42.0,30.0,0.29
791,2011.0,1.63,0.31,0.0,0.16,86.0,66.0,382.0,2.1
1673,2007.0,0.44,0.63,0.0,0.14,73.0,19.0,10.0,1.2
429,2008.0,1.48,1.0,0.04,0.66,91.0,79.0,565.0,3.18
11453,2011.0,0.05,0.02,0.0,0.01,49.0,17.0,11.0,0.08
6958,2002.0,0.18,0.05,0.0,0.01,79.0,30.0,31.0,0.23
3566,2011.0,0.25,0.26,0.0,0.06,76.0,57.0,232.0,0.56
10572,2005.0,0.02,0.02,0.05,0.01,58.0,16.0,8.0,0.1
625,2002.0,1.13,0.36,0.92,0.07,70.0,26.0,74.0,2.47
10454,2011.0,0.06,0.04,0.0,0.01,52.0,21.0,26.0,0.1
2416,2015.0,0.34,0.38,0.0,0.14,80.0,69.0,160.0,0.86
6488,2016.0,0.12,0.12,0.0,0.02,68.0,12.0,27.0,0.26
1139,2013.0,0.59,0.76,0.01,0.26,83.0,22.0,262.0,1.62
4877,2012.0,0.09,0.04,0.24,0.02,65.0,26.0,47.0,0.39
4283,2014.0,0.2,0.21,0.0,0.04,70.0,4.0,11.0,0.45
2875,2003.0,0.35,0.27,0.0,0.09,85.0,41.0,315.0,0.71
10729,2015.0,0.0,0.08,0.0,0.01,73.0,13.0,50.0,0.1
7452,2007.0,0.09,0.0,0.11,0.01,76.0,34.0,20.0,0.21
8494,2011.0,0.06,0.1,0.0,0.0,47.0,29.0,350.0,0.16
1572,2007.0,0.39,0.72,0.0,0.15,68.0,36.0,21.0,1.26
16477,2006.0,0.0,0.01,0.0,0.0,69.0,4.0,5.0,0.01
10000,2009.0,0.03,0.02,0.05,0.01,68.0,18.0,18.0,0.11
7919,2010.0,0.11,0.05,0.0,0.03,61.0,26.0,8.0,0.19
1511,2005.0,0.27,0.02,0.0,1.02,78.0,22.0,6.0,1.3
14774,2006.0,0.03,0.0,0.0,0.0,66.0,16.0,4.0,0.03
3713,2010.0,0.22,0.23,0.03,0.05,77.0,83.0,351.0,0.54
908,2014.0,0.66,0.93,0.01,0.31,79.0,78.0,506.0,1.91
3765,2004.0,0.4,0.11,0.0,0.02,78.0,30.0,14.0,0.53
14080,2016.0,0.0,0.03,0.0,0.0,70.0,11.0,28.0,0.04
12934,2008.0,0.04,0.0,0.0,0.01,57.0,14.0,12.0,0.05
8491,2003.0,0.08,0.06,0.0,0.02,69.0,25.0,28.0,0.16
2486,2010.0,0.37,0.33,0.0,0.13,78.0,40.0,17.0,0.83
11145,2006.0,0.08,0.0,0.0,0.01,63.0,24.0,6.0,0.09
10511,2004.0,0.05,0.04,0.0,0.01,87.0,83.0,896.0,0.1
7772,2016.0,0.07,0.09,0.01,0.01,60.0,4.0,15.0,0.19
8247,2005.0,0.13,0.03,0.0,0.0,59.0,25.0,24.0,0.17
6078,2011.0,0.0,0.23,0.0,0.05,80.0,38.0,1466.0,0.29
9974,2010.0,0.09,0.0,0.01,0.01,68.0,38.0,18.0,0.12
12123,2003.0,0.03,0.03,0.0,0.01,61.0,31.0,9.0,0.07
8749,2004.0,0.11,0.03,0.0,0.01,44.0,6.0,9.0,0.15
5017,2008.0,0.21,0.0,0.0,0.17,49.0,10.0,31.0,0.38
6558,2008.0,0.08,0.15,0.0,0.03,47.0,39.0,87.0,0.26
3406,2003.0,0.36,0.08,0.14,0.02,73.0,42.0,47.0,0.59
8715,2005.0,0.14,0.0,0.0,0.01,78.0,17.0,10.0,0.15
940,2004.0,1.33,0.49,0.0,0.03,84.0,55.0,246.0,1.85
4056,2011.0,0.27,0.16,0.02,0.04,43.0,37.0,24.0,0.49
16164,2007.0,0.0,0.01,0.0,0.0,82.0,25.0,182.0,0.01
13736,2009.0,0.0,0.03,0.0,0.01,70.0,42.0,204.0,0.04
2760,2012.0,0.36,0.28,0.0,0.1,79.0,39.0,179.0,0.74
8455,2004.0,0.12,0.04,0.0,0.01,71.0,39.0,21.0,0.17
15705,2007.0,0.0,0.01,0.0,0.0,74.0,37.0,13.0,0.02
1515,2015.0,0.62,0.56,0.0,0.11,78.0,22.0,402.0,1.3
2877,2002.0,0.55,0.14,0.0,0.02,48.0,13.0,24.0,0.71
16513,2016.0,0.0,0.01,0.0,0.0,78.0,4.0,14.0,0.01
6598,2000.0,0.12,0.1,0.0,0.03,46.0,15.0,8.0,0.25
6835,2008.0,0.21,0.01,0.0,0.02,60.0,12.0,14.0,0.24
11337,2000.0,0.04,0.03,0.0,0.01,73.0,10.0,7.0,0.08
121,2009.0,3.27,2.2,0.21,0.98,96.0,105.0,5187.0,6.66
7573,2009.0,0.17,0.01,0.0,0.02,53.0,6.0,4.0,0.2
1447,2008.0,0.79,0.34,0.08,0.13,84.0,61.0,248.0,1.34
5398,2004.0,0.17,0.13,0.0,0.04,60.0,44.0,18.0,0.34
817,2010.0,0.46,0.41,0.96,0.24,89.0,66.0,443.0,2.06
8735,2009.0,0.11,0.03,0.0,0.01,48.0,36.0,17.0,0.15
778,2001.0,1.37,0.61,0.05,0.09,85.0,35.0,28.0,2.12
7022,2007.0,0.15,0.05,0.0,0.03,57.0,21.0,14.0,0.23
5849,2016.0,0.21,0.07,0.0,0.03,81.0,11.0,51.0,0.3
4187,2009.0,0.32,0.1,0.01,0.04,82.0,76.0,82.0,0.47
13755,2006.0,0.04,0.0,0.0,0.0,65.0,15.0,7.0,0.04
11199,2000.0,0.05,0.03,0.0,0.01,85.0,7.0,16.0,0.09
2603,2015.0,0.49,0.22,0.01,0.07,84.0,75.0,325.0,0.79
4260,2000.0,0.25,0.17,0.0,0.03,63.0,11.0,6.0,0.46
3080,2005.0,0.49,0.14,0.0,0.02,88.0,64.0,69.0,0.66
9872,2006.0,0.09,0.03,0.0,0.0,69.0,26.0,9.0,0.12
7556,2007.0,0.19,0.0,0.0,0.02,57.0,16.0,10.0,0.2
2555,2005.0,0.03,0.02,0.74,0.01,75.0,58.0,73.0,0.8
507,2012.0,2.53,0.15,0.0,0.17,81.0,36.0,179.0,2.86
12864,2016.0,0.03,0.02,0.0,0.0,35.0,17.0,74.0,0.05
3463,2005.0,0.33,0.22,0.0,0.03,85.0,46.0,28.0,0.58
9080,2008.0,0.13,0.0,0.0,0.01,64.0,12.0,12.0,0.14
179,2014.0,3.22,1.55,0.01,0.48,81.0,53.0,898.0,5.27
5245,2013.0,0.14,0.05,0.12,0.05,78.0,15.0,198.0,0.35
2396,2008.0,0.33,0.44,0.01,0.09,87.0,62.0,131.0,0.87
7826,2010.0,0.14,0.03,0.0,0.01,74.0,46.0,24.0,0.19
6124,2009.0,0.15,0.06,0.05,0.02,76.0,29.0,47.0,0.28
1991,2006.0,0.87,0.03,0.0,0.14,73.0,25.0,6.0,1.04
878,2003.0,0.95,0.74,0.0,0.25,80.0,33.0,41.0,1.94
4720,2001.0,0.11,0.08,0.19,0.03,75.0,16.0,30.0,0.41
1480,2010.0,0.9,0.31,0.0,0.11,84.0,70.0,80.0,1.32
1868,2008.0,0.31,0.56,0.03,0.2,87.0,39.0,109.0,1.1
7361,2001.0,0.1,0.08,0.0,0.03,84.0,18.0,11.0,0.21
9422,2002.0,0.06,0.05,0.0,0.02,65.0,9.0,77.0,0.13
7479,2001.0,0.09,0.03,0.08,0.0,82.0,16.0,8.0,0.21
6721,2006.0,0.12,0.09,0.0,0.03,51.0,32.0,13.0,0.25
10068,2005.0,0.06,0.04,0.0,0.01,73.0,41.0,23.0,0.11
16480,2002.0,0.01,0.0,0.0,0.0,61.0,12.0,7.0,0.01
3175,2006.0,0.55,0.03,0.0,0.05,81.0,50.0,45.0,0.63
8081,2011.0,0.12,0.04,0.0,0.03,70.0,4.0,5.0,0.18
13968,2004.0,0.03,0.01,0.0,0.0,75.0,7.0,11.0,0.04
6050,2003.0,0.01,0.24,0.0,0.03,84.0,36.0,268.0,0.29
12187,2004.0,0.03,0.03,0.0,0.01,61.0,25.0,6.0,0.07
5162,2006.0,0.3,0.03,0.0,0.03,87.0,51.0,105.0,0.36
4468,2003.0,0.21,0.17,0.0,0.06,73.0,36.0,53.0,0.43
7955,2010.0,0.17,0.0,0.0,0.01,74.0,19.0,4.0,0.19
827,2002.0,1.47,0.48,0.05,0.06,75.0,26.0,41.0,2.05
5887,2012.0,0.28,0.0,0.0,0.02,63.0,6.0,38.0,0.3
12248,2004.0,0.03,0.03,0.0,0.01,64.0,31.0,51.0,0.07
12167,2002.0,0.05,0.01,0.0,0.0,84.0,22.0,7.0,0.07
2904,2001.0,0.52,0.16,0.0,0.02,58.0,28.0,14.0,0.7
4839,2008.0,0.13,0.2,0.0,0.07,67.0,31.0,7.0,0.4
2425,2003.0,0.17,0.13,0.51,0.04,72.0,15.0,39.0,0.86
597,2007.0,2.14,0.08,0.0,0.35,78.0,11.0,17.0,2.57
324,2007.0,0.86,1.56,1.05,0.35,59.0,22.0,4.0,3.83
4576,2013.0,0.16,0.17,0.0,0.1,61.0,38.0,106.0,0.42
3383,2008.0,0.34,0.2,0.0,0.06,56.0,9.0,17.0,0.59
7723,2012.0,0.18,0.0,0.0,0.02,68.0,8.0,5.0,0.19
1008,2010.0,0.45,0.92,0.06,0.32,83.0,66.0,291.0,1.75
12835,2016.0,0.01,0.04,0.0,0.0,86.0,20.0,580.0,0.06
10214,2011.0,0.05,0.05,0.0,0.02,50.0,40.0,28.0,0.11
5619,2009.0,0.09,0.15,0.0,0.08,55.0,13.0,10.0,0.32
1527,2009.0,1.2,0.0,0.0,0.09,56.0,4.0,5.0,1.29
6236,2002.0,0.14,0.11,0.0,0.04,57.0,9.0,4.0,0.28
8367,2005.0,0.13,0.03,0.0,0.0,80.0,27.0,14.0,0.17
13777,2016.0,0.03,0.0,0.0,0.01,72.0,26.0,19.0,0.04
6897,2004.0,0.12,0.09,0.0,0.03,85.0,49.0,54.0,0.24
4176,2007.0,0.41,0.02,0.0,0.04,66.0,57.0,156.0,0.47
1162,2006.0,1.15,0.36,0.04,0.04,96.0,16.0,568.0,1.59
2629,2007.0,0.49,0.04,0.21,0.04,88.0,59.0,283.0,0.78
5669,2004.0,0.24,0.07,0.0,0.01,81.0,50.0,31.0,0.32
10139,2006.0,0.1,0.0,0.0,0.01,59.0,15.0,9.0,0.11
977,2007.0,0.89,0.74,0.07,0.09,90.0,62.0,491.0,1.79
4967,2013.0,0.22,0.13,0.0,0.04,33.0,12.0,30.0,0.38
2103,2005.0,0.86,0.03,0.01,0.08,44.0,19.0,25.0,0.98
3911,2009.0,0.12,0.27,0.06,0.05,82.0,13.0,17.0,0.51
13734,2004.0,0.0,0.03,0.0,0.01,75.0,20.0,40.0,0.04
9527,2011.0,0.09,0.03,0.0,0.01,42.0,6.0,7.0,0.13
6790,2002.0,0.12,0.09,0.0,0.03,63.0,20.0,20.0,0.24
11086,2009.0,0.08,0.0,0.0,0.01,69.0,15.0,8.0,0.09
9766,2013.0,0.08,0.02,0.01,0.01,64.0,38.0,144.0,0.12
10518,2012.0,0.09,0.0,0.0,0.01,72.0,7.0,27.0,0.1
6360,2003.0,0.21,0.05,0.0,0.01,84.0,17.0,4.0,0.27
7508,2014.0,0.08,0.06,0.01,0.05,73.0,28.0,133.0,0.2
8618,2006.0,0.14,0.0,0.0,0.01,64.0,20.0,17.0,0.16
1731,2010.0,0.59,0.45,0.0,0.14,84.0,39.0,2754.0,1.17
11208,2008.0,0.08,0.0,0.0,0.01,28.0,5.0,11.0,0.09
1819,2001.0,0.55,0.43,0.0,0.14,57.0,15.0,9.0,1.12
6630,2015.0,0.12,0.01,0.1,0.02,67.0,31.0,54.0,0.25
14098,2008.0,0.0,0.03,0.0,0.01,90.0,26.0,607.0,0.04
661,2010.0,2.04,0.15,0.0,0.2,83.0,36.0,68.0,2.38
3623,2005.0,0.34,0.01,0.15,0.06,94.0,53.0,439.0,0.55
3662,2003.0,0.39,0.15,0.0,0.01,79.0,28.0,19.0,0.55
6145,2006.0,0.25,0.0,0.0,0.02,52.0,34.0,17.0,0.28
10764,2006.0,0.09,0.0,0.0,0.01,71.0,8.0,27.0,0.1
14493,2005.0,0.02,0.01,0.0,0.0,54.0,5.0,4.0,0.03
6334,2005.0,0.13,0.1,0.0,0.03,75.0,52.0,62.0,0.27
2499,2011.0,0.4,0.26,0.05,0.11,82.0,52.0,1197.0,0.83
4340,2007.0,0.39,0.02,0.01,0.04,53.0,17.0,17.0,0.45
1081,2002.0,1.18,0.27,0.17,0.06,92.0,44.0,200.0,1.68
7718,2006.0,0.07,0.06,0.04,0.02,75.0,30.0,15.0,0.19
8038,2008.0,0.02,0.14,0.0,0.03,83.0,36.0,721.0,0.18
11726,2016.0,0.05,0.0,0.02,0.01,81.0,18.0,72.0,0.08
7651,2012.0,0.14,0.03,0.01,0.02,75.0,21.0,20.0,0.2
5358,2009.0,0.14,0.15,0.0,0.06,73.0,37.0,62.0,0.34
1600,2004.0,0.52,0.56,0.0,0.17,87.0,45.0,34.0,1.25
1122,2002.0,0.8,0.63,0.0,0.21,88.0,18.0,18.0,1.64
9107,2002.0,0.11,0.03,0.0,0.0,77.0,16.0,7.0,0.14
3241,2004.0,0.37,0.22,0.0,0.03,72.0,6.0,25.0,0.62
13385,2016.0,0.01,0.03,0.0,0.0,87.0,12.0,84.0,0.05
9016,2007.0,0.11,0.03,0.0,0.0,60.0,7.0,7.0,0.14
14593,2007.0,0.03,0.0,0.0,0.0,55.0,35.0,6.0,0.03
2247,2015.0,0.68,0.08,0.0,0.17,80.0,44.0,190.0,0.92
5968,2009.0,0.2,0.07,0.0,0.03,61.0,18.0,6.0,0.29
13221,2009.0,0.0,0.04,0.0,0.01,89.0,22.0,352.0,0.05
3767,2014.0,0.35,0.13,0.0,0.05,70.0,17.0,20.0,0.53
1055,2010.0,0.59,0.87,0.0,0.23,74.0,17.0,77.0,1.7
696,2004.0,1.38,0.8,0.0,0.1,77.0,35.0,27.0,2.28
8248,2003.0,0.13,0.04,0.0,0.01,82.0,35.0,15.0,0.17
11451,2016.0,0.03,0.04,0.0,0.01,85.0,27.0,488.0,0.08
12512,2007.0,0.05,0.0,0.0,0.0,48.0,24.0,23.0,0.06
15829,2003.0,0.01,0.0,0.0,0.0,71.0,19.0,6.0,0.02
1918,2008.0,0.47,0.4,0.03,0.17,85.0,59.0,245.0,1.07
11602,2009.0,0.07,0.0,0.0,0.01,49.0,8.0,8.0,0.08
1157,2003.0,1.05,0.44,0.06,0.04,72.0,49.0,125.0,1.6
8745,2015.0,0.07,0.07,0.0,0.01,75.0,23.0,101.0,0.15
9956,2016.0,0.0,0.11,0.0,0.01,84.0,12.0,160.0,0.12
4590,2004.0,0.3,0.11,0.0,0.01,72.0,8.0,4.0,0.42
628,2012.0,1.73,0.43,0.05,0.27,90.0,26.0,99.0,2.47
10498,2003.0,0.05,0.04,0.0,0.01,72.0,28.0,14.0,0.1
10889,2002.0,0.07,0.02,0.0,0.0,84.0,18.0,16.0,0.09
9280,2014.0,0.0,0.0,0.13,0.0,84.0,38.0,85.0,0.14
3351,2007.0,0.28,0.25,0.0,0.06,43.0,7.0,8.0,0.6
4922,2000.0,0.16,0.13,0.06,0.04,62.0,13.0,8.0,0.39
4146,2008.0,0.23,0.16,0.01,0.07,72.0,47.0,70.0,0.47
14041,2006.0,0.02,0.01,0.0,0.0,68.0,22.0,4.0,0.04
11245,2013.0,0.04,0.03,0.0,0.01,42.0,5.0,21.0,0.09
981,2003.0,1.25,0.29,0.0,0.24,85.0,41.0,47.0,1.78
13625,2003.0,0.0,0.04,0.0,0.0,78.0,23.0,38.0,0.04
670,2009.0,2.03,0.13,0.0,0.21,85.0,41.0,58.0,2.37
10327,2015.0,0.0,0.01,0.09,0.0,69.0,35.0,79.0,0.11
8437,2004.0,0.08,0.06,0.0,0.02,72.0,28.0,5.0,0.17
13536,2016.0,0.01,0.04,0.0,0.0,83.0,15.0,1620.0,0.04
14011,2004.0,0.02,0.01,0.0,0.0,53.0,28.0,4.0,0.04
15060,2007.0,0.0,0.02,0.0,0.0,78.0,20.0,20.0,0.02
4531,2015.0,0.1,0.25,0.02,0.06,76.0,54.0,267.0,0.43
349,2007.0,0.05,0.0,0.64,2.93,82.0,10.0,38.0,3.63
2850,2002.0,0.51,0.19,0.0,0.01,82.0,20.0,11.0,0.72
4587,2009.0,0.39,0.0,0.0,0.03,70.0,12.0,9.0,0.42
1023,2012.0,0.41,0.44,0.72,0.17,78.0,38.0,444.0,1.74
2758,2011.0,0.14,0.48,0.0,0.12,80.0,20.0,771.0,0.74
6293,2010.0,0.15,0.09,0.0,0.03,41.0,35.0,54.0,0.27
3229,2006.0,0.48,0.13,0.0,0.02,82.0,14.0,5.0,0.62
10579,2009.0,0.0,0.08,0.0,0.02,70.0,41.0,77.0,0.1
10459,2013.0,0.0,0.1,0.0,0.01,74.0,9.0,239.0,0.1
8483,2009.0,0.14,0.01,0.0,0.01,25.0,27.0,41.0,0.16
6419,2002.0,0.11,0.09,0.03,0.03,46.0,14.0,11.0,0.26
2296,2013.0,0.51,0.31,0.01,0.08,76.0,45.0,344.0,0.9
10071,2005.0,0.08,0.02,0.0,0.0,75.0,55.0,16.0,0.11
11092,2011.0,0.07,0.01,0.0,0.01,66.0,5.0,51.0,0.09
5314,2005.0,0.17,0.13,0.0,0.04,70.0,15.0,9.0,0.35
1401,2015.0,1.03,0.21,0.0,0.14,86.0,21.0,279.0,1.38
1050,2007.0,1.15,0.4,0.0,0.15,20.0,13.0,41.0,1.7
9091,2002.0,0.11,0.03,0.0,0.01,72.0,12.0,4.0,0.14
1656,2011.0,0.55,0.44,0.14,0.09,85.0,69.0,206.0,1.21
4505,2013.0,0.22,0.14,0.0,0.08,74.0,12.0,181.0,0.43
9191,2005.0,0.1,0.04,0.0,0.0,71.0,5.0,6.0,0.14
3957,2008.0,0.19,0.22,0.0,0.09,54.0,30.0,28.0,0.5
8373,2003.0,0.12,0.04,0.0,0.0,73.0,17.0,11.0,0.17
12071,2008.0,0.06,0.0,0.0,0.01,33.0,19.0,16.0,0.07
3356,2009.0,0.32,0.12,0.11,0.04,81.0,58.0,101.0,0.6
5415,2005.0,0.28,0.03,0.0,0.03,79.0,76.0,107.0,0.34
15489,2016.0,0.02,0.0,0.0,0.0,79.0,9.0,15.0,0.02
10396,2005.0,0.08,0.02,0.0,0.0,54.0,35.0,5.0,0.11
9373,2009.0,0.12,0.0,0.0,0.01,64.0,12.0,4.0,0.13
11892,2016.0,0.0,0.07,0.0,0.0,89.0,56.0,1848.0,0.07
13504,2008.0,0.04,0.0,0.0,0.0,48.0,33.0,18.0,0.04
4007,2004.0,0.41,0.02,0.03,0.04,61.0,46.0,6.0,0.49
680,2015.0,1.95,0.15,0.0,0.24,86.0,14.0,115.0,2.34
12774,2005.0,0.03,0.02,0.0,0.01,73.0,28.0,11.0,0.06
62,2012.0,3.66,3.14,2.47,0.63,78.0,70.0,424.0,9.9
5521,2005.0,0.25,0.07,0.0,0.01,88.0,20.0,16.0,0.33
1607,2008.0,0.69,0.0,0.0,0.55,78.0,9.0,34.0,1.24
1168,2012.0,0.88,0.26,0.34,0.1,75.0,54.0,267.0,1.58
7943,2008.0,0.12,0.04,0.0,0.02,59.0,11.0,6.0,0.19
15753,2002.0,0.01,0.0,0.0,0.0,55.0,15.0,5.0,0.02
13678,2007.0,0.04,0.0,0.0,0.0,75.0,30.0,23.0,0.04
297,2000.0,1.68,1.51,0.51,0.35,85.0,25.0,117.0,4.05
9921,2011.0,0.08,0.03,0.0,0.01,50.0,7.0,12.0,0.12
13189,2003.0,0.04,0.01,0.0,0.0,75.0,16.0,15.0,0.05
1982,2003.0,0.51,0.4,0.0,0.13,81.0,22.0,17.0,1.04
8356,2004.0,0.08,0.06,0.0,0.02,46.0,35.0,13.0,0.17
8710,2003.0,0.08,0.06,0.0,0.02,64.0,23.0,63.0,0.15
16516,2004.0,0.0,0.01,0.0,0.0,87.0,6.0,44.0,0.01
8039,2010.0,0.11,0.05,0.0,0.02,39.0,5.0,13.0,0.18
5485,2004.0,0.17,0.06,0.09,0.01,74.0,10.0,12.0,0.33
10822,2016.0,0.05,0.04,0.0,0.01,78.0,14.0,8.0,0.1
14727,2008.0,0.0,0.02,0.0,0.0,69.0,25.0,21.0,0.03
999,2002.0,1.23,0.46,0.0,0.07,84.0,29.0,27.0,1.76
7764,2010.0,0.15,0.02,0.02,0.01,63.0,30.0,7.0,0.19
7540,2015.0,0.05,0.12,0.0,0.03,62.0,26.0,88.0,0.2
11327,2011.0,0.05,0.02,0.0,0.01,51.0,9.0,6.0,0.08
3804,2005.0,0.26,0.2,0.0,0.07,68.0,36.0,24.0,0.53
7600,2005.0,0.15,0.04,0.0,0.01,72.0,31.0,6.0,0.2
12521,2007.0,0.0,0.05,0.0,0.01,83.0,41.0,523.0,0.06
8260,2005.0,0.13,0.03,0.0,0.0,87.0,32.0,7.0,0.17
5603,2011.0,0.14,0.13,0.0,0.05,43.0,21.0,27.0,0.32
2478,2000.0,0.24,0.19,0.34,0.06,75.0,17.0,24.0,0.83
15643,2005.0,0.0,0.02,0.0,0.0,76.0,18.0,19.0,0.02
6708,2008.0,0.18,0.05,0.0,0.02,57.0,18.0,7.0,0.25
14553,2007.0,0.03,0.0,0.0,0.0,79.0,21.0,18.0,0.03
3339,2013.0,0.33,0.22,0.0,0.05,71.0,10.0,58.0,0.6
3515,2009.0,0.38,0.12,0.0,0.07,88.0,35.0,40.0,0.57
13876,2003.0,0.0,0.03,0.0,0.01,94.0,30.0,1520.0,0.04
2310,2007.0,0.74,0.03,0.01,0.12,50.0,14.0,28.0,0.9
14598,2009.0,0.0,0.02,0.0,0.0,67.0,28.0,8.0,0.03
10819,2006.0,0.0,0.08,0.0,0.02,88.0,39.0,648.0,0.1
4815,2011.0,0.26,0.1,0.0,0.04,77.0,60.0,40.0,0.4
7252,2003.0,0.11,0.08,0.0,0.03,61.0,13.0,65.0,0.22
15232,2005.0,0.0,0.02,0.0,0.0,84.0,21.0,44.0,0.02
3306,2005.0,0.27,0.1,0.22,0.01,85.0,30.0,70.0,0.61
1364,2012.0,0.48,0.62,0.06,0.26,55.0,22.0,250.0,1.41
5796,2001.0,0.15,0.12,0.0,0.04,52.0,14.0,8.0,0.31
517,2002.0,1.96,0.67,0.1,0.09,97.0,70.0,747.0,2.82
15151,2006.0,0.02,0.0,0.0,0.0,59.0,8.0,11.0,0.02
15076,2012.0,0.02,0.01,0.0,0.0,65.0,11.0,4.0,0.02
5659,2003.0,0.24,0.07,0.0,0.01,74.0,29.0,16.0,0.32
9536,2004.0,0.06,0.05,0.0,0.02,78.0,42.0,48.0,0.13
10679,2005.0,0.09,0.0,0.0,0.01,75.0,37.0,24.0,0.1
13580,2014.0,0.02,0.02,0.0,0.0,35.0,8.0,78.0,0.04
9034,2004.0,0.07,0.05,0.0,0.02,76.0,48.0,23.0,0.14
15755,2009.0,0.0,0.01,0.0,0.0,67.0,15.0,54.0,0.02
7441,2001.0,0.16,0.04,0.0,0.01,79.0,13.0,7.0,0.21
6786,2000.0,0.14,0.09,0.0,0.02,48.0,8.0,7.0,0.24
7198,2004.0,0.16,0.05,0.0,0.01,77.0,44.0,23.0,0.22
8911,2005.0,0.11,0.03,0.0,0.0,84.0,30.0,14.0,0.15
855,2007.0,0.48,1.27,0.0,0.24,71.0,19.0,9.0,2.0
12239,2011.0,0.06,0.0,0.0,0.0,47.0,4.0,9.0,0.07
8982,2012.0,0.01,0.11,0.0,0.02,80.0,15.0,115.0,0.15
1761,2004.0,0.56,0.44,0.0,0.15,43.0,5.0,13.0,1.15
2854,2010.0,0.66,0.0,0.0,0.06,91.0,33.0,107.0,0.72
6266,2001.0,0.2,0.06,0.0,0.01,79.0,20.0,11.0,0.27
9108,2007.0,0.12,0.01,0.0,0.01,71.0,23.0,29.0,0.14
13659,2000.0,0.02,0.02,0.0,0.0,74.0,7.0,13.0,0.04
2194,2011.0,0.39,0.39,0.0,0.16,77.0,18.0,42.0,0.94
3815,1999.0,0.0,0.0,0.52,0.0,82.0,24.0,16.0,0.52
2506,2010.0,0.64,0.12,0.0,0.06,86.0,66.0,23.0,0.82
5925,2006.0,0.0,0.25,0.0,0.04,79.0,30.0,38.0,0.3
3420,2008.0,0.24,0.28,0.0,0.06,80.0,34.0,46.0,0.59
10450,2006.0,0.09,0.0,0.0,0.01,79.0,22.0,33.0,0.1
2903,2014.0,0.38,0.26,0.0,0.06,86.0,4.0,18.0,0.7
3243,2009.0,0.28,0.24,0.0,0.1,86.0,44.0,48.0,0.62
16290,2007.0,0.0,0.0,0.01,0.0,80.0,20.0,16.0,0.01
5457,2005.0,0.26,0.07,0.0,0.01,73.0,22.0,8.0,0.33
6115,2005.0,0.21,0.06,0.0,0.01,58.0,34.0,20.0,0.28
5317,2016.0,0.19,0.12,0.0,0.03,71.0,18.0,15.0,0.35
4888,2010.0,0.27,0.09,0.0,0.03,75.0,30.0,24.0,0.39
13710,2002.0,0.01,0.02,0.0,0.01,92.0,6.0,77.0,0.04
13280,2008.0,0.04,0.0,0.0,0.0,56.0,14.0,15.0,0.05
1456,2010.0,0.25,0.75,0.08,0.26,84.0,46.0,83.0,1.34
2342,2011.0,0.52,0.25,0.0,0.11,80.0,41.0,17.0,0.89
9125,2002.0,0.07,0.05,0.0,0.02,78.0,21.0,7.0,0.14
1533,2007.0,0.68,0.47,0.0,0.13,66.0,32.0,30.0,1.29
9169,2006.0,0.13,0.0,0.0,0.01,53.0,4.0,8.0,0.14
1172,2011.0,0.6,0.69,0.02,0.26,76.0,38.0,253.0,1.58
4580,2004.0,0.32,0.09,0.0,0.02,88.0,32.0,14.0,0.42
801,2002.0,1.11,0.71,0.0,0.27,44.0,7.0,11.0,2.08
6747,2005.0,0.19,0.05,0.0,0.01,82.0,34.0,26.0,0.25
2901,2007.0,0.65,0.0,0.0,0.05,81.0,30.0,44.0,0.7
6033,2009.0,0.26,0.01,0.0,0.02,68.0,5.0,6.0,0.29
3936,2009.0,0.26,0.2,0.0,0.05,73.0,69.0,141.0,0.51
6235,2003.0,0.2,0.07,0.0,0.0,91.0,29.0,127.0,0.28
8369,2009.0,0.14,0.02,0.0,0.01,51.0,47.0,12.0,0.17
4530,2010.0,0.19,0.17,0.0,0.07,64.0,49.0,117.0,0.43
2383,2012.0,0.38,0.4,0.01,0.08,80.0,47.0,468.0,0.87
2505,2006.0,0.69,0.03,0.0,0.11,81.0,29.0,33.0,0.82
5302,2010.0,0.23,0.09,0.0,0.02,79.0,63.0,55.0,0.35
15377,1998.0,0.0,0.02,0.0,0.0,93.0,20.0,326.0,0.02
1553,2008.0,0.72,0.03,0.0,0.52,77.0,8.0,17.0,1.27
8050,2012.0,0.0,0.16,0.0,0.02,73.0,7.0,5.0,0.18
15349,2006.0,0.01,0.01,0.0,0.0,84.0,36.0,366.0,0.02
1561,2002.0,0.49,0.38,0.26,0.13,75.0,35.0,60.0,1.27
5018,2011.0,0.16,0.16,0.0,0.06,84.0,22.0,1263.0,0.38
247,2015.0,1.54,1.18,1.46,0.26,81.0,88.0,1184.0,4.43
1830,2009.0,0.21,0.2,0.62,0.08,79.0,77.0,165.0,1.12
11299,2012.0,0.07,0.0,0.0,0.01,76.0,4.0,15.0,0.08
5104,2013.0,0.16,0.14,0.0,0.07,74.0,28.0,26.0,0.37
11411,2009.0,0.06,0.01,0.0,0.01,71.0,4.0,5.0,0.08
1956,2002.0,0.52,0.4,0.0,0.14,63.0,9.0,10.0,1.06
2283,2008.0,0.48,0.32,0.02,0.09,56.0,26.0,57.0,0.91
13524,2005.0,0.03,0.01,0.0,0.0,64.0,24.0,27.0,0.04
3776,2005.0,0.32,0.19,0.0,0.01,89.0,65.0,66.0,0.53
5564,2015.0,0.16,0.04,0.1,0.02,80.0,32.0,71.0,0.32
16423,2007.0,0.0,0.01,0.0,0.0,76.0,20.0,46.0,0.01
8981,2007.0,0.12,0.02,0.0,0.01,50.0,14.0,13.0,0.15
8839,2001.0,0.07,0.06,0.0,0.02,83.0,13.0,9.0,0.15
4972,2006.0,0.33,0.02,0.0,0.03,78.0,35.0,49.0,0.38
13493,2007.0,0.0,0.04,0.0,0.01,67.0,8.0,12.0,0.04
1169,2008.0,0.94,0.48,0.01,0.15,69.0,8.0,6.0,1.58
10713,2004.0,0.07,0.02,0.0,0.0,67.0,21.0,6.0,0.1
256,2006.0,1.74,1.72,0.14,0.75,86.0,70.0,715.0,4.34
3928,2004.0,0.37,0.11,0.0,0.02,82.0,35.0,8.0,0.51
652,2007.0,0.69,0.0,0.04,1.68,62.0,11.0,34.0,2.41
11359,2004.0,0.06,0.02,0.0,0.0,77.0,20.0,15.0,0.08
859,2009.0,1.06,0.26,0.53,0.13,75.0,53.0,162.0,1.98
2778,2013.0,0.31,0.35,0.02,0.06,82.0,8.0,71.0,0.74
7997,2003.0,0.09,0.07,0.0,0.02,72.0,27.0,47.0,0.18
4221,2007.0,0.38,0.05,0.0,0.04,69.0,34.0,28.0,0.46
415,2008.0,0.6,1.57,0.82,0.27,86.0,62.0,111.0,3.26
6023,2014.0,0.11,0.15,0.0,0.02,75.0,55.0,703.0,0.29
3915,2009.0,0.0,0.46,0.0,0.05,91.0,67.0,3542.0,0.51
10008,2003.0,0.06,0.04,0.0,0.01,67.0,15.0,5.0,0.11
15355,2008.0,0.0,0.02,0.0,0.0,77.0,15.0,36.0,0.02
8732,2003.0,0.12,0.03,0.0,0.0,89.0,16.0,6.0,0.15
936,2008.0,1.11,0.56,0.0,0.18,71.0,18.0,75.0,1.86
1315,2004.0,0.71,0.55,0.0,0.19,73.0,42.0,70.0,1.45
10861,2008.0,0.09,0.0,0.0,0.01,70.0,8.0,6.0,0.09
14040,2012.0,0.0,0.0,0.04,0.0,68.0,13.0,15.0,0.04
394,2011.0,1.83,1.05,0.06,0.46,91.0,86.0,657.0,3.39
13087,2003.0,0.04,0.01,0.0,0.0,82.0,4.0,9.0,0.05
3051,2010.0,0.42,0.17,0.01,0.05,83.0,70.0,237.0,0.66
3277,2006.0,0.02,0.02,0.57,0.01,58.0,26.0,13.0,0.61
5159,2011.0,0.09,0.21,0.0,0.07,69.0,18.0,338.0,0.36
3757,2000.0,0.3,0.2,0.0,0.03,51.0,16.0,14.0,0.53
35,2012.0,8.25,4.24,0.07,1.12,83.0,73.0,2256.0,13.67
1056,2016.0,0.63,0.76,0.03,0.27,71.0,94.0,5096.0,1.7
1907,2008.0,0.43,0.4,0.0,0.24,70.0,10.0,49.0,1.08
7852,2006.0,0.02,0.01,0.16,0.0,61.0,22.0,10.0,0.19
686,1999.0,1.58,0.64,0.0,0.09,86.0,14.0,28.0,2.31
8030,2001.0,0.14,0.04,0.0,0.01,61.0,21.0,7.0,0.18
2008,2008.0,0.46,0.47,0.0,0.11,67.0,12.0,8.0,1.03
15949,2005.0,0.02,0.0,0.0,0.0,33.0,14.0,9.0,0.02
5612,2008.0,0.08,0.18,0.0,0.06,63.0,37.0,19.0,0.32
7282,2005.0,0.17,0.04,0.0,0.01,70.0,11.0,6.0,0.22
11767,2005.0,0.04,0.03,0.0,0.01,72.0,14.0,13.0,0.07
1848,2015.0,0.3,0.52,0.12,0.16,69.0,50.0,598.0,1.11
6132,2006.0,0.24,0.0,0.01,0.02,71.0,60.0,72.0,0.28
3475,2012.0,0.16,0.32,0.02,0.08,79.0,45.0,79.0,0.58
2122,2007.0,0.78,0.03,0.03,0.13,75.0,37.0,67.0,0.97
2559,2004.0,0.39,0.31,0.0,0.1,80.0,39.0,43.0,0.8
15041,2004.0,0.02,0.01,0.0,0.0,70.0,19.0,8.0,0.02
2862,2002.0,0.67,0.02,0.0,0.03,92.0,16.0,16.0,0.71
3594,2007.0,0.49,0.02,0.0,0.04,72.0,59.0,44.0,0.56
1442,2007.0,0.2,0.76,0.0,0.39,79.0,7.0,15.0,1.35
8532,2008.0,0.15,0.0,0.0,0.01,37.0,4.0,8.0,0.16
311,2003.0,2.29,1.17,0.01,0.42,90.0,38.0,121.0,3.9
3934,2012.0,0.29,0.18,0.0,0.04,77.0,47.0,39.0,0.51
578,2011.0,0.78,0.73,0.89,0.23,79.0,53.0,707.0,2.63
11114,2009.0,0.07,0.01,0.0,0.01,36.0,36.0,40.0,0.09
11840,2015.0,0.06,0.0,0.0,0.01,62.0,19.0,61.0,0.07
5031,2003.0,0.24,0.06,0.07,0.01,55.0,21.0,22.0,0.38
15847,2011.0,0.0,0.01,0.0,0.0,72.0,6.0,16.0,0.02
5811,2002.0,0.23,0.07,0.0,0.01,32.0,24.0,10.0,0.31
12528,2004.0,0.05,0.01,0.0,0.0,66.0,38.0,5.0,0.06
5906,2005.0,0.15,0.11,0.0,0.04,74.0,24.0,13.0,0.3
3133,2004.0,0.32,0.25,0.0,0.08,64.0,38.0,129.0,0.64
9229,2007.0,0.11,0.02,0.0,0.01,72.0,24.0,12.0,0.14
1974,2002.0,0.51,0.4,0.0,0.13,89.0,21.0,22.0,1.05
1106,2005.0,0.96,0.12,0.54,0.04,72.0,29.0,71.0,1.66
2101,2005.0,0.5,0.19,0.28,0.02,54.0,27.0,34.0,0.98
6990,2012.0,0.08,0.13,0.0,0.02,75.0,53.0,53.0,0.23
11094,2008.0,0.06,0.01,0.01,0.01,84.0,29.0,13.0,0.09
2294,2009.0,0.68,0.15,0.0,0.08,73.0,75.0,82.0,0.9
11146,2015.0,0.0,0.08,0.0,0.0,76.0,30.0,338.0,0.09
10801,2006.0,0.07,0.03,0.0,0.0,86.0,4.0,12.0,0.1
266,2001.0,3.0,1.11,0.05,0.07,79.0,10.0,6.0,4.24
14197,2006.0,0.0,0.03,0.0,0.01,71.0,33.0,54.0,0.03
640,2016.0,1.46,0.74,0.0,0.22,78.0,17.0,290.0,2.42
4597,2002.0,0.35,0.05,0.0,0.02,71.0,16.0,10.0,0.42
74,2007.0,4.4,1.85,1.98,0.68,72.0,27.0,85.0,8.91
880,2008.0,1.01,0.62,0.02,0.29,87.0,55.0,455.0,1.94
7346,2009.0,0.14,0.05,0.0,0.02,25.0,4.0,48.0,0.21
7991,2009.0,0.17,0.0,0.0,0.01,71.0,33.0,5.0,0.18
1361,2010.0,0.09,0.07,1.24,0.02,77.0,33.0,15.0,1.41
1422,2014.0,0.87,0.34,0.02,0.13,83.0,21.0,371.0,1.36
14539,2003.0,0.0,0.03,0.0,0.0,74.0,8.0,70.0,0.03
2255,2006.0,0.55,0.21,0.0,0.16,48.0,9.0,13.0,0.92
4554,2006.0,0.11,0.2,0.0,0.12,65.0,24.0,6.0,0.42
4952,2013.0,0.05,0.04,0.28,0.01,75.0,5.0,26.0,0.39
2484,2011.0,0.78,0.0,0.0,0.05,82.0,17.0,41.0,0.83
1059,2005.0,1.22,0.34,0.04,0.1,82.0,59.0,64.0,1.69
1333,2002.0,1.16,0.08,0.0,0.19,91.0,19.0,27.0,1.44
1003,2001.0,0.61,0.87,0.02,0.26,84.0,25.0,21.0,1.76
2133,2006.0,0.75,0.19,0.0,0.03,84.0,25.0,16.0,0.97
972,2006.0,1.66,0.0,0.01,0.13,80.0,54.0,148.0,1.8
5082,2006.0,0.3,0.04,0.0,0.03,80.0,20.0,8.0,0.37
16534,2016.0,0.01,0.0,0.0,0.0,51.0,28.0,39.0,0.01
8596,2006.0,0.13,0.02,0.0,0.01,63.0,17.0,13.0,0.16
14274,2003.0,0.03,0.01,0.0,0.0,36.0,11.0,5.0,0.03
2054,1997.0,0.12,0.08,0.74,0.07,86.0,5.0,10.0,1.01
7220,2007.0,0.09,0.08,0.0,0.05,58.0,21.0,12.0,0.22
15776,2006.0,0.01,0.01,0.0,0.0,63.0,24.0,5.0,0.02
4161,2009.0,0.19,0.2,0.01,0.08,79.0,48.0,98.0,0.47
949,2007.0,0.82,0.82,0.0,0.2,67.0,25.0,66.0,1.83
9569,2008.0,0.12,0.0,0.0,0.01,73.0,11.0,17.0,0.13
5430,2007.0,0.29,0.02,0.0,0.03,58.0,42.0,21.0,0.34
900,2003.0,1.03,0.8,0.0,0.09,80.0,22.0,31.0,1.92
10097,2008.0,0.08,0.02,0.0,0.01,75.0,19.0,75.0,0.11
3294,2010.0,0.21,0.21,0.11,0.08,84.0,61.0,304.0,0.61
5615,2000.0,0.18,0.12,0.0,0.02,85.0,10.0,5.0,0.32
10826,2016.0,0.0,0.02,0.07,0.0,62.0,4.0,10.0,0.1
6018,2005.0,0.15,0.01,0.12,0.01,70.0,51.0,42.0,0.29
397,2008.0,2.04,1.02,0.0,0.32,76.0,49.0,75.0,3.38
7174,2012.0,0.13,0.02,0.06,0.01,54.0,35.0,28.0,0.22
8660,2003.0,0.12,0.03,0.0,0.0,89.0,16.0,6.0,0.16
12832,2008.0,0.05,0.0,0.0,0.0,52.0,23.0,7.0,0.06
8857,2002.0,0.11,0.03,0.0,0.01,74.0,22.0,6.0,0.15
1183,2014.0,1.31,0.09,0.0,0.16,80.0,19.0,138.0,1.57
2076,2000.0,0.74,0.21,0.0,0.04,79.0,24.0,10.0,0.99
13745,2016.0,0.0,0.04,0.0,0.0,78.0,57.0,569.0,0.04
13519,2002.0,0.0,0.04,0.0,0.01,88.0,27.0,863.0,0.04
1654,2007.0,0.51,0.04,0.62,0.05,85.0,52.0,164.0,1.21
10439,2003.0,0.08,0.02,0.0,0.0,70.0,21.0,10.0,0.1
2279,2011.0,0.25,0.13,0.46,0.06,57.0,25.0,57.0,0.91
8889,2016.0,0.0,0.04,0.1,0.01,60.0,5.0,8.0,0.15
5574,2005.0,0.28,0.03,0.0,0.01,89.0,41.0,10.0,0.32
163,2008.0,0.47,0.55,4.13,0.34,81.0,48.0,124.0,5.48
7822,2011.0,0.13,0.05,0.0,0.02,64.0,8.0,8.0,0.19
6855,2016.0,0.2,0.01,0.0,0.03,77.0,23.0,38.0,0.24
16501,2007.0,0.01,0.0,0.0,0.0,56.0,13.0,4.0,0.01
6983,2005.0,0.15,0.01,0.06,0.01,88.0,49.0,164.0,0.23
10767,2010.0,0.09,0.0,0.0,0.01,56.0,15.0,4.0,0.1
1191,2008.0,0.86,0.54,0.0,0.15,38.0,10.0,7.0,1.56
6118,2006.0,0.0,0.0,0.28,0.01,92.0,25.0,190.0,0.28
4265,2002.0,0.14,0.11,0.17,0.04,70.0,23.0,19.0,0.46
8758,2012.0,0.11,0.03,0.0,0.01,77.0,18.0,18.0,0.15
889,2002.0,1.42,0.4,0.0,0.12,63.0,18.0,22.0,1.94
608,2008.0,2.21,0.12,0.0,0.2,83.0,50.0,125.0,2.53
8186,2010.0,0.11,0.03,0.02,0.01,65.0,27.0,20.0,0.18
6344,2010.0,0.23,0.02,0.0,0.02,62.0,12.0,4.0,0.27
12991,2011.0,0.01,0.03,0.0,0.01,77.0,21.0,93.0,0.05
6112,2013.0,0.08,0.0,0.19,0.02,73.0,10.0,108.0,0.28
8394,2010.0,0.11,0.04,0.0,0.01,42.0,9.0,4.0,0.17
2964,2011.0,0.17,0.39,0.0,0.13,82.0,37.0,55.0,0.69
8866,2004.0,0.11,0.03,0.0,0.01,71.0,35.0,4.0,0.15
10619,2005.0,0.05,0.04,0.0,0.01,49.0,9.0,11.0,0.1
775,2004.0,1.04,0.81,0.0,0.27,77.0,26.0,20.0,2.13
12374,2004.0,0.05,0.02,0.0,0.0,68.0,19.0,6.0,0.06
5164,2001.0,0.18,0.14,0.0,0.05,58.0,15.0,14.0,0.36
4927,2008.0,0.17,0.16,0.0,0.06,82.0,37.0,89.0,0.39
6278,2008.0,0.25,0.0,0.0,0.02,38.0,28.0,17.0,0.27
8366,2012.0,0.12,0.02,0.02,0.01,73.0,38.0,105.0,0.17
9928,2013.0,0.07,0.03,0.01,0.01,58.0,43.0,142.0,0.12
5347,2006.0,0.11,0.09,0.12,0.03,62.0,23.0,24.0,0.34
3134,2014.0,0.33,0.23,0.03,0.05,68.0,5.0,25.0,0.64
433,2011.0,1.27,1.29,0.12,0.49,89.0,78.0,1010.0,3.17
2469,2007.0,0.28,0.46,0.0,0.1,51.0,15.0,19.0,0.84
1966,2009.0,0.46,0.31,0.2,0.09,75.0,55.0,60.0,1.05
3534,2011.0,0.1,0.11,0.29,0.06,74.0,4.0,8.0,0.57
13301,2006.0,0.02,0.02,0.0,0.01,70.0,6.0,27.0,0.05
3100,2008.0,0.34,0.22,0.0,0.1,82.0,34.0,9.0,0.65
6787,2005.0,0.23,0.0,0.0,0.02,80.0,26.0,18.0,0.24
5323,2004.0,0.27,0.07,0.0,0.01,81.0,30.0,4.0,0.35
2049,2008.0,0.65,0.22,0.05,0.1,81.0,74.0,302.0,1.01
2988,2004.0,0.51,0.15,0.0,0.02,85.0,47.0,20.0,0.68
8815,2005.0,0.1,0.01,0.03,0.01,75.0,30.0,12.0,0.15
795,2010.0,1.84,0.12,0.01,0.13,89.0,50.0,100.0,2.09
16503,2016.0,0.01,0.0,0.0,0.0,70.0,27.0,64.0,0.01
12513,2003.0,0.05,0.01,0.0,0.0,71.0,22.0,6.0,0.06
37,2011.0,5.54,5.73,0.49,1.57,88.0,39.0,5234.0,13.32
16410,2009.0,0.0,0.01,0.0,0.0,80.0,26.0,136.0,0.01
12179,2002.0,0.05,0.02,0.0,0.0,24.0,11.0,10.0,0.07
12401,2016.0,0.02,0.04,0.0,0.0,76.0,12.0,27.0,0.06
11196,2002.0,0.07,0.02,0.0,0.0,42.0,4.0,7.0,0.09
3897,2009.0,0.23,0.23,0.0,0.05,80.0,43.0,18.0,0.51
2036,2011.0,0.44,0.47,0.01,0.09,66.0,29.0,108.0,1.02
3157,2016.0,0.22,0.32,0.0,0.1,88.0,56.0,569.0,0.64
14972,2012.0,0.0,0.02,0.0,0.0,54.0,6.0,11.0,0.03
11316,2005.0,0.08,0.0,0.0,0.01,34.0,6.0,16.0,0.08
4625,2002.0,0.2,0.16,0.0,0.05,75.0,18.0,26.0,0.42
12659,2006.0,0.03,0.02,0.0,0.01,59.0,22.0,24.0,0.06
8992,2011.0,0.0,0.13,0.0,0.01,83.0,29.0,1613.0,0.14
5824,2003.0,0.23,0.07,0.0,0.01,76.0,41.0,30.0,0.3
16473,2007.0,0.01,0.0,0.0,0.0,61.0,7.0,4.0,0.01
5351,1999.0,0.19,0.13,0.0,0.02,89.0,14.0,15.0,0.34
11052,2008.0,0.08,0.0,0.0,0.01,80.0,32.0,27.0,0.09
104,2011.0,2.85,2.89,0.35,1.08,85.0,38.0,1761.0,7.17
1961,2011.0,0.27,0.57,0.01,0.2,87.0,52.0,122.0,1.06
2792,2007.0,0.22,0.37,0.0,0.14,79.0,30.0,7.0,0.73
1353,2004.0,1.15,0.08,0.0,0.19,80.0,36.0,45.0,1.42
5686,2004.0,0.0,0.0,0.32,0.0,71.0,29.0,19.0,0.32
447,2007.0,1.69,0.85,0.14,0.43,93.0,45.0,604.0,3.1
10760,2007.0,0.0,0.0,0.1,0.0,64.0,24.0,17.0,0.1
3902,2007.0,0.09,0.32,0.0,0.1,55.0,8.0,4.0,0.51
14930,2010.0,0.0,0.02,0.0,0.0,63.0,15.0,87.0,0.03
490,2009.0,1.82,0.7,0.15,0.26,93.0,77.0,292.0,2.94
160,2007.0,3.28,1.64,0.07,0.56,81.0,77.0,1074.0,5.54
10301,2011.0,0.02,0.07,0.0,0.02,77.0,11.0,337.0,0.11
13356,2009.0,0.04,0.0,0.0,0.0,71.0,45.0,21.0,0.05
10346,2005.0,0.08,0.02,0.0,0.0,82.0,19.0,4.0,0.11
12701,2006.0,0.03,0.02,0.0,0.01,73.0,35.0,24.0,0.06
9892,2005.0,0.06,0.05,0.0,0.02,39.0,4.0,9.0,0.12
9601,2007.0,0.1,0.01,0.0,0.01,60.0,7.0,48.0,0.13
1744,2008.0,0.51,0.51,0.01,0.13,79.0,82.0,328.0,1.16
7489,2010.0,0.11,0.08,0.0,0.02,61.0,64.0,34.0,0.21
4502,2003.0,0.18,0.07,0.17,0.01,81.0,17.0,18.0,0.43
13206,2001.0,0.02,0.02,0.0,0.01,65.0,14.0,4.0,0.05
1519,2008.0,0.72,0.39,0.0,0.19,75.0,24.0,33.0,1.29
6476,2002.0,0.2,0.05,0.0,0.01,67.0,20.0,16.0,0.26
11675,2003.0,0.06,0.02,0.0,0.0,62.0,14.0,44.0,0.08
7923,2012.0,0.09,0.06,0.02,0.02,74.0,43.0,185.0,0.19
2098,2009.0,0.23,0.64,0.0,0.11,75.0,21.0,17.0,0.98
8798,2007.0,0.11,0.0,0.04,0.01,53.0,30.0,6.0,0.15
2958,2002.0,0.53,0.14,0.0,0.02,77.0,14.0,27.0,0.69
8204,2005.0,0.09,0.07,0.0,0.02,78.0,32.0,11.0,0.17
2213,2002.0,0.59,0.3,0.0,0.04,90.0,25.0,21.0,0.93
13668,2015.0,0.01,0.0,0.02,0.0,70.0,33.0,28.0,0.04
396,2015.0,0.81,1.99,0.07,0.52,76.0,86.0,1319.0,3.39
10753,2014.0,0.0,0.09,0.0,0.01,61.0,20.0,65.0,0.1
3533,2007.0,0.49,0.04,0.0,0.04,63.0,61.0,53.0,0.57
4393,2007.0,0.04,0.26,0.0,0.14,80.0,26.0,25.0,0.44
1911,2014.0,0.51,0.47,0.0,0.09,69.0,6.0,121.0,1.08
13458,2005.0,0.04,0.0,0.0,0.0,38.0,19.0,6.0,0.05
12969,2006.0,0.03,0.02,0.0,0.01,66.0,26.0,6.0,0.05
8999,2010.0,0.09,0.0,0.04,0.01,56.0,6.0,36.0,0.14
8304,2003.0,0.13,0.04,0.0,0.01,72.0,26.0,5.0,0.17
1095,2013.0,0.83,0.66,0.0,0.18,86.0,68.0,1346.0,1.67
3683,2004.0,0.4,0.12,0.0,0.02,74.0,14.0,8.0,0.54
3492,2002.0,0.41,0.15,0.0,0.01,85.0,13.0,4.0,0.57
10320,2010.0,0.1,0.0,0.0,0.01,51.0,5.0,4.0,0.11
12193,2011.0,0.06,0.0,0.0,0.01,49.0,25.0,5.0,0.07
6751,2012.0,0.14,0.09,0.0,0.02,39.0,28.0,51.0,0.25
11610,2016.0,0.06,0.0,0.0,0.01,69.0,41.0,30.0,0.08
4727,2007.0,0.32,0.02,0.04,0.03,69.0,47.0,55.0,0.41
6631,2007.0,0.18,0.04,0.01,0.03,71.0,10.0,5.0,0.25
483,2002.0,1.36,1.15,0.04,0.41,85.0,19.0,78.0,2.96
208,2007.0,3.49,0.01,0.01,1.48,82.0,24.0,46.0,4.98
4906,2004.0,0.28,0.1,0.0,0.01,79.0,9.0,5.0,0.39
5638,2003.0,0.16,0.12,0.0,0.04,78.0,15.0,12.0,0.32
4111,2000.0,0.23,0.18,0.0,0.06,82.0,11.0,17.0,0.48
16064,2013.0,0.0,0.01,0.0,0.0,66.0,6.0,152.0,0.02
6939,2012.0,0.1,0.08,0.02,0.03,73.0,27.0,18.0,0.23
1879,2005.0,0.54,0.33,0.01,0.22,68.0,51.0,58.0,1.09
8976,2003.0,0.1,0.04,0.0,0.0,83.0,31.0,16.0,0.15
5165,2014.0,0.11,0.22,0.0,0.03,81.0,78.0,1027.0,0.36
513,2011.0,1.98,0.53,0.0,0.34,84.0,60.0,494.0,2.84
227,2000.0,3.05,1.41,0.02,0.2,98.0,19.0,299.0,4.68
10022,2002.0,0.08,0.03,0.0,0.0,76.0,20.0,7.0,0.11
13097,2008.0,0.05,0.0,0.0,0.0,60.0,16.0,8.0,0.05
7428,2007.0,0.18,0.01,0.0,0.02,67.0,16.0,19.0,0.21
1465,2004.0,1.1,0.06,0.0,0.18,90.0,28.0,51.0,1.34
3119,2009.0,0.39,0.2,0.0,0.06,80.0,51.0,20.0,0.65
352,2009.0,0.6,2.45,0.05,0.52,91.0,56.0,203.0,3.62
700,2010.0,1.07,0.99,0.0,0.22,72.0,7.0,6.0,2.28
1702,2002.0,0.86,0.27,0.01,0.04,76.0,14.0,11.0,1.19
12716,2008.0,0.04,0.0,0.01,0.0,44.0,28.0,15.0,0.06
12096,2001.0,0.0,0.0,0.07,0.0,82.0,18.0,29.0,0.07
484,2014.0,1.84,0.8,0.04,0.27,86.0,68.0,2658.0,2.95
8783,2009.0,0.13,0.01,0.0,0.01,66.0,23.0,8.0,0.15
4243,2005.0,0.38,0.01,0.0,0.06,82.0,30.0,30.0,0.46
15535,2013.0,0.0,0.0,0.02,0.0,69.0,22.0,25.0,0.02
3012,2008.0,0.35,0.21,0.01,0.1,67.0,38.0,39.0,0.67
8252,2012.0,0.07,0.08,0.0,0.02,74.0,55.0,1326.0,0.17
6912,2013.0,0.15,0.05,0.0,0.04,43.0,25.0,175.0,0.24
3787,2004.0,0.41,0.11,0.0,0.01,81.0,36.0,11.0,0.53
3994,2001.0,0.36,0.13,0.0,0.01,84.0,17.0,16.0,0.5
5395,2007.0,0.13,0.15,0.0,0.05,69.0,35.0,40.0,0.34
865,2003.0,0.71,0.58,0.51,0.17,68.0,40.0,167.0,1.97
6740,2007.0,0.23,0.0,0.0,0.02,74.0,19.0,7.0,0.25
8290,2011.0,0.08,0.06,0.0,0.03,53.0,39.0,16.0,0.17
5216,2003.0,0.27,0.08,0.0,0.01,91.0,25.0,45.0,0.36
2333,2006.0,0.44,0.27,0.0,0.18,77.0,56.0,80.0,0.89
3311,2005.0,0.44,0.16,0.0,0.01,71.0,9.0,8.0,0.61
5029,2010.0,0.15,0.16,0.0,0.07,73.0,4.0,4.0,0.38
571,2016.0,0.43,2.05,0.0,0.17,84.0,50.0,201.0,2.65
8526,2005.0,0.11,0.0,0.04,0.01,66.0,32.0,11.0,0.16
11577,2012.0,0.0,0.07,0.0,0.01,58.0,23.0,345.0,0.08
12127,2004.0,0.05,0.01,0.0,0.0,75.0,18.0,5.0,0.07
12846,2009.0,0.0,0.05,0.0,0.01,81.0,44.0,1026.0,0.06
11135,2011.0,0.07,0.0,0.02,0.0,67.0,11.0,4.0,0.09
2610,2009.0,0.17,0.5,0.0,0.11,69.0,32.0,19.0,0.79
1147,2005.0,0.98,0.38,0.2,0.04,76.0,39.0,55.0,1.61
6754,2016.0,0.09,0.13,0.0,0.02,88.0,81.0,684.0,0.25
6162,2006.0,0.12,0.1,0.03,0.03,69.0,41.0,74.0,0.28
3337,2013.0,0.12,0.1,0.34,0.05,68.0,26.0,75.0,0.6
10859,2003.0,0.05,0.04,0.0,0.01,61.0,13.0,6.0,0.09
10946,2007.0,0.08,0.0,0.0,0.01,67.0,15.0,4.0,0.09
109,1998.0,3.68,1.75,1.42,0.28,91.0,12.0,432.0,7.13
2918,2011.0,0.55,0.1,0.0,0.05,86.0,56.0,72.0,0.7
6087,2003.0,0.14,0.11,0.0,0.04,48.0,9.0,13.0,0.28
10021,2010.0,0.1,0.0,0.0,0.01,74.0,27.0,11.0,0.11
10060,2003.0,0.06,0.04,0.0,0.01,81.0,19.0,19.0,0.11
7749,2010.0,0.0,0.17,0.0,0.02,68.0,35.0,985.0,0.19
6996,2016.0,0.09,0.12,0.0,0.02,88.0,104.0,1221.0,0.23
1781,1998.0,0.25,0.17,0.65,0.07,81.0,12.0,17.0,1.14
4656,2013.0,0.19,0.16,0.0,0.07,75.0,4.0,51.0,0.41
4780,2003.0,0.31,0.08,0.0,0.01,68.0,16.0,10.0,0.4
10176,2005.0,0.08,0.02,0.0,0.0,79.0,44.0,10.0,0.11
10332,2011.0,0.05,0.01,0.04,0.01,64.0,14.0,19.0,0.11
7807,2010.0,0.0,0.15,0.0,0.04,77.0,54.0,803.0,0.19
16013,2005.0,0.01,0.01,0.0,0.0,58.0,12.0,7.0,0.02
2562,1999.0,0.45,0.3,0.0,0.05,80.0,14.0,28.0,0.8
11331,2006.0,0.04,0.03,0.0,0.01,82.0,26.0,15.0,0.08
10748,2011.0,0.05,0.04,0.0,0.01,51.0,15.0,14.0,0.1
8245,2008.0,0.14,0.02,0.0,0.01,72.0,13.0,12.0,0.17
2867,2003.0,0.35,0.27,0.0,0.09,93.0,30.0,48.0,0.71
11070,2010.0,0.06,0.01,0.01,0.01,44.0,30.0,34.0,0.09
41,2010.0,5.99,4.37,0.48,1.79,88.0,58.0,1094.0,12.63
4520,2012.0,0.26,0.11,0.0,0.06,77.0,5.0,29.0,0.43
9092,2006.0,0.11,0.0,0.02,0.02,67.0,43.0,16.0,0.14
998,2004.0,0.86,0.67,0.0,0.22,83.0,46.0,73.0,1.76
6024,2007.0,0.22,0.06,0.0,0.01,76.0,6.0,4.0,0.29
6975,2013.0,0.05,0.02,0.14,0.02,77.0,20.0,132.0,0.23
7659,2004.0,0.1,0.08,0.0,0.03,77.0,35.0,8.0,0.2
509,2013.0,1.07,1.31,0.06,0.42,83.0,29.0,1530.0,2.85
2839,2014.0,0.34,0.07,0.27,0.04,83.0,56.0,169.0,0.72
2430,2007.0,0.12,0.62,0.0,0.11,73.0,22.0,25.0,0.85
3812,2011.0,0.23,0.2,0.01,0.08,83.0,57.0,288.0,0.53
4703,2014.0,0.07,0.26,0.02,0.06,62.0,19.0,28.0,0.41
4069,2015.0,0.17,0.1,0.18,0.03,81.0,70.0,103.0,0.49
4485,2009.0,0.19,0.18,0.0,0.07,43.0,22.0,16.0,0.43
1103,2013.0,1.01,0.5,0.01,0.13,81.0,42.0,325.0,1.66
4741,2001.0,0.2,0.16,0.0,0.05,59.0,7.0,7.0,0.41
4361,2011.0,0.13,0.21,0.07,0.03,79.0,62.0,113.0,0.45
1038,2004.0,1.61,0.03,0.0,0.08,91.0,39.0,26.0,1.72
11446,2005.0,0.0,0.07,0.0,0.01,91.0,55.0,837.0,0.08
4173,2006.0,0.23,0.18,0.0,0.06,69.0,19.0,8.0,0.47
13398,2001.0,0.02,0.02,0.0,0.01,82.0,21.0,25.0,0.05
9378,2008.0,0.07,0.05,0.0,0.02,79.0,23.0,26.0,0.13
653,2011.0,1.44,0.7,0.04,0.22,82.0,73.0,487.0,2.4
9307,2006.0,0.08,0.01,0.03,0.01,68.0,33.0,11.0,0.14
2088,2009.0,0.35,0.52,0.04,0.08,70.0,35.0,20.0,0.99
10032,2007.0,0.0,0.0,0.11,0.0,77.0,30.0,15.0,0.11
8313,2008.0,0.16,0.0,0.0,0.01,79.0,9.0,7.0,0.17
5400,2011.0,0.09,0.07,0.15,0.04,59.0,16.0,26.0,0.34
3395,2002.0,0.21,0.17,0.16,0.06,73.0,19.0,18.0,0.59
7598,2009.0,0.06,0.05,0.07,0.01,75.0,46.0,61.0,0.2
11367,2006.0,0.06,0.02,0.0,0.0,57.0,10.0,4.0,0.08
9635,2002.0,0.09,0.03,0.0,0.0,70.0,21.0,15.0,0.13
3729,2001.0,0.3,0.2,0.0,0.04,80.0,15.0,16.0,0.54
8453,2002.0,0.01,0.0,0.15,0.0,71.0,12.0,21.0,0.17
3198,2011.0,0.4,0.23,0.0,0.0,70.0,22.0,81.0,0.63
7257,2008.0,0.19,0.01,0.0,0.02,82.0,11.0,13.0,0.22
4809,2013.0,0.01,0.36,0.0,0.03,87.0,6.0,441.0,0.4
5719,2013.0,0.1,0.0,0.19,0.02,61.0,33.0,237.0,0.31
1335,1999.0,0.8,0.54,0.0,0.09,77.0,4.0,8.0,1.43
6960,2005.0,0.18,0.05,0.0,0.01,68.0,26.0,10.0,0.23
449,2012.0,0.88,0.94,0.88,0.4,74.0,34.0,1304.0,3.1
5808,2010.0,0.24,0.05,0.0,0.02,58.0,51.0,41.0,0.31
6079,2003.0,0.21,0.06,0.0,0.01,80.0,41.0,9.0,0.29
3571,2009.0,0.4,0.11,0.0,0.05,71.0,50.0,31.0,0.56
5966,2008.0,0.19,0.0,0.08,0.01,69.0,23.0,18.0,0.29
8864,2011.0,0.1,0.04,0.0,0.01,56.0,14.0,9.0,0.15
10588,2008.0,0.06,0.03,0.0,0.01,65.0,12.0,5.0,0.1
10440,2003.0,0.05,0.04,0.0,0.01,70.0,15.0,15.0,0.1
1831,2012.0,0.36,0.23,0.38,0.15,93.0,61.0,1228.0,1.12
7239,2009.0,0.11,0.01,0.0,0.1,69.0,6.0,6.0,0.22
14523,2005.0,0.03,0.0,0.0,0.0,89.0,53.0,455.0,0.03
12307,2013.0,0.0,0.06,0.0,0.01,80.0,17.0,571.0,0.06
11251,2002.0,0.02,0.06,0.0,0.01,89.0,31.0,484.0,0.09
4935,2006.0,0.29,0.06,0.01,0.03,82.0,53.0,102.0,0.39
542,2008.0,1.74,0.77,0.0,0.26,73.0,74.0,389.0,2.77
204,2006.0,1.7,1.99,0.16,1.18,86.0,50.0,150.0,5.03
10290,2016.0,0.03,0.05,0.01,0.02,79.0,42.0,76.0,0.11
7674,2012.0,0.1,0.05,0.0,0.04,58.0,57.0,102.0,0.2
1381,2004.0,0.36,0.44,0.32,0.27,88.0,58.0,65.0,1.4
11356,2006.0,0.06,0.02,0.0,0.0,63.0,30.0,9.0,0.08
7596,2003.0,0.15,0.04,0.0,0.01,82.0,18.0,9.0,0.2
11138,2002.0,0.04,0.01,0.04,0.0,78.0,19.0,10.0,0.09
1779,2003.0,0.44,0.34,0.25,0.11,79.0,33.0,38.0,1.14
11934,2009.0,0.01,0.05,0.0,0.01,37.0,14.0,11.0,0.07
11694,2005.0,0.04,0.03,0.0,0.01,71.0,5.0,7.0,0.08
8121,2003.0,0.13,0.05,0.0,0.0,75.0,5.0,4.0,0.18
5665,2006.0,0.23,0.04,0.02,0.02,82.0,69.0,86.0,0.32
12752,2014.0,0.03,0.02,0.0,0.0,71.0,4.0,9.0,0.06
12411,2011.0,0.0,0.0,0.06,0.0,61.0,8.0,15.0,0.06
7402,2016.0,0.04,0.06,0.08,0.03,77.0,5.0,46.0,0.21
430,2003.0,1.78,1.12,0.09,0.19,62.0,30.0,137.0,3.18
3195,2007.0,0.22,0.34,0.0,0.07,68.0,24.0,21.0,0.63
6735,2009.0,0.1,0.01,0.12,0.02,83.0,33.0,47.0,0.25
11506,2004.0,0.04,0.03,0.0,0.01,58.0,34.0,5.0,0.08
6742,2009.0,0.12,0.09,0.0,0.04,80.0,45.0,40.0,0.25
4159,2009.0,0.19,0.23,0.0,0.05,68.0,22.0,5.0,0.47
7349,2004.0,0.1,0.08,0.0,0.03,65.0,37.0,8.0,0.21
1904,2016.0,0.42,0.58,0.0,0.08,91.0,90.0,594.0,1.08
559,2006.0,1.85,0.64,0.01,0.19,84.0,32.0,41.0,2.69
5602,2003.0,0.25,0.06,0.0,0.01,92.0,33.0,41.0,0.32
797,2015.0,0.96,0.67,0.12,0.34,74.0,58.0,1287.0,2.09
10002,2004.0,0.09,0.02,0.0,0.0,59.0,5.0,6.0,0.11
12936,2004.0,0.04,0.01,0.0,0.0,74.0,21.0,9.0,0.05
2672,2008.0,0.37,0.04,0.0,0.36,66.0,5.0,49.0,0.76
265,2008.0,2.51,1.24,0.11,0.41,89.0,95.0,2423.0,4.27
11754,2002.0,0.06,0.02,0.0,0.0,70.0,11.0,20.0,0.08
2044,2007.0,0.69,0.04,0.22,0.06,80.0,54.0,101.0,1.01
2265,2008.0,0.5,0.32,0.0,0.09,70.0,20.0,7.0,0.91
7877,2013.0,0.07,0.07,0.03,0.01,80.0,19.0,146.0,0.19
887,2008.0,1.17,0.58,0.0,0.18,83.0,19.0,78.0,1.94
5671,2007.0,0.28,0.01,0.0,0.02,63.0,46.0,70.0,0.32
8029,2005.0,0.14,0.04,0.0,0.01,61.0,36.0,4.0,0.18
10035,2005.0,0.06,0.04,0.0,0.01,69.0,12.0,20.0,0.11
1869,2007.0,0.45,0.52,0.01,0.12,73.0,54.0,77.0,1.1
4608,2005.0,0.39,0.0,0.0,0.03,80.0,18.0,13.0,0.42
12630,2014.0,0.0,0.0,0.06,0.0,68.0,16.0,36.0,0.06
6150,2011.0,0.1,0.14,0.01,0.03,69.0,64.0,29.0,0.28
7315,2002.0,0.03,0.02,0.15,0.01,66.0,28.0,7.0,0.21
91,2005.0,2.9,2.81,0.24,1.73,88.0,65.0,451.0,7.69
6987,2011.0,0.11,0.09,0.01,0.02,70.0,37.0,12.0,0.23
16396,2016.0,0.0,0.01,0.0,0.0,53.0,15.0,63.0,0.01
10113,2009.0,0.1,0.0,0.0,0.01,51.0,10.0,5.0,0.11
5324,2003.0,0.17,0.13,0.0,0.04,83.0,29.0,17.0,0.35
1836,2003.0,0.85,0.23,0.0,0.04,74.0,38.0,51.0,1.11
7880,2006.0,0.15,0.04,0.0,0.01,67.0,13.0,11.0,0.19
1695,2006.0,0.99,0.04,0.0,0.16,75.0,46.0,113.0,1.19
3620,2011.0,0.39,0.08,0.02,0.06,84.0,58.0,208.0,0.55
12026,2004.0,0.05,0.02,0.0,0.0,71.0,20.0,5.0,0.07
12876,2002.0,0.03,0.02,0.0,0.01,72.0,24.0,6.0,0.05
7287,2008.0,0.12,0.0,0.08,0.01,63.0,12.0,34.0,0.22
2424,2006.0,0.12,0.51,0.0,0.23,76.0,46.0,14.0,0.86
15709,2007.0,0.01,0.0,0.0,0.0,84.0,32.0,19.0,0.02
1784,2011.0,0.47,0.26,0.35,0.07,56.0,36.0,50.0,1.14
2750,2007.0,0.66,0.02,0.0,0.06,63.0,37.0,31.0,0.74
7154,2001.0,0.11,0.04,0.06,0.0,79.0,17.0,9.0,0.22
5413,2005.0,0.24,0.09,0.0,0.01,47.0,9.0,4.0,0.34
12468,2003.0,0.03,0.02,0.0,0.01,61.0,11.0,6.0,0.06
2257,2011.0,0.23,0.42,0.18,0.09,60.0,34.0,16.0,0.92
16550,2004.0,0.01,0.0,0.0,0.0,78.0,13.0,4.0,0.01
12322,2008.0,0.06,0.0,0.0,0.0,55.0,23.0,5.0,0.06
7937,2003.0,0.09,0.07,0.0,0.02,59.0,18.0,5.0,0.19
1228,2007.0,0.67,0.43,0.29,0.14,75.0,47.0,122.0,1.52
6060,2010.0,0.06,0.01,0.2,0.01,65.0,18.0,13.0,0.29
2090,2006.0,0.37,0.3,0.12,0.19,75.0,26.0,30.0,0.99
10062,2003.0,0.08,0.03,0.0,0.0,54.0,25.0,8.0,0.11
438,2000.0,1.7,1.25,0.02,0.16,87.0,19.0,107.0,3.13
8719,2001.0,0.08,0.06,0.0,0.02,36.0,6.0,15.0,0.15
2628,2008.0,0.61,0.11,0.0,0.06,68.0,10.0,32.0,0.78
11188,2014.0,0.0,0.08,0.0,0.0,65.0,49.0,822.0,0.09
7817,2001.0,0.09,0.07,0.0,0.02,83.0,26.0,29.0,0.19
9445,2005.0,0.12,0.0,0.0,0.01,54.0,26.0,22.0,0.13
2525,2012.0,0.57,0.18,0.0,0.06,86.0,43.0,45.0,0.81
11341,2005.0,0.07,0.0,0.0,0.01,77.0,36.0,13.0,0.08
3186,2014.0,0.15,0.44,0.0,0.04,80.0,17.0,1064.0,0.63
9241,2002.0,0.03,0.01,0.09,0.0,58.0,13.0,8.0,0.14
7663,2012.0,0.07,0.09,0.0,0.03,49.0,34.0,61.0,0.2
5390,2008.0,0.25,0.05,0.0,0.04,54.0,4.0,13.0,0.34
14234,2004.0,0.02,0.01,0.0,0.0,48.0,9.0,7.0,0.03
7969,2011.0,0.05,0.11,0.0,0.03,66.0,21.0,289.0,0.19
13985,2013.0,0.02,0.01,0.0,0.0,49.0,7.0,4.0,0.04
5288,2003.0,0.25,0.09,0.0,0.01,39.0,13.0,11.0,0.35
408,2009.0,1.4,0.91,0.74,0.26,87.0,75.0,228.0,3.31
7703,2005.0,0.1,0.07,0.0,0.03,51.0,26.0,9.0,0.2
1112,2008.0,1.21,0.3,0.0,0.14,56.0,24.0,18.0,1.65
8812,2003.0,0.11,0.03,0.0,0.01,89.0,22.0,14.0,0.15
10481,2003.0,0.07,0.03,0.0,0.0,78.0,15.0,23.0,0.1
8652,2010.0,0.1,0.05,0.0,0.01,61.0,34.0,7.0,0.16
8765,2005.0,0.07,0.06,0.0,0.02,70.0,43.0,17.0,0.15
3916,2004.0,0.18,0.0,0.3,0.02,62.0,26.0,24.0,0.51
162,2001.0,3.14,1.24,0.91,0.2,84.0,19.0,41.0,5.49
10127,2010.0,0.09,0.01,0.0,0.01,75.0,25.0,31.0,0.11
3137,2009.0,0.44,0.14,0.0,0.06,72.0,21.0,22.0,0.64
9171,2002.0,0.07,0.05,0.0,0.02,71.0,17.0,11.0,0.14
12430,2012.0,0.01,0.02,0.02,0.01,83.0,8.0,51.0,0.06
7432,2008.0,0.1,0.08,0.0,0.03,69.0,4.0,16.0,0.21
1393,2013.0,0.97,0.3,0.0,0.11,81.0,63.0,362.0,1.38
10890,2004.0,0.05,0.04,0.0,0.01,70.0,20.0,18.0,0.09
14121,2008.0,0.0,0.03,0.0,0.01,75.0,47.0,478.0,0.04
1323,2011.0,1.02,0.32,0.0,0.11,59.0,14.0,11.0,1.45
3769,2014.0,0.35,0.13,0.0,0.05,69.0,18.0,49.0,0.53
3851,2006.0,0.25,0.19,0.02,0.06,82.0,43.0,96.0,0.52
12359,2008.0,0.06,0.0,0.0,0.0,78.0,20.0,30.0,0.06
413,2015.0,2.61,0.33,0.0,0.34,82.0,74.0,563.0,3.28
7039,2015.0,0.13,0.08,0.0,0.02,79.0,37.0,734.0,0.23
5973,2005.0,0.02,0.23,0.0,0.04,82.0,19.0,525.0,0.29
616,2008.0,1.11,0.85,0.29,0.25,50.0,23.0,16.0,2.5
3976,2008.0,0.45,0.01,0.0,0.04,59.0,29.0,9.0,0.5
5494,2010.0,0.26,0.04,0.0,0.03,60.0,4.0,9.0,0.33
2107,2013.0,0.64,0.26,0.0,0.08,78.0,68.0,694.0,0.98
4073,2007.0,0.4,0.02,0.0,0.07,56.0,18.0,9.0,0.48
3715,2005.0,0.29,0.08,0.16,0.01,85.0,42.0,141.0,0.54
13484,2004.0,0.03,0.01,0.0,0.0,35.0,11.0,9.0,0.05
8233,2009.0,0.06,0.09,0.0,0.02,72.0,54.0,60.0,0.17
12730,2006.0,0.05,0.0,0.0,0.01,73.0,41.0,9.0,0.06
4224,2005.0,0.33,0.12,0.0,0.01,76.0,6.0,6.0,0.46
10677,2002.0,0.07,0.02,0.0,0.0,28.0,13.0,8.0,0.1
4295,2006.0,0.38,0.01,0.0,0.06,66.0,22.0,15.0,0.45
7753,2002.0,0.09,0.07,0.0,0.02,57.0,16.0,4.0,0.19
13253,2001.0,0.02,0.02,0.0,0.01,49.0,8.0,9.0,0.05
10570,2005.0,0.08,0.02,0.0,0.0,62.0,24.0,8.0,0.1
2314,2009.0,0.42,0.34,0.0,0.14,86.0,53.0,49.0,0.9
12034,2006.0,0.06,0.0,0.0,0.01,32.0,11.0,10.0,0.07
5579,2012.0,0.22,0.08,0.0,0.02,68.0,38.0,269.0,0.32
5424,2008.0,0.14,0.01,0.16,0.02,75.0,37.0,26.0,0.34
9003,2012.0,0.12,0.01,0.0,0.01,59.0,9.0,13.0,0.14
3560,2001.0,0.28,0.22,0.0,0.07,78.0,18.0,8.0,0.56
3044,2002.0,0.32,0.25,0.0,0.08,74.0,13.0,27.0,0.66
1464,2008.0,0.76,0.35,0.05,0.18,84.0,50.0,203.0,1.34
10568,2013.0,0.09,0.0,0.0,0.01,71.0,17.0,39.0,0.1
13632,2013.0,0.0,0.04,0.0,0.0,43.0,4.0,4.0,0.04
2308,2003.0,0.41,0.43,0.01,0.05,73.0,28.0,34.0,0.9
9318,2003.0,0.1,0.04,0.0,0.0,66.0,6.0,9.0,0.13
7872,2004.0,0.09,0.07,0.0,0.02,58.0,33.0,24.0,0.19
253,2005.0,2.03,1.79,0.08,0.47,82.0,36.0,137.0,4.37
15871,2008.0,0.0,0.01,0.0,0.0,76.0,30.0,61.0,0.02
9408,2004.0,0.09,0.04,0.0,0.0,55.0,12.0,5.0,0.13
4923,2002.0,0.19,0.15,0.0,0.05,67.0,18.0,19.0,0.39
6689,2008.0,0.22,0.01,0.0,0.02,63.0,20.0,13.0,0.25
6645,2005.0,0.19,0.05,0.0,0.01,71.0,22.0,14.0,0.25
335,2007.0,1.95,0.86,0.59,0.31,85.0,56.0,417.0,3.71
4736,2014.0,0.15,0.23,0.0,0.03,78.0,18.0,1136.0,0.41
3498,2004.0,0.41,0.15,0.0,0.01,60.0,25.0,12.0,0.57
12070,2009.0,0.0,0.06,0.0,0.01,87.0,33.0,262.0,0.07
5718,2010.0,0.18,0.01,0.1,0.03,58.0,10.0,39.0,0.31
11352,2003.0,0.06,0.02,0.0,0.0,64.0,19.0,21.0,0.08
9336,2002.0,0.1,0.03,0.0,0.0,53.0,20.0,4.0,0.13
11814,2010.0,0.07,0.0,0.0,0.01,47.0,11.0,5.0,0.07
1736,2008.0,0.74,0.26,0.02,0.15,74.0,43.0,118.0,1.17
9565,2003.0,0.1,0.03,0.0,0.0,74.0,20.0,7.0,0.13
1126,2004.0,1.54,0.02,0.0,0.07,92.0,42.0,93.0,1.63
2870,2007.0,0.62,0.04,0.0,0.06,66.0,8.0,5.0,0.71
11437,2014.0,0.0,0.07,0.0,0.0,65.0,5.0,8.0,0.08
5581,2011.0,0.11,0.08,0.1,0.03,72.0,31.0,35.0,0.32
11961,2005.0,0.03,0.03,0.0,0.01,67.0,33.0,44.0,0.07
11517,2011.0,0.0,0.06,0.0,0.02,80.0,52.0,235.0,0.08
1559,2014.0,0.45,0.47,0.17,0.18,75.0,70.0,1311.0,1.27
2153,2004.0,0.88,0.04,0.0,0.04,85.0,28.0,22.0,0.95
7709,2003.0,0.1,0.07,0.0,0.02,57.0,19.0,21.0,0.2
12915,2005.0,0.04,0.01,0.0,0.0,66.0,22.0,4.0,0.05
421,2013.0,0.72,1.67,0.4,0.44,81.0,81.0,758.0,3.23
10264,2003.0,0.05,0.04,0.0,0.01,78.0,18.0,13.0,0.11
10344,2015.0,0.04,0.06,0.0,0.01,85.0,14.0,144.0,0.11
2164,2012.0,0.5,0.27,0.04,0.15,74.0,69.0,540.0,0.95
13186,2005.0,0.0,0.04,0.0,0.01,78.0,34.0,279.0,0.05
1668,2009.0,0.44,0.39,0.21,0.16,87.0,54.0,355.0,1.21
4091,2011.0,0.21,0.19,0.0,0.08,77.0,74.0,155.0,0.48
3069,2007.0,0.22,0.27,0.0,0.16,64.0,7.0,7.0,0.66
4653,2015.0,0.19,0.11,0.09,0.03,46.0,20.0,173.0,0.41
1327,2007.0,0.04,1.08,0.0,0.32,73.0,13.0,8.0,1.44
7121,2002.0,0.11,0.09,0.0,0.03,51.0,21.0,6.0,0.22
9864,2008.0,0.07,0.03,0.0,0.02,72.0,35.0,27.0,0.12
5886,2011.0,0.0,0.0,0.3,0.0,46.0,20.0,14.0,0.3
10430,2009.0,0.0,0.08,0.0,0.02,82.0,32.0,144.0,0.1
223,2000.0,2.36,2.1,0.02,0.25,62.0,14.0,92.0,4.73
5114,2016.0,0.1,0.19,0.02,0.06,84.0,39.0,210.0,0.37
12463,2015.0,0.01,0.01,0.04,0.01,76.0,11.0,33.0,0.06
12456,2014.0,0.02,0.04,0.0,0.0,68.0,7.0,33.0,0.06
11163,2008.0,0.08,0.0,0.0,0.01,39.0,7.0,5.0,0.09
8028,2008.0,0.11,0.01,0.05,0.01,82.0,32.0,35.0,0.18
11471,2008.0,0.07,0.01,0.0,0.01,56.0,7.0,4.0,0.08
6949,2009.0,0.21,0.01,0.0,0.02,66.0,7.0,4.0,0.23
12466,2008.0,0.02,0.03,0.0,0.01,80.0,15.0,61.0,0.06
9388,2004.0,0.1,0.03,0.0,0.0,79.0,12.0,6.0,0.13
15229,2016.0,0.0,0.02,0.0,0.0,31.0,22.0,66.0,0.02
2287,2009.0,0.23,0.46,0.05,0.17,76.0,42.0,53.0,0.91
9339,2002.0,0.1,0.04,0.0,0.0,80.0,16.0,5.0,0.13
446,2006.0,0.9,1.0,1.03,0.17,81.0,12.0,10.0,3.11
2376,2003.0,0.65,0.19,0.0,0.03,88.0,49.0,45.0,0.87
3725,2011.0,0.39,0.1,0.01,0.04,55.0,24.0,52.0,0.54
10895,2007.0,0.06,0.03,0.0,0.01,56.0,29.0,24.0,0.09
14222,2003.0,0.03,0.01,0.0,0.0,79.0,12.0,4.0,0.03
10663,2009.0,0.06,0.03,0.0,0.01,17.0,11.0,37.0,0.1
7324,2006.0,0.19,0.01,0.0,0.02,46.0,21.0,19.0,0.21
5866,2009.0,0.13,0.07,0.07,0.02,69.0,49.0,57.0,0.3
12779,2012.0,0.0,0.04,0.0,0.01,78.0,39.0,123.0,0.06
10927,2003.0,0.05,0.04,0.0,0.01,58.0,10.0,4.0,0.09
5040,2008.0,0.12,0.0,0.0,0.26,56.0,4.0,6.0,0.38
15474,2006.0,0.01,0.01,0.0,0.0,57.0,8.0,7.0,0.02
1998,2005.0,0.53,0.46,0.0,0.05,83.0,32.0,29.0,1.04
103,2009.0,3.48,2.99,0.0,0.73,49.0,21.0,110.0,7.2
4108,2009.0,0.2,0.21,0.0,0.07,72.0,54.0,118.0,0.48
6441,2008.0,0.09,0.01,0.15,0.01,76.0,24.0,37.0,0.26
42,2014.0,3.96,6.31,0.38,1.97,97.0,66.0,2899.0,12.61
7954,2011.0,0.1,0.04,0.03,0.01,68.0,40.0,45.0,0.19
5384,2004.0,0.22,0.11,0.0,0.01,70.0,28.0,10.0,0.34
4900,2010.0,0.23,0.12,0.0,0.04,63.0,68.0,201.0,0.39
8084,2013.0,0.04,0.01,0.12,0.01,48.0,19.0,56.0,0.18
6315,2004.0,0.01,0.22,0.0,0.04,81.0,39.0,346.0,0.27
9297,2009.0,0.11,0.01,0.0,0.01,47.0,16.0,4.0,0.14
2291,2015.0,0.44,0.39,0.0,0.08,71.0,24.0,186.0,0.9
1939,2009.0,0.28,0.49,0.03,0.27,90.0,77.0,146.0,1.06
9154,2002.0,0.11,0.03,0.0,0.0,79.0,10.0,22.0,0.14
7839,2014.0,0.07,0.1,0.0,0.01,85.0,48.0,1739.0,0.19
9986,2002.0,0.05,0.04,0.02,0.01,81.0,11.0,10.0,0.12
12185,2002.0,0.03,0.03,0.0,0.01,73.0,19.0,6.0,0.07
1701,2007.0,0.45,0.47,0.0,0.28,68.0,11.0,15.0,1.19
8770,2012.0,0.07,0.07,0.0,0.01,85.0,36.0,153.0,0.15
2631,2008.0,0.49,0.19,0.01,0.09,85.0,39.0,87.0,0.78
8422,2015.0,0.0,0.0,0.17,0.0,57.0,25.0,15.0,0.17
874,2012.0,1.12,0.6,0.07,0.16,67.0,71.0,1407.0,1.95
4449,2005.0,0.36,0.01,0.0,0.06,75.0,24.0,33.0,0.44
3276,2002.0,0.46,0.13,0.0,0.02,72.0,25.0,12.0,0.61
4749,2005.0,0.34,0.01,0.0,0.06,69.0,29.0,36.0,0.41
7098,2004.0,0.11,0.09,0.0,0.03,39.0,10.0,6.0,0.23
12859,2006.0,0.0,0.05,0.0,0.01,63.0,39.0,519.0,0.06
2161,2008.0,0.54,0.32,0.0,0.09,60.0,50.0,238.0,0.95
234,2007.0,3.04,1.11,0.0,0.43,86.0,36.0,87.0,4.6
1912,2007.0,0.24,0.54,0.0,0.3,59.0,7.0,15.0,1.07
13774,2003.0,0.02,0.02,0.0,0.0,84.0,25.0,119.0,0.04
2641,2013.0,0.36,0.34,0.0,0.07,48.0,47.0,449.0,0.77
2723,2011.0,0.26,0.19,0.27,0.04,60.0,18.0,27.0,0.75
15142,2009.0,0.0,0.02,0.0,0.0,76.0,50.0,183.0,0.02
6962,2008.0,0.09,0.0,0.13,0.01,63.0,20.0,18.0,0.23
5543,2008.0,0.19,0.11,0.0,0.03,45.0,33.0,33.0,0.33
15822,2001.0,0.01,0.01,0.0,0.0,64.0,5.0,71.0,0.02
717,2006.0,1.05,0.91,0.04,0.24,74.0,53.0,72.0,2.24
6026,2007.0,0.22,0.04,0.01,0.02,77.0,43.0,20.0,0.29
5611,2006.0,0.21,0.01,0.08,0.02,58.0,30.0,24.0,0.32
2923,2004.0,0.34,0.27,0.0,0.09,65.0,30.0,62.0,0.7
8972,2011.0,0.0,0.0,0.15,0.0,66.0,19.0,39.0,0.15
149,2013.0,2.41,2.18,0.28,0.99,95.0,98.0,8003.0,5.87
14799,2001.0,0.0,0.02,0.0,0.0,74.0,16.0,60.0,0.03
14604,2010.0,0.03,0.0,0.0,0.0,59.0,14.0,162.0,0.03
3962,2007.0,0.36,0.02,0.07,0.04,63.0,31.0,24.0,0.5
8462,2009.0,0.13,0.02,0.0,0.01,61.0,28.0,19.0,0.16
5933,2010.0,0.19,0.0,0.09,0.01,85.0,30.0,81.0,0.29
3132,2004.0,0.32,0.25,0.0,0.08,60.0,16.0,44.0,0.64
1400,2013.0,0.83,0.43,0.0,0.13,60.0,77.0,1409.0,1.38
1385,2002.0,0.03,1.05,0.02,0.3,86.0,25.0,24.0,1.4
7249,2006.0,0.11,0.08,0.0,0.03,60.0,7.0,9.0,0.22
13417,2010.0,0.04,0.0,0.0,0.0,48.0,7.0,4.0,0.05
8965,2004.0,0.13,0.0,0.0,0.01,74.0,27.0,25.0,0.15
3452,2011.0,0.22,0.24,0.04,0.08,70.0,51.0,181.0,0.58
3597,2009.0,0.28,0.22,0.0,0.06,72.0,66.0,128.0,0.56
1814,2012.0,0.33,0.37,0.37,0.06,73.0,51.0,209.0,1.13
6490,2007.0,0.21,0.02,0.0,0.02,73.0,55.0,40.0,0.26
5793,2012.0,0.08,0.2,0.0,0.03,82.0,33.0,77.0,0.31
688,2012.0,0.96,1.07,0.0,0.27,90.0,69.0,2954.0,2.31
4586,2004.0,0.35,0.01,0.0,0.06,47.0,4.0,13.0,0.42
4225,2002.0,0.2,0.15,0.06,0.05,83.0,30.0,14.0,0.46
3322,2003.0,0.43,0.16,0.0,0.01,86.0,9.0,9.0,0.6
6734,2009.0,0.19,0.04,0.0,0.02,53.0,8.0,10.0,0.25
16427,2016.0,0.0,0.01,0.0,0.0,72.0,16.0,20.0,0.01
8645,2006.0,0.01,0.02,0.12,0.0,74.0,22.0,27.0,0.16
6420,2012.0,0.12,0.1,0.0,0.04,40.0,9.0,31.0,0.26
15672,2009.0,0.02,0.0,0.0,0.0,63.0,9.0,8.0,0.02
13696,2015.0,0.03,0.0,0.0,0.0,45.0,7.0,37.0,0.04
558,2011.0,2.42,0.11,0.0,0.16,78.0,55.0,94.0,2.69
2162,2003.0,0.74,0.19,0.0,0.03,71.0,10.0,34.0,0.95
9106,2007.0,0.13,0.0,0.0,0.01,19.0,4.0,7.0,0.14
10413,2006.0,0.1,0.0,0.0,0.01,50.0,17.0,6.0,0.1
9182,2004.0,0.1,0.03,0.0,0.0,63.0,22.0,6.0,0.14
6486,2009.0,0.24,0.0,0.0,0.02,61.0,5.0,10.0,0.26
1167,2006.0,0.78,0.37,0.3,0.13,53.0,34.0,106.0,1.58
1532,2014.0,0.46,0.56,0.06,0.2,72.0,53.0,292.0,1.29
16170,2015.0,0.0,0.01,0.0,0.0,65.0,14.0,90.0,0.01
1564,2011.0,0.74,0.4,0.0,0.12,71.0,52.0,89.0,1.27
11457,2004.0,0.0,0.0,0.08,0.0,70.0,7.0,6.0,0.08
10177,2009.0,0.05,0.04,0.0,0.01,56.0,4.0,4.0,0.11
3988,2004.0,0.11,0.08,0.28,0.03,68.0,37.0,46.0,0.5
8096,2009.0,0.08,0.01,0.07,0.01,84.0,41.0,38.0,0.18
12051,2004.0,0.03,0.03,0.0,0.01,75.0,27.0,6.0,0.07
9947,2014.0,0.02,0.09,0.0,0.01,75.0,51.0,351.0,0.12
10369,2001.0,0.06,0.04,0.0,0.01,64.0,4.0,16.0,0.11
8360,2009.0,0.12,0.03,0.0,0.01,63.0,31.0,7.0,0.17
11194,2005.0,0.04,0.03,0.0,0.01,78.0,12.0,17.0,0.09
320,2010.0,2.13,1.12,0.1,0.5,76.0,64.0,104.0,3.84
5001,2003.0,0.29,0.08,0.0,0.01,92.0,27.0,45.0,0.38
13560,2015.0,0.0,0.04,0.0,0.0,76.0,12.0,286.0,0.04
4027,2007.0,0.43,0.03,0.0,0.04,57.0,37.0,54.0,0.49
16459,2004.0,0.01,0.0,0.0,0.0,69.0,12.0,9.0,0.01
4941,2005.0,0.29,0.08,0.0,0.01,84.0,40.0,35.0,0.39
11762,2015.0,0.0,0.05,0.02,0.01,64.0,10.0,12.0,0.07
16196,2003.0,0.01,0.0,0.0,0.0,45.0,9.0,8.0,0.01
575,2009.0,0.69,1.4,0.04,0.52,84.0,55.0,113.0,2.65
10317,2015.0,0.05,0.05,0.0,0.01,62.0,10.0,40.0,0.11
10811,2011.0,0.07,0.02,0.0,0.01,58.0,16.0,28.0,0.1
9842,2010.0,0.08,0.02,0.0,0.02,74.0,33.0,25.0,0.12
792,2009.0,1.2,0.6,0.0,0.29,83.0,58.0,427.0,2.09
581,2004.0,2.15,0.12,0.0,0.36,90.0,37.0,84.0,2.62
12737,2006.0,0.04,0.01,0.0,0.0,64.0,8.0,7.0,0.06
9334,2004.0,0.07,0.05,0.0,0.02,48.0,20.0,13.0,0.13
6974,2012.0,0.0,0.0,0.23,0.0,81.0,10.0,90.0,0.23
5644,2008.0,0.26,0.03,0.0,0.03,70.0,5.0,4.0,0.32
2777,2013.0,0.67,0.0,0.0,0.07,87.0,36.0,114.0,0.74
12081,2005.0,0.06,0.0,0.0,0.0,35.0,6.0,11.0,0.07
1508,2006.0,1.07,0.04,0.02,0.17,63.0,12.0,39.0,1.3
3333,2013.0,0.26,0.19,0.07,0.09,62.0,25.0,140.0,0.6
12702,2006.0,0.03,0.02,0.0,0.01,44.0,8.0,41.0,0.06
117,2008.0,4.15,1.9,0.06,0.64,93.0,90.0,2739.0,6.75
5296,2003.0,0.17,0.13,0.0,0.04,65.0,28.0,48.0,0.35
9308,2011.0,0.04,0.07,0.0,0.02,76.0,49.0,729.0,0.14
3493,2005.0,0.53,0.0,0.0,0.04,63.0,32.0,16.0,0.57
2467,2004.0,0.41,0.32,0.0,0.11,86.0,14.0,10.0,0.84
8867,2006.0,0.11,0.03,0.0,0.01,51.0,29.0,9.0,0.15
12848,2004.0,0.04,0.01,0.0,0.0,59.0,22.0,7.0,0.06
5026,2009.0,0.0,0.32,0.0,0.06,82.0,32.0,132.0,0.38
3807,2006.0,0.38,0.01,0.1,0.04,76.0,56.0,56.0,0.53
1940,2008.0,0.66,0.3,0.0,0.1,65.0,20.0,21.0,1.06
556,2011.0,1.52,0.92,0.02,0.24,89.0,83.0,893.0,2.7
11310,2003.0,0.06,0.02,0.0,0.0,72.0,32.0,5.0,0.08
2655,2011.0,0.53,0.18,0.0,0.06,70.0,36.0,15.0,0.77
11234,2009.0,0.05,0.03,0.0,0.01,30.0,21.0,33.0,0.09
8930,2010.0,0.09,0.0,0.04,0.01,80.0,25.0,57.0,0.15
3727,2011.0,0.4,0.07,0.03,0.03,67.0,50.0,140.0,0.54
5630,2015.0,0.09,0.04,0.15,0.04,76.0,51.0,83.0,0.32
1812,2014.0,0.34,0.57,0.04,0.17,79.0,50.0,795.0,1.13
3123,2016.0,0.03,0.58,0.0,0.04,64.0,5.0,20.0,0.65
7689,2006.0,0.14,0.02,0.02,0.02,58.0,40.0,36.0,0.2
9470,2011.0,0.03,0.07,0.01,0.02,66.0,27.0,25.0,0.13
4299,2008.0,0.13,0.27,0.0,0.05,70.0,12.0,20.0,0.45
3836,2002.0,0.39,0.11,0.0,0.02,90.0,14.0,15.0,0.52
8242,2003.0,0.13,0.03,0.0,0.0,61.0,17.0,8.0,0.17
3171,2005.0,0.53,0.02,0.0,0.09,82.0,44.0,41.0,0.63
4171,2012.0,0.21,0.18,0.0,0.08,59.0,36.0,24.0,0.47
14583,2005.0,0.0,0.03,0.0,0.0,79.0,39.0,89.0,0.03
12125,1999.0,0.04,0.03,0.0,0.0,57.0,9.0,10.0,0.07
9553,2009.0,0.09,0.02,0.0,0.01,51.0,38.0,21.0,0.13
8836,2014.0,0.0,0.0,0.15,0.0,78.0,26.0,84.0,0.15
5252,2005.0,0.3,0.01,0.02,0.03,81.0,45.0,45.0,0.35
3931,2005.0,0.22,0.17,0.05,0.06,78.0,30.0,5.0,0.51
3873,2009.0,0.26,0.2,0.0,0.05,70.0,10.0,4.0,0.52
13918,2007.0,0.03,0.0,0.0,0.0,72.0,27.0,25.0,0.04
4920,2009.0,0.18,0.17,0.0,0.04,43.0,37.0,19.0,0.39
7941,2003.0,0.09,0.07,0.0,0.02,79.0,50.0,21.0,0.19
4998,2004.0,0.19,0.15,0.0,0.05,70.0,30.0,16.0,0.38
4404,2007.0,0.36,0.04,0.0,0.04,73.0,36.0,17.0,0.44
14480,2014.0,0.03,0.0,0.0,0.0,64.0,15.0,59.0,0.03
7140,2006.0,0.2,0.01,0.0,0.02,72.0,13.0,5.0,0.22
10740,2007.0,0.05,0.04,0.0,0.01,62.0,26.0,7.0,0.1
1890,2009.0,0.82,0.17,0.01,0.09,84.0,70.0,72.0,1.09
10115,2007.0,0.1,0.0,0.0,0.01,37.0,7.0,12.0,0.11
12749,2004.0,0.03,0.02,0.0,0.01,59.0,21.0,10.0,0.06
2642,2008.0,0.12,0.56,0.0,0.1,71.0,43.0,34.0,0.77
14848,2003.0,0.02,0.01,0.0,0.0,75.0,18.0,9.0,0.03
200,2007.0,1.85,1.8,0.95,0.48,90.0,57.0,416.0,5.08
6084,2003.0,0.08,0.03,0.17,0.01,76.0,29.0,24.0,0.29
3880,2008.0,0.21,0.21,0.0,0.09,76.0,23.0,18.0,0.51
6338,2011.0,0.25,0.0,0.0,0.02,62.0,16.0,15.0,0.27
326,2007.0,1.05,1.91,0.41,0.42,68.0,33.0,39.0,3.79
4442,2009.0,0.25,0.14,0.0,0.04,65.0,5.0,6.0,0.44
3443,2011.0,0.54,0.0,0.0,0.04,90.0,30.0,87.0,0.58
1373,2004.0,0.69,0.54,0.0,0.18,87.0,19.0,15.0,1.41
4517,2010.0,0.21,0.06,0.13,0.02,82.0,48.0,53.0,0.43
4365,2013.0,0.23,0.14,0.0,0.08,61.0,27.0,221.0,0.45
105,2015.0,2.53,3.27,0.24,1.13,87.0,58.0,4228.0,7.16
6583,2003.0,0.19,0.05,0.0,0.01,77.0,31.0,4.0,0.25
7362,2005.0,0.1,0.08,0.0,0.03,63.0,22.0,13.0,0.21
12677,2015.0,0.05,0.0,0.0,0.01,60.0,14.0,50.0,0.06
1967,2006.0,0.81,0.11,0.0,0.13,81.0,31.0,36.0,1.05
12935,2002.0,0.04,0.01,0.0,0.0,76.0,12.0,8.0,0.05
13149,2004.0,0.04,0.01,0.0,0.0,64.0,37.0,4.0,0.05
1013,2007.0,0.35,1.06,0.02,0.31,81.0,28.0,47.0,1.75
15781,2006.0,0.0,0.01,0.0,0.0,82.0,31.0,244.0,0.02
14062,2011.0,0.0,0.03,0.0,0.01,84.0,55.0,667.0,0.04
2399,2009.0,0.48,0.29,0.01,0.09,85.0,84.0,237.0,0.87
4010,2008.0,0.09,0.06,0.32,0.03,54.0,22.0,28.0,0.49
5262,2013.0,0.21,0.12,0.0,0.03,77.0,28.0,26.0,0.35
3408,2010.0,0.13,0.22,0.01,0.23,77.0,8.0,82.0,0.59
3212,2013.0,0.17,0.39,0.0,0.07,76.0,47.0,1223.0,0.63
3030,2007.0,0.22,0.01,0.42,0.02,77.0,41.0,25.0,0.66
10172,2010.0,0.07,0.03,0.0,0.01,28.0,6.0,6.0,0.11
496,2007.0,1.83,0.79,0.03,0.27,91.0,74.0,1692.0,2.91
11391,2012.0,0.0,0.07,0.0,0.01,80.0,8.0,182.0,0.08
3830,2002.0,0.18,0.14,0.16,0.05,87.0,17.0,126.0,0.52
4693,2016.0,0.22,0.15,0.0,0.04,79.0,33.0,1188.0,0.41
5325,2003.0,0.17,0.13,0.0,0.04,81.0,28.0,17.0,0.35
8538,2014.0,0.08,0.07,0.0,0.01,51.0,17.0,130.0,0.16
13287,2004.0,0.01,0.03,0.0,0.01,86.0,51.0,295.0,0.05
1792,2003.0,0.71,0.38,0.0,0.05,84.0,31.0,31.0,1.14
10564,2006.0,0.08,0.02,0.0,0.0,53.0,38.0,7.0,0.1
6138,2007.0,0.25,0.01,0.0,0.02,57.0,28.0,7.0,0.28
12643,2005.0,0.05,0.0,0.0,0.0,58.0,10.0,5.0,0.06
2280,2013.0,0.7,0.11,0.0,0.09,86.0,15.0,183.0,0.91
9628,2003.0,0.1,0.03,0.0,0.0,83.0,15.0,12.0,0.13
6776,2006.0,0.2,0.03,0.0,0.02,78.0,46.0,80.0,0.24
7752,2004.0,0.14,0.04,0.0,0.01,74.0,37.0,19.0,0.19
758,2016.0,1.29,0.68,0.0,0.2,80.0,33.0,614.0,2.16
8766,2011.0,0.0,0.13,0.0,0.03,86.0,23.0,433.0,0.15
15347,2007.0,0.0,0.02,0.0,0.0,81.0,27.0,220.0,0.02
8751,2013.0,0.09,0.05,0.0,0.01,65.0,21.0,35.0,0.15
762,2008.0,1.26,0.67,0.02,0.21,66.0,30.0,136.0,2.16
5627,2010.0,0.12,0.13,0.0,0.08,49.0,11.0,32.0,0.32
12132,2007.0,0.06,0.0,0.0,0.0,19.0,5.0,28.0,0.07
8303,2006.0,0.15,0.0,0.0,0.01,75.0,52.0,25.0,0.17
13724,2010.0,0.04,0.0,0.0,0.0,70.0,10.0,7.0,0.04
1676,2011.0,0.12,0.74,0.11,0.24,82.0,36.0,55.0,1.2
12133,2013.0,0.0,0.06,0.0,0.0,80.0,34.0,171.0,0.07
4459,2002.0,0.21,0.17,0.0,0.06,73.0,15.0,5.0,0.44
11112,2001.0,0.04,0.03,0.0,0.01,53.0,9.0,5.0,0.09
1740,2011.0,0.52,0.46,0.0,0.19,76.0,36.0,34.0,1.16
4954,2008.0,0.07,0.24,0.0,0.08,65.0,21.0,9.0,0.39
10129,2005.0,0.1,0.0,0.0,0.01,58.0,25.0,18.0,0.11
10252,2005.0,0.07,0.02,0.02,0.01,69.0,33.0,21.0,0.11
2030,2010.0,0.25,0.65,0.0,0.12,48.0,6.0,4.0,1.02
9995,2001.0,0.08,0.03,0.0,0.0,77.0,12.0,4.0,0.11
2736,2005.0,0.69,0.0,0.0,0.06,75.0,23.0,16.0,0.75
1928,2009.0,0.6,0.36,0.0,0.11,88.0,44.0,57.0,1.07
3627,2002.0,0.4,0.13,0.0,0.02,68.0,33.0,15.0,0.55
16233,2012.0,0.0,0.01,0.0,0.0,83.0,22.0,101.0,0.01
4616,2010.0,0.23,0.15,0.0,0.04,59.0,11.0,4.0,0.42
877,2003.0,1.69,0.2,0.0,0.06,90.0,31.0,70.0,1.95
4154,2000.0,0.05,0.04,0.38,0.01,75.0,15.0,10.0,0.47
424,2015.0,1.18,0.89,0.94,0.2,88.0,85.0,691.0,3.21
12435,2005.0,0.03,0.02,0.0,0.01,68.0,34.0,14.0,0.06
10926,2016.0,0.05,0.02,0.0,0.02,44.0,49.0,163.0,0.09
3805,2005.0,0.44,0.02,0.0,0.07,84.0,52.0,72.0,0.53
10263,2005.0,0.08,0.02,0.0,0.0,39.0,20.0,8.0,0.11
132,2002.0,3.64,1.2,1.49,0.07,85.0,46.0,597.0,6.4
4667,2007.0,0.34,0.01,0.0,0.06,70.0,12.0,48.0,0.41
8973,2002.0,0.07,0.06,0.0,0.02,54.0,14.0,17.0,0.15
10493,2008.0,0.05,0.0,0.04,0.01,73.0,17.0,18.0,0.1
780,2011.0,1.62,0.26,0.05,0.18,90.0,38.0,127.0,2.11
15684,2008.0,0.0,0.01,0.0,0.0,50.0,23.0,104.0,0.02
12393,2008.0,0.06,0.0,0.0,0.0,65.0,11.0,19.0,0.06
5460,2001.0,0.12,0.1,0.08,0.03,91.0,18.0,72.0,0.33
12082,2005.0,0.05,0.01,0.0,0.0,73.0,24.0,15.0,0.07
5238,2001.0,0.17,0.14,0.0,0.05,45.0,23.0,10.0,0.36
15815,2006.0,0.02,0.0,0.0,0.0,62.0,20.0,11.0,0.02
10534,2008.0,0.08,0.01,0.0,0.01,68.0,34.0,13.0,0.1
4979,2007.0,0.35,0.0,0.0,0.03,77.0,13.0,28.0,0.38
5006,2006.0,0.14,0.04,0.16,0.03,83.0,67.0,89.0,0.38
3920,2009.0,0.36,0.08,0.02,0.04,56.0,29.0,33.0,0.51
16076,2004.0,0.0,0.01,0.0,0.0,75.0,51.0,106.0,0.02
15862,2015.0,0.0,0.02,0.0,0.0,77.0,12.0,11.0,0.02
2622,2010.0,0.51,0.09,0.13,0.05,79.0,63.0,86.0,0.78
11861,2004.0,0.04,0.03,0.0,0.01,64.0,25.0,6.0,0.07
14650,2014.0,0.0,0.03,0.0,0.0,73.0,36.0,583.0,0.03
3392,2010.0,0.4,0.12,0.0,0.07,88.0,38.0,54.0,0.59
9180,2016.0,0.06,0.07,0.0,0.01,49.0,12.0,106.0,0.14
11291,2011.0,0.02,0.05,0.0,0.01,72.0,27.0,80.0,0.08
16677,2002.0,0.01,0.0,0.0,0.0,81.0,12.0,9.0,0.01
16314,2008.0,0.0,0.01,0.0,0.0,77.0,17.0,70.0,0.01
2913,2008.0,0.34,0.18,0.12,0.06,68.0,60.0,158.0,0.7
4524,2006.0,0.07,0.05,0.29,0.02,57.0,27.0,11.0,0.43
1987,2012.0,0.31,0.49,0.05,0.19,83.0,40.0,645.0,1.04
13488,2007.0,0.04,0.01,0.0,0.0,39.0,16.0,15.0,0.05
9700,2002.0,0.06,0.05,0.0,0.02,49.0,14.0,4.0,0.12
16588,2012.0,0.01,0.0,0.0,0.0,78.0,13.0,121.0,0.01
9929,2005.0,0.1,0.01,0.0,0.01,64.0,16.0,14.0,0.12
7341,2002.0,0.16,0.05,0.0,0.01,76.0,20.0,6.0,0.21
3717,2007.0,0.26,0.04,0.22,0.03,78.0,57.0,102.0,0.54
6428,2016.0,0.07,0.16,0.0,0.04,73.0,28.0,79.0,0.26
5275,2007.0,0.07,0.24,0.0,0.04,81.0,25.0,22.0,0.35
2373,2010.0,0.44,0.35,0.0,0.08,75.0,49.0,45.0,0.88
1725,2011.0,0.53,0.45,0.02,0.17,72.0,28.0,80.0,1.17
1549,2005.0,1.22,0.05,0.0,0.0,76.0,31.0,71.0,1.27
1611,2009.0,0.65,0.4,0.0,0.19,79.0,53.0,308.0,1.24
8107,2007.0,0.13,0.04,0.0,0.01,63.0,32.0,8.0,0.18
15962,2008.0,0.0,0.01,0.0,0.0,58.0,6.0,17.0,0.02
3559,2003.0,0.4,0.15,0.0,0.01,77.0,13.0,11.0,0.56
7429,2002.0,0.1,0.08,0.0,0.03,81.0,25.0,49.0,0.21
15632,2006.0,0.01,0.0,0.0,0.0,72.0,34.0,9.0,0.02
8869,2001.0,0.07,0.06,0.0,0.02,52.0,12.0,5.0,0.15
4742,2011.0,0.16,0.18,0.0,0.07,75.0,51.0,36.0,0.41
9487,2006.0,0.12,0.0,0.0,0.01,48.0,11.0,17.0,0.13
3234,2004.0,0.3,0.24,0.0,0.08,71.0,31.0,10.0,0.62
2879,2004.0,0.35,0.27,0.0,0.09,49.0,6.0,5.0,0.71
8149,2011.0,0.16,0.0,0.0,0.01,82.0,11.0,18.0,0.18
1523,2011.0,0.46,0.56,0.06,0.21,85.0,54.0,406.0,1.29
6180,2004.0,0.21,0.06,0.0,0.01,80.0,18.0,4.0,0.28
4145,2012.0,0.31,0.1,0.03,0.04,83.0,45.0,177.0,0.47
10604,2004.0,0.07,0.03,0.0,0.0,33.0,11.0,6.0,0.1
3240,2003.0,0.38,0.1,0.12,0.02,93.0,52.0,115.0,0.62
14688,2011.0,0.03,0.0,0.0,0.0,73.0,11.0,17.0,0.03
15596,2000.0,0.01,0.01,0.0,0.0,78.0,5.0,5.0,0.02
4642,2007.0,0.2,0.16,0.0,0.05,54.0,10.0,10.0,0.42
9266,2006.0,0.12,0.0,0.0,0.01,46.0,11.0,16.0,0.14
8114,2007.0,0.16,0.01,0.0,0.01,52.0,35.0,24.0,0.18
3130,2013.0,0.22,0.38,0.0,0.05,84.0,10.0,1470.0,0.64
867,2004.0,0.5,0.5,0.63,0.33,81.0,57.0,34.0,1.96
4313,2008.0,0.3,0.11,0.0,0.04,69.0,54.0,26.0,0.45
9623,2007.0,0.1,0.01,0.0,0.01,37.0,33.0,40.0,0.13
7345,2005.0,0.16,0.05,0.0,0.01,83.0,32.0,26.0,0.21
8750,2011.0,0.05,0.09,0.0,0.02,56.0,8.0,12.0,0.15
15,2009.0,9.01,8.49,2.53,1.77,80.0,33.0,52.0,21.79
8701,2009.0,0.14,0.0,0.0,0.01,60.0,4.0,4.0,0.16
